date,weather,observers,plot.code,burn,severity,tree.num,species,decay.class,cavity.YES_NO,dbh.cm,cavity.type,opening.direction,cavity.size.class,cavity.ht1,cavity.ht2,cavity.ht.avg
6/20/2016,Cloudy,SN,DU14,D,FU,1,PP,L,NA,8.1,NA,NA,NA,NA,NA,NA
6/20/2016,Cloudy,SN,DU14,D,FU,2,PP,L,A,40.9,NA,NA,NA,NA,NA,NA
6/20/2016,Cloudy,SN,DU14,D,FU,3,PP,L,NA,2.7,NA,NA,NA,NA,NA,NA
6/20/2016,Cloudy,SN,DU14,D,FU,4,PP,L,A,29.8,NA,NA,NA,NA,NA,NA
6/20/2016,Cloudy,SN,DU14,D,FU,5,PP,L,A,19.6,NA,NA,NA,NA,NA,NA
6/20/2016,Cloudy,SN,DU14,D,FU,6,PP,2,P,35.7,E,N, 1/1,6,5.4,5.7
6/20/2016,Cloudy,SN,DU14,D,FU,6,PP,2,P,35.7,E,NE, 1/1,6.2,6,6.1
6/20/2016,Cloudy,SN,DU14,D,FU,6,PP,2,P,35.7,E,S, 1/1,5.2,5.2,5.2
6/20/2016,Cloudy,SN,DU14,D,FU,7,PP,L,A,49.9,NA,NA,NA,NA,NA,NA
6/20/2016,Cloudy,SN,DU14,D,FU,8,PP,L,NA,3.8,NA,NA,NA,NA,NA,NA
6/20/2016,Cloudy,SN,DU14,D,FU,9,PP,L,NA,4.5,NA,NA,NA,NA,NA,NA
6/20/2016,Cloudy,SN,DU14,D,FU,10,PP,L,A,35,NA,NA,NA,NA,NA,NA
6/20/2016,Cloudy,SN,DU14,D,FU,11,PP,L,A,32.4,NA,NA,NA,NA,NA,NA
6/20/2016,Cloudy,SN,DU14,D,FU,12,PP,L,A,27.8,NA,NA,NA,NA,NA,NA
6/20/2016,Cloudy,SN,DU14,D,FU,13,PP,L,A,36,NA,NA,NA,NA,NA,NA
6/20/2016,Cloudy,SN,DU14,D,FU,14,PP,L,A,45.5,NA,NA,NA,NA,NA,NA
6/20/2016,Cloudy,SN,DU14,D,FU,15,PP,L,NA,3,NA,NA,NA,NA,NA,NA
6/20/2016,Cloudy,SN,DU14,D,FU,16,PP,L,A,32.7,NA,NA,NA,NA,NA,NA
6/20/2016,Cloudy,SN,DU14,D,FU,17,PP,L,A,39.4,NA,NA,NA,NA,NA,NA
6/20/2016,Cloudy,SN,DU14,D,FU,18,PP,L,NA,9.3,NA,NA,NA,NA,NA,NA
6/20/2016,Cloudy,SN,DU14,D,FU,19,PP,L,A,39.8,NA,NA,NA,NA,NA,NA
6/20/2016,Cloudy,SN,DU14,D,FU,20,PP,L,NA,9,NA,NA,NA,NA,NA,NA
6/20/2016,Cloudy,SN,DU11,D,FU,1,PP,L,A,24.4,NA,NA,NA,NA,NA,NA
6/20/2016,Cloudy,SN,DU11,D,FU,2,PP,L,A,19.7,NA,NA,NA,NA,NA,NA
6/20/2016,Cloudy,SN,DU11,D,FU,3,PP,L,A,35,NA,NA,NA,NA,NA,NA
6/20/2016,Cloudy,SN,DU11,D,FU,4,PP,L,A,46.7,NA,NA,NA,NA,NA,NA
6/20/2016,Cloudy,SN,DU11,D,FU,5,PP,L,A,32.5,NA,NA,NA,NA,NA,NA
6/20/2016,Cloudy,SN,DU11,D,FU,6,PP,L,A,29.3,NA,NA,NA,NA,NA,NA
6/20/2016,Cloudy,SN,DU11,D,FU,7,PP,L,A,32.5,NA,NA,NA,NA,NA,NA
6/20/2016,Cloudy,SN,DU11,D,FU,8,PP,L,A,31.4,NA,NA,NA,NA,NA,NA
6/20/2016,Cloudy,SN,DU11,D,FU,9,PP,L,A,24.8,NA,NA,NA,NA,NA,NA
6/20/2016,Cloudy,SN,DU11,D,FU,10,FRPE,L,NA,5,NA,NA,NA,NA,NA,NA
6/20/2016,Cloudy,SN,DU11,D,FU,11,PP,L,A,40.5,NA,NA,NA,NA,NA,NA
6/20/2016,Cloudy,SN,DU11,D,FU,12,PP,L,A,41,NA,NA,NA,NA,NA,NA
6/20/2016,Cloudy,SN,DU11,D,FU,13,FRPE,L,NA,6.2,NA,NA,NA,NA,NA,NA
6/20/2016,Cloudy,SN,DU11,D,FU,14,PP,L,A,25.5,NA,NA,NA,NA,NA,NA
6/20/2016,Cloudy,SN,DU11,D,FU,15,PP,L,A,31.8,NA,NA,NA,NA,NA,NA
6/20/2016,Cloudy,SN,DU11,D,FU,16,PP,L,A,34.9,NA,NA,NA,NA,NA,NA
6/20/2016,Cloudy,SN,DU11,D,FU,17,PP,L,A,38,NA,NA,NA,NA,NA,NA
6/20/2016,Cloudy,SN,DU11,D,FU,18,FRPE,L,NA,8.1,NA,NA,NA,NA,NA,NA
6/20/2016,Cloudy,SN,DU11,D,FU,19,PP,L,A,44.1,NA,NA,NA,NA,NA,NA
6/20/2016,Cloudy,SN,DU11,D,FU,20,FRPE,L,NA,9.1,NA,NA,NA,NA,NA,NA
6/20/2016,Cloudy,SN,DU11,D,FU,21,FRPE,L,A,10.1,NA,NA,NA,NA,NA,NA
6/20/2016,Cloudy,SN,DU11,D,FU,22,PP,L,A,30.3,NA,NA,NA,NA,NA,NA
6/20/2016,Cloudy,SN,DU11,D,FU,23,PP,L,A,35.4,NA,NA,NA,NA,NA,NA
6/20/2016,Cloudy,SN,DU11,D,FU,24,PP,L,A,24.4,NA,NA,NA,NA,NA,NA
6/20/2016,Cloudy,SN,DU11,D,FU,25,PP,L,NA,1.5,NA,NA,NA,NA,NA,NA
6/20/2016,Cloudy,SN,DU11,D,FU,26,PP,L,A,10.7,NA,NA,NA,NA,NA,NA
6/20/2016,Cloudy,SN,DU11,D,FU,27,PP,L,NA,5,NA,NA,NA,NA,NA,NA
6/20/2016,Cloudy,SN,DU11,D,FU,28,PP,L,NA,5.2,NA,NA,NA,NA,NA,NA
6/20/2016,Cloudy,SN,DU11,D,FU,29,PRVI,L,NA,2.2,NA,NA,NA,NA,NA,NA
6/20/2016,Cloudy,SN,DU11,D,FU,30,PRVI,L,NA,2.3,NA,NA,NA,NA,NA,NA
6/20/2016,Cloudy,SN,DU11,D,FU,31,PP,L,NA,6.5,NA,NA,NA,NA,NA,NA
6/20/2016,Cloudy,SN,DU11,D,FU,32,PRVI,L,NA,2,NA,NA,NA,NA,NA,NA
6/20/2016,Cloudy,SN,DU11,D,FU,33,PRVI,L,NA,1,NA,NA,NA,NA,NA,NA
6/20/2016,Cloudy,SN,DU11,D,FU,34,PRVI,L,NA,0.7,NA,NA,NA,NA,NA,NA
6/20/2016,Cloudy,SN,DU11,D,FU,35,FRPE,L,NA,2.3,NA,NA,NA,NA,NA,NA
6/20/2016,Cloudy,SN,DU11,D,FU,36,PP,L,A,38.9,NA,NA,NA,NA,NA,NA
6/20/2016,Cloudy,SN,DU11,D,FU,37,PP,L,NA,4.8,NA,NA,NA,NA,NA,NA
6/20/2016,Cloudy,SN,DU11,D,FU,38,PP,L,NA,2.8,NA,NA,NA,NA,NA,NA
6/20/2016,Cloudy,SN,DU11,D,FU,39,PP,L,A,29.7,NA,NA,NA,NA,NA,NA
6/20/2016,Cloudy,SN,DU11,D,FU,40,PP,L,NA,5,NA,NA,NA,NA,NA,NA
6/20/2016,Cloudy,SN,DU11,D,FU,41,PP,L,NA,4,NA,NA,NA,NA,NA,NA
6/20/2016,Cloudy,SN,DU11,D,FU,42,PP,L,A,39.6,NA,NA,NA,NA,NA,NA
6/20/2016,Cloudy,SN,DU11,D,FU,43,PP,L,A,37.9,NA,NA,NA,NA,NA,NA
6/20/2016,Cloudy,SN,DU11,D,FU,44,PP,L,A,21,NA,NA,NA,NA,NA,NA
6/20/2016,Cloudy,SN,DU11,D,FU,45,PP,L,A,46.7,NA,NA,NA,NA,NA,NA
6/20/2016,Cloudy,SN,DU11,D,FU,46,PP,L,NA,4,NA,NA,NA,NA,NA,NA
6/20/2016,Cloudy,SN,DU11,D,FU,47,PP,L,NA,2.4,NA,NA,NA,NA,NA,NA
6/20/2016,Cloudy,SN,DU11,D,FU,48,PP,L,NA,4.5,NA,NA,NA,NA,NA,NA
6/20/2016,Cloudy,SN,DU11,D,FU,49,PP,L,NA,3.7,NA,NA,NA,NA,NA,NA
6/20/2016,Cloudy,SN,DU11,D,FU,50,PP,L,NA,3.1,NA,NA,NA,NA,NA,NA
6/20/2016,Cloudy,SN,DU11,D,FU,51,PP,L,NA,2.8,NA,NA,NA,NA,NA,NA
6/20/2016,Cloudy,SN,DU11,D,FU,52,PP,L,NA,3.3,NA,NA,NA,NA,NA,NA
6/20/2016,Cloudy,SN,DU11,D,FU,53,PP,L,NA,3.3,NA,NA,NA,NA,NA,NA
6/20/2016,Cloudy,SN,DU11,D,FU,54,PP,L,NA,2.1,NA,NA,NA,NA,NA,NA
6/20/2016,Cloudy,SN,DU11,D,FU,55,PP,L,A,37.8,NA,NA,NA,NA,NA,NA
6/20/2016,Cloudy,SN,DU11,D,FU,56,PP,L,NA,3.4,NA,NA,NA,NA,NA,NA
6/20/2016,Cloudy,SN,DU11,D,FU,57,PP,L,A,43.3,NA,NA,NA,NA,NA,NA
6/20/2016,Cloudy,SN,DU11,D,FU,58,PP,L,A,40.4,NA,NA,NA,NA,NA,NA
6/20/2016,Cloudy,SN,DU11,D,FU,59,PP,2,A,31.6,NA,NA,NA,NA,NA,NA
6/20/2016,Cloudy,SN,DU11,D,FU,60,PP,L,NA,4.2,NA,NA,NA,NA,NA,NA
6/20/2016,Cloudy,SN,DU11,D,FU,61,PP,L,NA,3.3,NA,NA,NA,NA,NA,NA
6/20/2016,Cloudy,SN,DU11,D,FU,62,PP,L,NA,1.8,NA,NA,NA,NA,NA,NA
6/20/2016,Cloudy,SN,DU11,D,FU,63,PP,1,NA,1.9,NA,NA,NA,NA,NA,NA
6/20/2016,Cloudy,SN,DU11,D,FU,64,PP,L,NA,4.8,NA,NA,NA,NA,NA,NA
6/20/2016,Cloudy,SN,DU11,D,FU,65,PP,L,NA,2.2,NA,NA,NA,NA,NA,NA
6/20/2016,Cloudy,SN,DU11,D,FU,66,PP,L,NA,8,NA,NA,NA,NA,NA,NA
6/20/2016,Cloudy,SN,DU11,D,FU,67,PP,L,NA,8.2,NA,NA,NA,NA,NA,NA
6/20/2016,Cloudy,SN,DU11,D,FU,68,PP,L,NA,9.3,NA,NA,NA,NA,NA,NA
6/20/2016,Cloudy,SN,DU11,D,FU,69,PP,1,A,19.3,NA,NA,NA,NA,NA,NA
6/20/2016,Cloudy,SN,DU11,D,FU,70,PP,L,A,19.8,NA,NA,NA,NA,NA,NA
6/20/2016,Sunny,SN,DU8,D,FU,1,PP,L,A,24.4,NA,NA,NA,NA,NA,NA
6/20/2016,Sunny,SN,DU8,D,FU,2,PP,L,A,26.8,NA,NA,NA,NA,NA,NA
6/20/2016,Sunny,SN,DU8,D,FU,3,PP,L,A,19.3,NA,NA,NA,NA,NA,NA
6/20/2016,Sunny,SN,DU8,D,FU,4,PP,L,A,23.5,NA,NA,NA,NA,NA,NA
6/20/2016,Sunny,SN,DU8,D,FU,5,PP,L,NA,2,NA,NA,NA,NA,NA,NA
6/20/2016,Sunny,SN,DU8,D,FU,6,PP,L,A,35.5,NA,NA,NA,NA,NA,NA
6/20/2016,Sunny,SN,DU8,D,FU,7,PP,L,A,22,NA,NA,NA,NA,NA,NA
6/20/2016,Sunny,SN,DU8,D,FU,8,PP,L,A,14.5,NA,NA,NA,NA,NA,NA
6/20/2016,Sunny,SN,DU8,D,FU,9,PP,L,NA,2.5,NA,NA,NA,NA,NA,NA
6/20/2016,Sunny,SN,DU8,D,FU,10,PP,L,NA,1.8,NA,NA,NA,NA,NA,NA
6/20/2016,Sunny,SN,DU8,D,FU,11,PP,L,NA,2.7,NA,NA,NA,NA,NA,NA
6/20/2016,Sunny,SN,DU8,D,FU,12,PP,L,NA,3,NA,NA,NA,NA,NA,NA
6/20/2016,Sunny,SN,DU8,D,FU,13,PP,L,NA,2.7,NA,NA,NA,NA,NA,NA
6/20/2016,Sunny,SN,DU8,D,FU,14,PP,L,NA,3,NA,NA,NA,NA,NA,NA
6/20/2016,Sunny,SN,DU8,D,FU,15,PP,L,NA,2.1,NA,NA,NA,NA,NA,NA
6/20/2016,Sunny,SN,DU8,D,FU,16,PP,L,NA,1.2,NA,NA,NA,NA,NA,NA
6/20/2016,Sunny,SN,DU8,D,FU,17,PP,L,NA,2,NA,NA,NA,NA,NA,NA
6/20/2016,Sunny,SN,DU8,D,FU,18,PP,L,A,37.7,NA,NA,NA,NA,NA,NA
6/20/2016,Sunny,SN,DU8,D,FU,19,PP,L,A,30.7,NA,NA,NA,NA,NA,NA
6/20/2016,Sunny,SN,DU8,D,FU,20,PP,L,A,19.5,NA,NA,NA,NA,NA,NA
6/20/2016,Sunny,SN,DU8,D,FU,21,PP,L,NA,1.9,NA,NA,NA,NA,NA,NA
6/20/2016,Sunny,SN,DU8,D,FU,22,PP,L,NA,1.9,NA,NA,NA,NA,NA,NA
6/20/2016,Sunny,SN,DU8,D,FU,23,PP,L,NA,1.7,NA,NA,NA,NA,NA,NA
6/20/2016,Sunny,SN,DU8,D,FU,24,PP,L,NA,1.5,NA,NA,NA,NA,NA,NA
6/20/2016,Sunny,SN,DU8,D,FU,25,PP,L,NA,2.4,NA,NA,NA,NA,NA,NA
6/20/2016,Sunny,SN,DU8,D,FU,26,PP,L,NA,2,NA,NA,NA,NA,NA,NA
6/20/2016,Sunny,SN,DU8,D,FU,27,PP,L,NA,2.5,NA,NA,NA,NA,NA,NA
6/20/2016,Sunny,SN,DU8,D,FU,28,PP,L,NA,2.3,NA,NA,NA,NA,NA,NA
6/20/2016,Sunny,SN,DU8,D,FU,29,PP,L,NA,2.8,NA,NA,NA,NA,NA,NA
6/20/2016,Sunny,SN,DU8,D,FU,30,PP,L,NA,2.1,NA,NA,NA,NA,NA,NA
6/20/2016,Sunny,SN,DU8,D,FU,31,PP,L,NA,2,NA,NA,NA,NA,NA,NA
6/20/2016,Sunny,SN,DU8,D,FU,32,PP,L,NA,3,NA,NA,NA,NA,NA,NA
6/20/2016,Sunny,SN,DU8,D,FU,33,PP,L,NA,2.3,NA,NA,NA,NA,NA,NA
6/20/2016,Sunny,SN,DU8,D,FU,34,PP,L,NA,1.8,NA,NA,NA,NA,NA,NA
6/20/2016,Sunny,SN,DU8,D,FU,35,PP,L,A,26.6,NA,NA,NA,NA,NA,NA
6/20/2016,Sunny,SN,DU8,D,FU,36,PP,L,A,19.2,NA,NA,NA,NA,NA,NA
6/20/2016,Sunny,SN,DU8,D,FU,37,PP,L,NA,1.7,NA,NA,NA,NA,NA,NA
6/20/2016,Sunny,SN,DU8,D,FU,38,PP,L,NA,2,NA,NA,NA,NA,NA,NA
6/20/2016,Sunny,SN,DU8,D,FU,39,PP,L,NA,2.2,NA,NA,NA,NA,NA,NA
6/20/2016,Sunny,SN,DU8,D,FU,40,PP,L,NA,1.9,NA,NA,NA,NA,NA,NA
6/20/2016,Sunny,SN,DU8,D,FU,41,PP,L,NA,1.6,NA,NA,NA,NA,NA,NA
6/20/2016,Sunny,SN,DU8,D,FU,42,PP,L,NA,3.4,NA,NA,NA,NA,NA,NA
6/20/2016,Sunny,SN,DU8,D,FU,43,PP,L,NA,2.2,NA,NA,NA,NA,NA,NA
6/20/2016,Sunny,SN,DU8,D,FU,44,PP,L,NA,1.8,NA,NA,NA,NA,NA,NA
6/20/2016,Sunny,SN,DU8,D,FU,45,PP,L,A,24.5,NA,NA,NA,NA,NA,NA
6/20/2016,Sunny,SN,DU8,D,FU,46,PP,L,NA,1.7,NA,NA,NA,NA,NA,NA
6/20/2016,Sunny,SN,DU8,D,FU,47,PP,L,NA,1.7,NA,NA,NA,NA,NA,NA
6/20/2016,Sunny,SN,DU8,D,FU,48,PP,L,NA,2.2,NA,NA,NA,NA,NA,NA
6/20/2016,Sunny,SN,DU8,D,FU,49,PP,L,NA,2,NA,NA,NA,NA,NA,NA
6/20/2016,Sunny,SN,DU8,D,FU,50,PP,L,NA,1.3,NA,NA,NA,NA,NA,NA
6/20/2016,Sunny,SN,DU8,D,FU,51,PP,L,NA,1.8,NA,NA,NA,NA,NA,NA
6/20/2016,Sunny,SN,DU8,D,FU,52,PP,L,NA,1.6,NA,NA,NA,NA,NA,NA
6/20/2016,Sunny,SN,DU8,D,FU,53,PP,L,NA,2.3,NA,NA,NA,NA,NA,NA
6/20/2016,Sunny,SN,DU8,D,FU,54,PP,L,A,48.2,NA,NA,NA,NA,NA,NA
6/20/2016,Sunny,SN,DU8,D,FU,55,PP,L,NA,1.3,NA,NA,NA,NA,NA,NA
6/20/2016,Sunny,SN,DU8,D,FU,56,PP,L,NA,2,NA,NA,NA,NA,NA,NA
6/20/2016,Sunny,SN,DU8,D,FU,57,PP,L,NA,1.3,NA,NA,NA,NA,NA,NA
6/20/2016,Sunny,SN,DU8,D,FU,58,PP,L,NA,2.3,NA,NA,NA,NA,NA,NA
6/20/2016,Sunny,SN,DU8,D,FU,59,PP,L,NA,2.9,NA,NA,NA,NA,NA,NA
6/20/2016,Sunny,SN,DU8,D,FU,60,PP,L,NA,3.1,NA,NA,NA,NA,NA,NA
6/20/2016,Sunny,SN,DU8,D,FU,61,PP,L,NA,4.1,NA,NA,NA,NA,NA,NA
6/20/2016,Sunny,SN,DU8,D,FU,62,PP,L,NA,2.2,NA,NA,NA,NA,NA,NA
6/20/2016,Sunny,SN,DU8,D,FU,63,PP,L,NA,4.5,NA,NA,NA,NA,NA,NA
6/20/2016,Sunny,SN,DU8,D,FU,64,PP,L,NA,2.5,NA,NA,NA,NA,NA,NA
6/20/2016,Sunny,SN,DU8,D,FU,65,PP,L,NA,3.2,NA,NA,NA,NA,NA,NA
6/20/2016,Sunny,SN,DU8,D,FU,66,PP,L,NA,1,NA,NA,NA,NA,NA,NA
6/20/2016,Sunny,SN,DU8,D,FU,67,PP,L,NA,2.2,NA,NA,NA,NA,NA,NA
6/20/2016,Sunny,SN,DU8,D,FU,68,PP,L,NA,4.3,NA,NA,NA,NA,NA,NA
6/20/2016,Sunny,SN,DU8,D,FU,69,PP,L,NA,3.3,NA,NA,NA,NA,NA,NA
6/20/2016,Sunny,SN,DU8,D,FU,70,PP,L,NA,4.1,NA,NA,NA,NA,NA,NA
6/20/2016,Sunny,SN,DU8,D,FU,71,PP,L,NA,3.6,NA,NA,NA,NA,NA,NA
6/20/2016,Sunny,SN,DU8,D,FU,72,PP,L,NA,3.1,NA,NA,NA,NA,NA,NA
6/20/2016,Sunny,SN,DU8,D,FU,73,PP,L,NA,3,NA,NA,NA,NA,NA,NA
6/20/2016,Sunny,SN,DU8,D,FU,74,PP,L,NA,3.5,NA,NA,NA,NA,NA,NA
6/20/2016,Sunny,SN,DU8,D,FU,75,PP,L,NA,2.2,NA,NA,NA,NA,NA,NA
6/20/2016,Sunny,SN,DU8,D,FU,76,PP,L,NA,1.5,NA,NA,NA,NA,NA,NA
6/20/2016,Sunny,SN,DU8,D,FU,77,PP,L,A,25.3,NA,NA,NA,NA,NA,NA
6/20/2016,Sunny,SN,DU8,D,FU,78,PP,L,NA,8.5,NA,NA,NA,NA,NA,NA
6/20/2016,Sunny,SN,DU8,D,FU,79,PP,L,A,28.3,NA,NA,NA,NA,NA,NA
6/20/2016,Sunny,SN,DU8,D,FU,80,PP,1,NA,7.8,NA,NA,NA,NA,NA,NA
6/20/2016,Sunny,SN,DU8,D,FU,81,PP,L,A,27.1,NA,NA,NA,NA,NA,NA
6/20/2016,Sunny,SN,DU8,D,FU,82,PP,L,A,27.8,NA,NA,NA,NA,NA,NA
6/20/2016,Sunny,SN,DU8,D,FU,83,PP,L,A,30.3,NA,NA,NA,NA,NA,NA
6/20/2016,Sunny,SN,DU8,D,FU,84,PP,L,NA,2.7,NA,NA,NA,NA,NA,NA
6/20/2016,Sunny,SN,DU8,D,FU,85,PP,L,NA,3,NA,NA,NA,NA,NA,NA
6/20/2016,Sunny,SN,DU8,D,FU,86,PP,L,NA,2.5,NA,NA,NA,NA,NA,NA
6/20/2016,Sunny,SN,DU8,D,FU,87,PP,L,NA,3.1,NA,NA,NA,NA,NA,NA
6/20/2016,Sunny,SN,DU8,D,FU,88,PP,L,NA,3.2,NA,NA,NA,NA,NA,NA
6/20/2016,Sunny,SN,DU8,D,FU,89,PP,L,NA,1.7,NA,NA,NA,NA,NA,NA
6/20/2016,Sunny,SN,DU8,D,FU,90,PP,L,A,24.2,NA,NA,NA,NA,NA,NA
6/20/2016,Sunny,SN,DU8,D,FU,91,PP,L,A,32.9,NA,NA,NA,NA,NA,NA
6/20/2016,Sunny,SN,DU8,D,FU,92,PP,L,NA,3,NA,NA,NA,NA,NA,NA
6/20/2016,Sunny,SN,DU8,D,FU,93,PP,L,NA,3,NA,NA,NA,NA,NA,NA
6/20/2016,Sunny,SN,DU8,D,FU,94,PP,L,NA,2.5,NA,NA,NA,NA,NA,NA
6/20/2016,Sunny,SN,DU8,D,FU,95,PP,L,NA,2.5,NA,NA,NA,NA,NA,NA
6/20/2016,Sunny,SN,DU8,D,FU,96,PP,L,NA,1.7,NA,NA,NA,NA,NA,NA
6/20/2016,Sunny,SN,DU8,D,FU,97,PP,L,NA,1.8,NA,NA,NA,NA,NA,NA
6/20/2016,Sunny,SN,DU8,D,FU,98,PP,L,NA,1.9,NA,NA,NA,NA,NA,NA
6/20/2016,Sunny,SN,DU8,D,FU,99,PP,L,NA,2.9,NA,NA,NA,NA,NA,NA
6/20/2016,Sunny,SN,DU8,D,FU,100,PP,L,NA,1.9,NA,NA,NA,NA,NA,NA
6/20/2016,Sunny,SN,DU8,D,FU,101,PP,L,NA,2.3,NA,NA,NA,NA,NA,NA
6/20/2016,Sunny,SN,DU8,D,FU,102,PP,L,NA,1.6,NA,NA,NA,NA,NA,NA
6/20/2016,Sunny,SN,DU8,D,FU,103,PP,L,NA,10,NA,NA,NA,NA,NA,NA
6/20/2016,Sunny,SN,DU8,D,FU,104,PP,L,NA,2.7,NA,NA,NA,NA,NA,NA
6/20/2016,Sunny,SN,DU8,D,FU,105,PP,L,NA,2.7,NA,NA,NA,NA,NA,NA
6/20/2016,Sunny,SN,DU8,D,FU,106,PP,L,A,38,NA,NA,NA,NA,NA,NA
6/20/2016,Sunny,SN,DU8,D,FU,107,PP,L,NA,2,NA,NA,NA,NA,NA,NA
6/20/2016,Sunny,SN,DU8,D,FU,108,PP,L,A,19.3,NA,NA,NA,NA,NA,NA
6/20/2016,Sunny,SN,DU8,D,FU,109,PP,L,A,21.5,NA,NA,NA,NA,NA,NA
6/20/2016,Sunny,SN,DU8,D,FU,110,PP,L,A,23.3,NA,NA,NA,NA,NA,NA
6/20/2016,Sunny,SN,DU8,D,FU,111,PP,L,A,11.4,NA,NA,NA,NA,NA,NA
6/20/2016,Sunny,SN,DU8,D,FU,112,PP,L,NA,4.3,NA,NA,NA,NA,NA,NA
6/20/2016,Sunny,SN,DU8,D,FU,113,PP,L,NA,2.2,NA,NA,NA,NA,NA,NA
6/20/2016,Sunny,SN,DU8,D,FU,114,PP,L,NA,1.7,NA,NA,NA,NA,NA,NA
6/20/2016,Sunny,SN,DU8,D,FU,115,PP,L,NA,1.9,NA,NA,NA,NA,NA,NA
6/20/2016,Sunny,SN,DU8,D,FU,116,PP,L,NA,1.7,NA,NA,NA,NA,NA,NA
6/20/2016,Sunny,SN,DU8,D,FU,117,PP,L,NA,1.3,NA,NA,NA,NA,NA,NA
6/20/2016,Sunny,SN,DU8,D,FU,118,PP,L,NA,1.8,NA,NA,NA,NA,NA,NA
6/20/2016,Sunny,SN,DU8,D,FU,119,PP,L,NA,2.7,NA,NA,NA,NA,NA,NA
6/20/2016,Sunny,SN,DU8,D,FU,120,PP,L,NA,2,NA,NA,NA,NA,NA,NA
6/20/2016,Sunny,SN,DU8,D,FU,121,PP,L,NA,2.7,NA,NA,NA,NA,NA,NA
6/20/2016,Sunny,SN,DU8,D,FU,122,PP,L,NA,2.2,NA,NA,NA,NA,NA,NA
6/20/2016,Sunny,SN,DU8,D,FU,123,PP,L,NA,2,NA,NA,NA,NA,NA,NA
6/20/2016,Sunny,SN,DU8,D,FU,124,PP,L,NA,1.7,NA,NA,NA,NA,NA,NA
6/20/2016,Sunny,SN,DU8,D,FU,125,PP,L,NA,1.5,NA,NA,NA,NA,NA,NA
6/20/2016,Sunny,SN,DU8,D,FU,126,PP,L,NA,1.3,NA,NA,NA,NA,NA,NA
6/20/2016,Sunny,SN,DU8,D,FU,127,PP,L,NA,1.4,NA,NA,NA,NA,NA,NA
6/20/2016,Sunny,SN,DU8,D,FU,128,PP,L,A,32,NA,NA,NA,NA,NA,NA
6/20/2016,Sunny,SN,DU8,D,FU,129,PP,L,A,43,NA,NA,NA,NA,NA,NA
6/20/2016,Sunny,SN,DU8,D,FU,130,PP,L,A,16.6,NA,NA,NA,NA,NA,NA
6/20/2016,Sunny,SN,DU8,D,FU,131,PP,L,A,11.3,NA,NA,NA,NA,NA,NA
6/20/2016,Sunny,SN,DU8,D,FU,132,PP,L,NA,2.7,NA,NA,NA,NA,NA,NA
6/20/2016,Sunny,SN,DU8,D,FU,133,PP,L,NA,1.7,NA,NA,NA,NA,NA,NA
6/20/2016,Sunny,SN,DU8,D,FU,134,PP,L,NA,1.9,NA,NA,NA,NA,NA,NA
6/20/2016,Sunny,SN,DU8,D,FU,135,PP,L,NA,1.6,NA,NA,NA,NA,NA,NA
6/20/2016,Sunny,SN,DU8,D,FU,136,PP,L,NA,1.2,NA,NA,NA,NA,NA,NA
6/20/2016,Sunny,SN,DU8,D,FU,137,PP,L,NA,2.1,NA,NA,NA,NA,NA,NA
6/20/2016,Sunny,SN,DU8,D,FU,138,PP,L,NA,1.4,NA,NA,NA,NA,NA,NA
6/20/2016,Sunny,SN,DU8,D,FU,139,PP,L,NA,2.2,NA,NA,NA,NA,NA,NA
6/20/2016,Sunny,SN,DU8,D,FU,140,PP,L,NA,1.9,NA,NA,NA,NA,NA,NA
6/20/2016,Sunny,SN,DU8,D,FU,141,PP,L,NA,3.3,NA,NA,NA,NA,NA,NA
6/20/2016,Sunny,SN,DU8,D,FU,142,PP,L,NA,1.3,NA,NA,NA,NA,NA,NA
6/20/2016,Sunny,SN,DU8,D,FU,143,PP,L,NA,2,NA,NA,NA,NA,NA,NA
6/20/2016,Sunny,SN,DU8,D,FU,144,PP,L,NA,1.7,NA,NA,NA,NA,NA,NA
6/20/2016,Sunny,SN,DU8,D,FU,145,PP,L,NA,1.5,NA,NA,NA,NA,NA,NA
6/20/2016,Sunny,SN,DU8,D,FU,146,PP,L,NA,1.7,NA,NA,NA,NA,NA,NA
6/20/2016,Sunny,SN,DU8,D,FU,147,PP,L,NA,2.7,NA,NA,NA,NA,NA,NA
6/20/2016,Sunny,SN,DU8,D,FU,148,PP,L,NA,1.5,NA,NA,NA,NA,NA,NA
6/20/2016,Sunny,SN,DU8,D,FU,149,PP,L,NA,2.8,NA,NA,NA,NA,NA,NA
6/20/2016,Sunny,SN,DU8,D,FU,150,PP,L,A,16.9,NA,NA,NA,NA,NA,NA
6/20/2016,Sunny,SN,DU8,D,FU,151,PP,L,A,30.5,NA,NA,NA,NA,NA,NA
6/20/2016,Sunny,SN,DU8,D,FU,152,PP,L,A,13.4,NA,NA,NA,NA,NA,NA
6/20/2016,Sunny,SN,DU8,D,FU,153,PP,L,A,13,NA,NA,NA,NA,NA,NA
6/20/2016,Sunny,SN,DU8,D,FU,154,PP,L,A,30.4,NA,NA,NA,NA,NA,NA
6/20/2016,Sunny,SN,DU8,D,FU,155,PP,L,A,20.4,NA,NA,NA,NA,NA,NA
6/20/2016,Sunny,SN,DU8,D,FU,156,PP,L,A,19.5,NA,NA,NA,NA,NA,NA
6/20/2016,Sunny,SN,DU8,D,FU,157,PP,L,A,39.1,NA,NA,NA,NA,NA,NA
6/20/2016,Sunny,SN,DU8,D,FU,158,PP,L,A,14.6,NA,NA,NA,NA,NA,NA
6/20/2016,Sunny,SN,DU8,D,FU,159,PP,L,A,15.4,NA,NA,NA,NA,NA,NA
6/20/2016,Sunny,SN,DU8,D,FU,160,PP,L,A,10.1,NA,NA,NA,NA,NA,NA
6/20/2016,Sunny,SN,DU8,D,FU,161,PP,L,A,22,NA,NA,NA,NA,NA,NA
6/20/2016,Sunny,SN,DU8,D,FU,162,PP,L,NA,2.8,NA,NA,NA,NA,NA,NA
6/20/2016,Sunny,SN,DU8,D,FU,163,PP,L,NA,2.4,NA,NA,NA,NA,NA,NA
6/20/2016,Sunny,SN,DU8,D,FU,164,PP,L,NA,3,NA,NA,NA,NA,NA,NA
6/20/2016,Sunny,SN,DU8,D,FU,165,PP,L,A,27.4,NA,NA,NA,NA,NA,NA
6/20/2016,Sunny,SN,DU8,D,FU,166,PP,L,NA,2.8,NA,NA,NA,NA,NA,NA
6/20/2016,Sunny,SN,DU8,D,FU,167,PP,L,NA,2.5,NA,NA,NA,NA,NA,NA
6/20/2016,Sunny,SN,DU8,D,FU,168,PP,L,NA,1.3,NA,NA,NA,NA,NA,NA
6/20/2016,Sunny,SN,DU8,D,FU,169,PP,L,NA,1.8,NA,NA,NA,NA,NA,NA
6/20/2016,Sunny,SN,DU8,D,FU,170,PP,L,NA,1,NA,NA,NA,NA,NA,NA
6/20/2016,Sunny,SN,DU8,D,FU,171,PP,L,NA,3.1,NA,NA,NA,NA,NA,NA
6/20/2016,Sunny,SN,DU8,D,FU,172,PP,L,NA,2,NA,NA,NA,NA,NA,NA
6/20/2016,Sunny,SN,DU8,D,FU,173,PP,L,NA,1.5,NA,NA,NA,NA,NA,NA
6/20/2016,Sunny,SN,DU8,D,FU,174,PP,L,NA,1.8,NA,NA,NA,NA,NA,NA
6/20/2016,Sunny,SN,DU8,D,FU,175,PP,L,NA,2.5,NA,NA,NA,NA,NA,NA
6/20/2016,Sunny,SN,DU8,D,FU,176,PP,L,NA,2.8,NA,NA,NA,NA,NA,NA
6/20/2016,Sunny,SN,DU8,D,FU,177,PP,L,NA,2,NA,NA,NA,NA,NA,NA
6/20/2016,Sunny,SN,DU8,D,FU,178,PP,L,NA,2.1,NA,NA,NA,NA,NA,NA
6/20/2016,Sunny,SN,DU8,D,FU,179,PP,L,NA,1.8,NA,NA,NA,NA,NA,NA
6/20/2016,Sunny,SN,DU8,D,FU,180,PP,L,NA,2.8,NA,NA,NA,NA,NA,NA
6/20/2016,Sunny,SN,DU8,D,FU,181,PP,L,NA,1.6,NA,NA,NA,NA,NA,NA
6/20/2016,Sunny,SN,DU8,D,FU,182,PP,L,NA,2.1,NA,NA,NA,NA,NA,NA
6/20/2016,Sunny,SN,DU8,D,FU,183,PP,L,NA,2.2,NA,NA,NA,NA,NA,NA
6/20/2016,Sunny,SN,DU8,D,FU,184,PP,L,NA,1.7,NA,NA,NA,NA,NA,NA
6/20/2016,Sunny,SN,DU8,D,FU,185,PP,L,NA,2.5,NA,NA,NA,NA,NA,NA
6/20/2016,Sunny,SN,DU8,D,FU,186,PP,L,NA,1.5,NA,NA,NA,NA,NA,NA
6/20/2016,Sunny,SN,DU8,D,FU,187,PP,L,NA,3,NA,NA,NA,NA,NA,NA
6/20/2016,Sunny,SN,DU8,D,FU,188,PP,L,NA,2.7,NA,NA,NA,NA,NA,NA
6/20/2016,Sunny,SN,DU8,D,FU,189,PP,L,NA,2.2,NA,NA,NA,NA,NA,NA
6/20/2016,Sunny,SN,DU8,D,FU,190,PP,L,NA,2,NA,NA,NA,NA,NA,NA
6/20/2016,Sunny,SN,DU8,D,FU,191,PP,L,NA,2.5,NA,NA,NA,NA,NA,NA
6/20/2016,Sunny,SN,DU8,D,FU,192,PP,L,NA,1.5,NA,NA,NA,NA,NA,NA
6/20/2016,Sunny,SN,DU8,D,FU,193,PP,L,NA,3.1,NA,NA,NA,NA,NA,NA
6/20/2016,Sunny,SN,DU8,D,FU,194,PP,L,NA,1.6,NA,NA,NA,NA,NA,NA
6/20/2016,Sunny,SN,DU8,D,FU,195,PP,L,A,33.9,NA,NA,NA,NA,NA,NA
6/20/2016,Sunny,SN,DU8,D,FU,196,PP,L,A,32.4,NA,NA,NA,NA,NA,NA
6/20/2016,Sunny,SN,DU8,D,FU,197,PP,L,NA,2,NA,NA,NA,NA,NA,NA
6/20/2016,Sunny,SN,DU8,D,FU,198,PP,L,NA,1.4,NA,NA,NA,NA,NA,NA
6/20/2016,Sunny,SN,DU8,D,FU,199,PP,L,NA,1.5,NA,NA,NA,NA,NA,NA
6/20/2016,Sunny,SN,DU8,D,FU,200,PP,L,NA,1.4,NA,NA,NA,NA,NA,NA
6/20/2016,Sunny,SN,DU8,D,FU,201,PP,L,NA,2.2,NA,NA,NA,NA,NA,NA
6/20/2016,Sunny,SN,DU8,D,FU,202,PP,L,NA,2,NA,NA,NA,NA,NA,NA
6/20/2016,Sunny,SN,DU8,D,FU,203,PP,L,NA,2.7,NA,NA,NA,NA,NA,NA
6/20/2016,Sunny,SN,DU8,D,FU,204,PP,L,NA,2.2,NA,NA,NA,NA,NA,NA
6/20/2016,Sunny,SN,DU8,D,FU,205,PP,L,NA,1.5,NA,NA,NA,NA,NA,NA
6/20/2016,Sunny,SN,DU8,D,FU,206,PP,L,NA,1.6,NA,NA,NA,NA,NA,NA
6/20/2016,Sunny,SN,DU8,D,FU,207,PP,L,NA,2.5,NA,NA,NA,NA,NA,NA
6/20/2016,Sunny,SN,DU8,D,FU,208,PP,L,NA,1.6,NA,NA,NA,NA,NA,NA
6/20/2016,Sunny,SN,DU8,D,FU,209,PP,L,NA,1.6,NA,NA,NA,NA,NA,NA
6/20/2016,Sunny,SN,DU8,D,FU,210,PP,L,NA,2.4,NA,NA,NA,NA,NA,NA
6/20/2016,Sunny,SN,DU8,D,FU,211,PP,L,NA,1.7,NA,NA,NA,NA,NA,NA
6/20/2016,Sunny,SN,DU8,D,FU,212,PP,L,A,31.9,NA,NA,NA,NA,NA,NA
6/20/2016,Sunny,SN,DU8,D,FU,213,PP,L,A,39.8,NA,NA,NA,NA,NA,NA
6/20/2016,Sunny,SN,DU8,D,FU,214,PP,L,NA,1.8,NA,NA,NA,NA,NA,NA
6/20/2016,Sunny,SN,DU8,D,FU,215,PP,L,NA,1.7,NA,NA,NA,NA,NA,NA
6/20/2016,Sunny,SN,DU8,D,FU,216,PP,L,NA,1.6,NA,NA,NA,NA,NA,NA
6/20/2016,Sunny,SN,DU8,D,FU,217,PP,L,NA,1.9,NA,NA,NA,NA,NA,NA
6/20/2016,Sunny,SN,DU8,D,FU,218,PP,L,NA,1.6,NA,NA,NA,NA,NA,NA
6/20/2016,Sunny,SN,DU8,D,FU,219,PP,L,NA,2.1,NA,NA,NA,NA,NA,NA
6/20/2016,Sunny,SN,DU8,D,FU,220,PP,L,NA,1.6,NA,NA,NA,NA,NA,NA
6/20/2016,Sunny,SN,DU8,D,FU,221,PP,L,NA,1.5,NA,NA,NA,NA,NA,NA
6/20/2016,Sunny,SN,DU8,D,FU,222,PP,L,A,27.5,NA,NA,NA,NA,NA,NA
6/20/2016,Sunny,SN,DU8,D,FU,223,PP,L,A,24.4,NA,NA,NA,NA,NA,NA
6/20/2016,Sunny,SN,DU8,D,FU,224,PP,2,A,28.4,NA,NA,NA,NA,NA,NA
6/20/2016,Sunny,SN,DU8,D,FU,225,PP,2,NA,1.5,NA,NA,NA,NA,NA,NA
6/20/2016,Sunny,SN,DU8,D,FU,226,PP,2,NA,1.2,NA,NA,NA,NA,NA,NA
6/20/2016,Sunny,SN,DU8,D,FU,227,PP,L,NA,1.9,NA,NA,NA,NA,NA,NA
6/20/2016,Sunny,SN,DU8,D,FU,228,PP,L,NA,1.2,NA,NA,NA,NA,NA,NA
6/20/2016,Sunny,SN,DU8,D,FU,229,PP,L,NA,1.5,NA,NA,NA,NA,NA,NA
6/20/2016,Sunny,SN,DU8,D,FU,230,PP,L,NA,1.6,NA,NA,NA,NA,NA,NA
6/20/2016,Sunny,SN,DU8,D,FU,231,PP,L,NA,1.3,NA,NA,NA,NA,NA,NA
6/20/2016,Sunny,SN,DU8,D,FU,232,PP,L,NA,1.4,NA,NA,NA,NA,NA,NA
6/20/2016,Sunny,SN,DU8,D,FU,233,PP,L,NA,1.5,NA,NA,NA,NA,NA,NA
6/20/2016,Sunny,SN,DU8,D,FU,234,PP,L,A,10.7,NA,NA,NA,NA,NA,NA
6/20/2016,Sunny,SN,DU8,D,FU,235,PP,L,NA,1.5,NA,NA,NA,NA,NA,NA
6/20/2016,Sunny,SN,DU8,D,FU,236,PP,L,A,22.3,NA,NA,NA,NA,NA,NA
6/20/2016,Sunny,SN,DU8,D,FU,237,PP,L,NA,10,NA,NA,NA,NA,NA,NA
6/20/2016,Sunny,SN,DU8,D,FU,238,PP,2,P,33.2,E,S, 1/1,8,8.2,8.1
6/20/2016,Sunny,SN,DU8,D,FU,238,PP,2,P,33.2,E,S, 1/1,8,8.2,8.1
6/20/2016,Sunny,SN,DU8,D,FU,238,PP,2,P,33.2,E,S, 1/1,8,8.2,8.1
6/20/2016,Sunny,SN,DU8,D,FU,238,PP,2,P,33.2,E,S, 1/1,8,8.2,8.1
6/20/2016,Sunny,SN,DU8,D,FU,238,PP,2,P,33.2,E,S, 1/1,8,8.2,8.1
6/20/2016,Sunny,SN,DU8,D,FU,238,PP,2,P,33.2,E,S, 1/1,8,8.2,8.1
6/20/2016,Sunny,SN,DU8,D,FU,238,PP,2,P,33.2,E,S, 1/1,8,8.2,8.1
6/20/2016,Sunny,SN,DU8,D,FU,238,PP,2,P,33.2,E,S, 1/1,8,8.2,8.1
6/20/2016,Sunny,SN,DU8,D,FU,238,PP,2,P,33.2,E,S, 1/1,8,8.2,8.1
6/20/2016,Sunny,SN,DU8,D,FU,238,PP,2,P,33.2,E,S, 1/1,8,8.2,8.1
6/20/2016,Sunny,SN,DU8,D,FU,238,PP,2,P,33.2,E,S, 1/1,8,8.2,8.1
6/20/2016,Sunny,SN,DU8,D,FU,238,PP,2,P,33.2,E,S, 1/1,9,9,9
6/20/2016,Sunny,SN,DU8,D,FU,238,PP,2,P,33.2,E,S, 1/1,9,9,9
6/20/2016,Sunny,SN,DU8,D,FU,238,PP,2,P,33.2,E,S, 1/1,9,9,9
6/20/2016,Sunny,SN,DU8,D,FU,238,PP,2,P,33.2,E,S, 1/1,9,9,9
6/20/2016,Sunny,SN,DU8,D,FU,238,PP,2,P,33.2,E,S, 1/1,9,9,9
6/20/2016,Sunny,SN,DU8,D,FU,238,PP,2,P,33.2,E,S, 1/1,9,9,9
6/20/2016,Sunny,SN,DU8,D,FU,238,PP,2,P,33.2,E,S, 1/1,9,9,9
6/20/2016,Sunny,SN,DU8,D,FU,238,PP,2,P,33.2,E,S, 1/1,9,9,9
6/20/2016,Sunny,SN,DU8,D,FU,238,PP,2,P,33.2,E,S, 1/1,9,9,9
6/20/2016,Sunny,SN,DU8,D,FU,238,PP,2,P,33.2,E,S, 1/1,9,9,9
6/20/2016,Sunny,SN,DU8,D,FU,238,PP,2,P,33.2,E,S, 1/1,9,9,9
6/20/2016,Sunny,SN,DU8,D,FU,238,PP,2,P,33.2,E,S, 1/1,9,9,9
6/20/2016,Sunny,SN,DU8,D,FU,238,PP,2,P,33.2,E,S, 1/1,9,9,9
6/20/2016,Sunny,SN,DU8,D,FU,238,PP,2,P,33.2,E,S, 1/1,9,9,9
6/20/2016,Sunny,SN,DU8,D,FU,238,PP,2,P,33.2,E,S, 1/1,9,9,9
6/20/2016,Sunny,SN,DU8,D,FU,238,PP,2,P,33.2,E,S, 1/1,9,9,9
6/20/2016,Sunny,SN,DU8,D,FU,238,PP,2,P,33.2,E,S, 1/1,9,9,9
6/20/2016,Sunny,SN,DU8,D,FU,238,PP,2,P,33.2,E,S, 1/1,12.8,13,12.9
6/20/2016,Sunny,SN,DU8,D,FU,238,PP,2,P,33.2,E,S, 1/1,12.8,13,12.9
6/20/2016,Sunny,SN,DU8,D,FU,238,PP,2,P,33.2,E,S, 1/1,12.8,13,12.9
6/20/2016,Sunny,SN,DU8,D,FU,238,PP,2,P,33.2,E,S, 1/1,12.8,13,12.9
6/20/2016,Sunny,SN,DU8,D,FU,238,PP,2,P,33.2,E,S, 1/1,12.8,13,12.9
6/20/2016,Sunny,SN,DU8,D,FU,238,PP,2,P,33.2,E,S, 1/1,12.6,13,12.8
6/20/2016,Sunny,SN,DU8,D,FU,238,PP,2,P,33.2,E,S, 1/1,12.6,13,12.8
6/20/2016,Sunny,SN,DU8,D,FU,238,PP,2,P,33.2,E,S, 1/1,9,9,9
6/20/2016,Sunny,SN,DU8,D,FU,238,PP,2,P,33.2,E,S, 1/1,9,9,9
6/20/2016,Sunny,SN,DU8,D,FU,238,PP,2,P,33.2,E,S, 1/1,9,9,9
6/20/2016,Sunny,SN,DU8,D,FU,238,PP,2,P,33.2,E,S, 1/1,9,9,9
6/20/2016,Sunny,SN,DU8,D,FU,238,PP,2,P,33.2,E,S, 1/1,9,9,9
6/21/2016,Sunny,SN,DU7,D,FU,1,PP,L,A,47.4,NA,NA,NA,NA,NA,NA
6/21/2016,Sunny,SN,DU7,D,FU,2,PP,L,A,37.6,NA,NA,NA,NA,NA,NA
6/21/2016,Sunny,SN,DU7,D,FU,3,PP,L,A,39.2,NA,NA,NA,NA,NA,NA
6/21/2016,Sunny,SN,DU7,D,FU,4,PP,L,A,50.3,NA,NA,NA,NA,NA,NA
6/21/2016,Sunny,SN,DU7,D,FU,5,PP,L,A,29.7,NA,NA,NA,NA,NA,NA
6/21/2016,Sunny,SN,DU7,D,FU,6,PP,L,A,50.4,NA,NA,NA,NA,NA,NA
6/21/2016,Sunny,SN,DU7,D,FU,7,PP,L,A,41.1,NA,NA,NA,NA,NA,NA
6/21/2016,Sunny,SN,DU7,D,FU,8,PP,L,A,26.3,NA,NA,NA,NA,NA,NA
6/21/2016,Sunny,SN,DU7,D,FU,9,PP,L,A,30.5,NA,NA,NA,NA,NA,NA
6/21/2016,Sunny,SN,DU7,D,FU,10,PP,L,A,26.4,NA,NA,NA,NA,NA,NA
6/21/2016,Sunny,SN,DU7,D,FU,11,PP,L,A,37,NA,NA,NA,NA,NA,NA
6/21/2016,Sunny,SN,DU7,D,FU,12,PP,L,A,38.8,NA,NA,NA,NA,NA,NA
6/21/2016,Sunny,SN,DU7,D,FU,13,PP,L,A,38.3,NA,NA,NA,NA,NA,NA
6/24/2016,Sunny,SN,DM52,D,FM,1,PP,3,P,50.5,E,E, 1/1,3.4,3.4,3.4
6/24/2016,Sunny,SN,DM52,D,FM,1,PP,3,P,50.5,E,W, 1/1,2,2,2
6/24/2016,Sunny,SN,DM52,D,FM,1,PP,3,P,50.5,E,W, 1/1,2,2,2
6/24/2016,Sunny,SN,DH49,D,FH,1,PP,3,A,29.4,NA,NA,NA,NA,NA,NA
6/24/2016,Sunny,SN,DH49,D,FH,2,PP,5,A,24.9,NA,NA,NA,NA,NA,NA
6/24/2016,Sunny,SN,DH49,D,FH,3,PP,4,A,11.8,NA,NA,NA,NA,NA,NA
6/24/2016,Sunny,SN,DH49,D,FH,4,PP,4,A,23.3,NA,NA,NA,NA,NA,NA
6/24/2016,Sunny,SN,DH49,D,FH,5,PP,4,A,18.2,NA,NA,NA,NA,NA,NA
6/24/2016,Sunny,SN,DH49,D,FH,6,PP,3,A,23.2,NA,NA,NA,NA,NA,NA
6/24/2016,Sunny,SN,DH49,D,FH,7,PP,3,A,33.2,NA,NA,NA,NA,NA,NA
6/24/2016,Sunny,SN,DM45,D,FM,1,PP,3,P,27.2,E,S, 1/1,0.6,0.6,0.6
6/24/2016,Sunny,SN,DM45,D,FM,2,PP,3,A,16.6,NA,NA,NA,NA,NA,NA
6/24/2016,Sunny,SN,DM45,D,FM,3,PP,3,A,24.3,NA,NA,NA,NA,NA,NA
6/24/2016,Sunny,SN,DM45,D,FM,4,PP,5,A,12.2,NA,NA,NA,NA,NA,NA
6/24/2016,Sunny,SN,DL44,D,FL,NA,NA,NA,NA,NA,NA,NA,NA,NA,NA,NA
7/2/2016,Sunny,SN,DH47,D,FH,1,PP,L,NA,4.1,NA,NA,NA,NA,NA,NA
7/2/2016,Sunny,SN,DH47,D,FH,2,PP,L,NA,3.1,NA,NA,NA,NA,NA,NA
7/2/2016,Sunny,SN,DH47,D,FH,3,PP,L,NA,3,NA,NA,NA,NA,NA,NA
7/2/2016,Sunny,SN,DH47,D,FH,4,PP,L,NA,2.5,NA,NA,NA,NA,NA,NA
7/2/2016,Sunny,SN,DH47,D,FH,5,PP,L,NA,2.6,NA,NA,NA,NA,NA,NA
7/2/2016,Sunny,SN,DH47,D,FH,6,PP,L,NA,3,NA,NA,NA,NA,NA,NA
7/2/2016,Sunny,SN,DH47,D,FH,7,PP,L,NA,2.6,NA,NA,NA,NA,NA,NA
7/2/2016,Sunny,SN,DH47,D,FH,8,PP,L,NA,2.8,NA,NA,NA,NA,NA,NA
7/2/2016,Sunny,SN,DH47,D,FH,9,PP,L,NA,3.2,NA,NA,NA,NA,NA,NA
7/2/2016,Sunny,SN,DH47,D,FH,10,PP,L,NA,3.1,NA,NA,NA,NA,NA,NA
7/2/2016,Sunny,SN,DH47,D,FH,11,PP,L,NA,3,NA,NA,NA,NA,NA,NA
7/2/2016,Sunny,SN,DH47,D,FH,12,PP,L,NA,2.7,NA,NA,NA,NA,NA,NA
7/2/2016,Sunny,SN,DH47,D,FH,13,PP,L,NA,2.6,NA,NA,NA,NA,NA,NA
7/2/2016,Sunny,SN,DH47,D,FH,14,PP,L,NA,2.4,NA,NA,NA,NA,NA,NA
7/2/2016,Sunny,SN,DH47,D,FH,15,PP,L,NA,2,NA,NA,NA,NA,NA,NA
7/2/2016,Sunny,SN,DH47,D,FH,16,PP,L,NA,2.7,NA,NA,NA,NA,NA,NA
7/2/2016,Sunny,SN,DH47,D,FH,17,PP,L,NA,2.8,NA,NA,NA,NA,NA,NA
7/2/2016,Sunny,SN,DH47,D,FH,18,PP,L,NA,3,NA,NA,NA,NA,NA,NA
7/2/2016,Sunny,SN,DH47,D,FH,19,PP,L,NA,2.9,NA,NA,NA,NA,NA,NA
7/2/2016,Sunny,SN,DH46,D,FH,1,PP,3,P,32.6,E,E, 2/6,3,3,3
7/2/2016,Sunny,SN,DH46,D,FH,1,PP,3,P,32.6,E,E, 1/3,3.2,3.2,3.2
7/2/2016,Sunny,SN,DH46,D,FH,2,PP,3,NA,9.9,NA,NA,NA,NA,NA,NA
7/2/2016,Sunny,SN,DH46,D,FH,3,PP,3,A,21.5,NA,NA,NA,NA,NA,NA
7/2/2016,Sunny,SN,DH46,D,FH,4,PP,3,A,31.3,NA,NA,NA,NA,NA,NA
7/2/2016,Sunny,SN,DH46,D,FH,5,PP,3,A,15.4,NA,NA,NA,NA,NA,NA
7/2/2016,Sunny,SN,DH46,D,FH,6,PP,3,A,25.3,NA,NA,NA,NA,NA,NA
7/2/2016,Sunny,SN,DH46,D,FH,7,PP,3,A,25,NA,NA,NA,NA,NA,NA
7/2/2016,Sunny,SN,DH46,D,FH,8,PP,3,A,25.4,NA,NA,NA,NA,NA,NA
7/2/2016,Sunny,SN,DM103,D,FM,1,PP,3,P,23.8,E,W, 1/3,9,9,9
7/2/2016,Sunny,SN,DM103,D,FM,2,PP,L,NA,3.4,NA,NA,NA,NA,NA,NA
7/2/2016,Sunny,SN,DM103,D,FM,3,PP,L,NA,3,NA,NA,NA,NA,NA,NA
7/2/2016,Sunny,SN,DM103,D,FM,4,PP,3,A,24.4,NA,NA,NA,NA,NA,NA
7/2/2016,Sunny,SN,DM103,D,FM,5,PP,L,NA,3.2,NA,NA,NA,NA,NA,NA
7/2/2016,Sunny,SN,DM103,D,FM,6,PP,L,NA,2.7,NA,NA,NA,NA,NA,NA
7/2/2016,Sunny,SN,DM103,D,FM,7,PP,L,NA,3,NA,NA,NA,NA,NA,NA
7/2/2016,Sunny,SN,DM103,D,FM,8,PP,L,NA,3.1,NA,NA,NA,NA,NA,NA
7/2/2016,Sunny,SN,DM103,D,FM,9,PP,L,NA,2.7,NA,NA,NA,NA,NA,NA
7/2/2016,Sunny,SN,DM103,D,FM,10,PP,L,NA,2.5,NA,NA,NA,NA,NA,NA
7/2/2016,Sunny,SN,DM48,D,FM,1,PP,5,A,23.7,NA,NA,NA,NA,NA,NA
7/2/2016,Sunny,SN,DM48,D,FM,2,PP,2,P,40.5,E,S, 1/2,2.4,2.4,2.4
7/2/2016,Sunny,SN,DM48,D,FM,2,PP,2,P,40.5,E,S, 1/1,1.8,1.8,1.8
7/2/2016,Sunny,SN,DM48,D,FM,2,PP,2,P,40.5,E,S, 1/1,0.6,0.6,0.6
7/2/2016,Sunny,SN,DM48,D,FM,3,PP,L,NA,2.5,NA,NA,NA,NA,NA,NA
6/22/2016,Sunny,SN,DU15,D,FU,241,PP,L,NA,3.3,NA,NA,NA,NA,NA,NA
6/22/2016,Sunny,SN,DU15,D,FU,242,PP,L,NA,4.2,NA,NA,NA,NA,NA,NA
6/22/2016,Sunny,SN,DU15,D,FU,243,PP,L,NA,1.8,NA,NA,NA,NA,NA,NA
6/22/2016,Sunny,SN,DU15,D,FU,244,PP,L,NA,5.2,NA,NA,NA,NA,NA,NA
6/22/2016,Sunny,SN,DU15,D,FU,245,PP,L,NA,2.2,NA,NA,NA,NA,NA,NA
6/22/2016,Sunny,SN,DU15,D,FU,246,PP,L,NA,3,NA,NA,NA,NA,NA,NA
6/22/2016,Sunny,SN,DU15,D,FU,247,PP,L,NA,2.7,NA,NA,NA,NA,NA,NA
6/22/2016,Sunny,SN,DU15,D,FU,248,PP,L,NA,4.2,NA,NA,NA,NA,NA,NA
6/22/2016,Sunny,SN,DU15,D,FU,249,PP,L,A,38,NA,NA,NA,NA,NA,NA
6/22/2016,Sunny,SN,DU15,D,FU,250,PP,L,NA,2.5,NA,NA,NA,NA,NA,NA
6/22/2016,Sunny,SN,DU15,D,FU,251,PP,L,A,38.5,NA,NA,NA,NA,NA,NA
6/22/2016,Sunny,SN,DU15,D,FU,252,PP,2,A,22.5,NA,NA,NA,NA,NA,NA
6/22/2016,Sunny,SN,DU15,D,FU,253,PP,L,A,45.4,NA,NA,NA,NA,NA,NA
6/22/2016,Sunny,SN,DU15,D,FU,254,PP,L,NA,4.7,NA,NA,NA,NA,NA,NA
6/22/2016,Sunny,SN,DU15,D,FU,255,PP,L,NA,2.4,NA,NA,NA,NA,NA,NA
6/23/2016,Sunny,SN,DU10,D,FU,1,PP,L,NA,6.5,NA,NA,NA,NA,NA,NA
6/23/2016,Sunny,SN,DU10,D,FU,2,PP,L,NA,4.7,NA,NA,NA,NA,NA,NA
6/23/2016,Sunny,SN,DU10,D,FU,3,PP,L,A,11.2,NA,NA,NA,NA,NA,NA
6/23/2016,Sunny,SN,DU10,D,FU,4,PP,1,NA,5.3,NA,NA,NA,NA,NA,NA
6/23/2016,Sunny,SN,DU10,D,FU,5,PP,2,A,15.8,NA,NA,NA,NA,NA,NA
6/23/2016,Sunny,SN,DU10,D,FU,6,PP,L,NA,4.1,NA,NA,NA,NA,NA,NA
6/23/2016,Sunny,SN,DU10,D,FU,7,PP,L,NA,9.3,NA,NA,NA,NA,NA,NA
6/23/2016,Sunny,SN,DU10,D,FU,8,PP,L,A,12.5,NA,NA,NA,NA,NA,NA
6/23/2016,Sunny,SN,DU10,D,FU,9,PP,L,A,18.9,NA,NA,NA,NA,NA,NA
6/23/2016,Sunny,SN,DU10,D,FU,10,PP,1,NA,3.8,NA,NA,NA,NA,NA,NA
6/23/2016,Sunny,SN,DU10,D,FU,11,PP,1,NA,9,NA,NA,NA,NA,NA,NA
6/23/2016,Sunny,SN,DU10,D,FU,12,PP,1,A,10.4,NA,NA,NA,NA,NA,NA
6/23/2016,Sunny,SN,DU10,D,FU,13,PP,L,A,14.2,NA,NA,NA,NA,NA,NA
6/23/2016,Sunny,SN,DU10,D,FU,14,PP,L,A,15.7,NA,NA,NA,NA,NA,NA
6/23/2016,Sunny,SN,DU10,D,FU,15,PP,L,NA,8.1,NA,NA,NA,NA,NA,NA
6/23/2016,Sunny,SN,DU10,D,FU,16,PP,L,NA,9.6,NA,NA,NA,NA,NA,NA
6/23/2016,Sunny,SN,DU10,D,FU,17,PP,1,A,11.7,NA,NA,NA,NA,NA,NA
6/23/2016,Sunny,SN,DU10,D,FU,18,PP,L,NA,8.6,NA,NA,NA,NA,NA,NA
6/23/2016,Sunny,SN,DU10,D,FU,19,PP,1,NA,4.8,NA,NA,NA,NA,NA,NA
6/23/2016,Sunny,SN,DU10,D,FU,20,PP,1,NA,6,NA,NA,NA,NA,NA,NA
6/23/2016,Sunny,SN,DU10,D,FU,21,PP,1,NA,5.5,NA,NA,NA,NA,NA,NA
6/23/2016,Sunny,SN,DU10,D,FU,22,PP,L,A,13.8,NA,NA,NA,NA,NA,NA
6/23/2016,Sunny,SN,DU10,D,FU,23,PP,L,NA,5,NA,NA,NA,NA,NA,NA
6/23/2016,Sunny,SN,DU10,D,FU,24,PP,L,NA,1.8,NA,NA,NA,NA,NA,NA
6/23/2016,Sunny,SN,DU10,D,FU,25,PP,L,NA,5.2,NA,NA,NA,NA,NA,NA
6/23/2016,Sunny,SN,DU10,D,FU,26,PP,L,NA,2.5,NA,NA,NA,NA,NA,NA
6/23/2016,Sunny,SN,DU10,D,FU,27,PP,L,NA,4.3,NA,NA,NA,NA,NA,NA
6/23/2016,Sunny,SN,DU10,D,FU,28,PP,L,NA,4.5,NA,NA,NA,NA,NA,NA
6/23/2016,Sunny,SN,DU10,D,FU,29,PP,L,NA,4,NA,NA,NA,NA,NA,NA
6/23/2016,Sunny,SN,DU10,D,FU,30,PP,L,NA,2.5,NA,NA,NA,NA,NA,NA
6/23/2016,Sunny,SN,DU10,D,FU,31,PP,L,NA,9.2,NA,NA,NA,NA,NA,NA
6/23/2016,Sunny,SN,DU10,D,FU,32,PP,L,NA,4.2,NA,NA,NA,NA,NA,NA
6/23/2016,Sunny,SN,DU10,D,FU,33,PP,L,NA,8,NA,NA,NA,NA,NA,NA
6/23/2016,Sunny,SN,DU10,D,FU,34,PP,L,NA,5.9,NA,NA,NA,NA,NA,NA
6/23/2016,Sunny,SN,DU10,D,FU,35,PP,L,A,37.6,NA,NA,NA,NA,NA,NA
6/23/2016,Sunny,SN,DU10,D,FU,36,PP,L,NA,5.9,NA,NA,NA,NA,NA,NA
6/23/2016,Sunny,SN,DU10,D,FU,37,PP,L,NA,3,NA,NA,NA,NA,NA,NA
6/23/2016,Sunny,SN,DU10,D,FU,38,PP,L,NA,2.2,NA,NA,NA,NA,NA,NA
6/23/2016,Sunny,SN,DU10,D,FU,39,PP,L,NA,5.3,NA,NA,NA,NA,NA,NA
6/23/2016,Sunny,SN,DU10,D,FU,40,PP,L,A,43.5,NA,NA,NA,NA,NA,NA
6/23/2016,Sunny,SN,DU10,D,FU,41,PP,L,NA,6.7,NA,NA,NA,NA,NA,NA
6/23/2016,Sunny,SN,DU10,D,FU,42,PP,L,NA,4.2,NA,NA,NA,NA,NA,NA
6/23/2016,Sunny,SN,DU10,D,FU,43,PP,L,NA,5.8,NA,NA,NA,NA,NA,NA
6/23/2016,Sunny,SN,DU10,D,FU,44,PP,L,NA,5.4,NA,NA,NA,NA,NA,NA
6/23/2016,Sunny,SN,DU10,D,FU,45,PP,L,A,12.1,NA,NA,NA,NA,NA,NA
6/23/2016,Sunny,SN,DU10,D,FU,46,PP,L,NA,7.8,NA,NA,NA,NA,NA,NA
6/23/2016,Sunny,SN,DU10,D,FU,47,PP,L,NA,4,NA,NA,NA,NA,NA,NA
6/23/2016,Sunny,SN,DU10,D,FU,48,PP,L,NA,6.3,NA,NA,NA,NA,NA,NA
6/23/2016,Sunny,SN,DU10,D,FU,49,PP,L,NA,5,NA,NA,NA,NA,NA,NA
6/23/2016,Sunny,SN,DU10,D,FU,50,PP,L,NA,5.5,NA,NA,NA,NA,NA,NA
6/23/2016,Sunny,SN,DU10,D,FU,51,PP,L,NA,8,NA,NA,NA,NA,NA,NA
6/23/2016,Sunny,SN,DU10,D,FU,52,PP,L,NA,1.1,NA,NA,NA,NA,NA,NA
6/23/2016,Sunny,SN,DU10,D,FU,53,PP,L,NA,4.4,NA,NA,NA,NA,NA,NA
6/23/2016,Sunny,SN,DU10,D,FU,54,PP,L,NA,3.6,NA,NA,NA,NA,NA,NA
6/23/2016,Sunny,SN,DU10,D,FU,55,PP,L,NA,3.7,NA,NA,NA,NA,NA,NA
6/23/2016,Sunny,SN,DU10,D,FU,56,PP,L,NA,4.2,NA,NA,NA,NA,NA,NA
6/23/2016,Sunny,SN,DU10,D,FU,57,PP,L,NA,4.2,NA,NA,NA,NA,NA,NA
6/23/2016,Sunny,SN,DU10,D,FU,58,PP,L,NA,2.4,NA,NA,NA,NA,NA,NA
6/23/2016,Sunny,SN,DU10,D,FU,59,PP,2,P,44.4,E,N, 1/1,2.7,2.7,2.7
6/23/2016,Sunny,SN,DU10,D,FU,60,PP,2,A,23,NA,NA,NA,NA,NA,NA
6/23/2016,Sunny,SN,DU10,D,FU,61,PP,L,NA,5.5,NA,NA,NA,NA,NA,NA
6/23/2016,Sunny,SN,DU10,D,FU,62,PP,L,NA,3.4,NA,NA,NA,NA,NA,NA
6/23/2016,Sunny,SN,DU10,D,FU,63,PP,L,NA,5.2,NA,NA,NA,NA,NA,NA
6/23/2016,Sunny,SN,DU10,D,FU,64,PP,L,NA,4.3,NA,NA,NA,NA,NA,NA
6/23/2016,Sunny,SN,DU10,D,FU,65,PP,L,NA,5,NA,NA,NA,NA,NA,NA
6/23/2016,Sunny,SN,DU10,D,FU,66,PP,L,A,38.8,NA,NA,NA,NA,NA,NA
6/23/2016,Sunny,SN,DU10,D,FU,67,PP,L,NA,2.5,NA,NA,NA,NA,NA,NA
6/23/2016,Sunny,SN,DU10,D,FU,68,PP,L,NA,4.3,NA,NA,NA,NA,NA,NA
6/23/2016,Sunny,SN,DU10,D,FU,69,PP,L,NA,4,NA,NA,NA,NA,NA,NA
6/23/2016,Sunny,SN,DU10,D,FU,70,PP,L,A,15.5,NA,NA,NA,NA,NA,NA
6/23/2016,Sunny,SN,DU10,D,FU,71,PP,L,NA,7.5,NA,NA,NA,NA,NA,NA
6/23/2016,Sunny,SN,DU10,D,FU,72,PP,L,A,10.8,NA,NA,NA,NA,NA,NA
6/23/2016,Sunny,SN,DU10,D,FU,73,PP,L,NA,3.5,NA,NA,NA,NA,NA,NA
6/23/2016,Sunny,SN,DU10,D,FU,74,PP,L,NA,8.5,NA,NA,NA,NA,NA,NA
6/23/2016,Sunny,SN,DU10,D,FU,75,PP,L,NA,4.8,NA,NA,NA,NA,NA,NA
6/23/2016,Sunny,SN,DU10,D,FU,76,PP,L,NA,6.5,NA,NA,NA,NA,NA,NA
6/23/2016,Sunny,SN,DU10,D,FU,77,PP,L,NA,5.8,NA,NA,NA,NA,NA,NA
6/23/2016,Sunny,SN,DU10,D,FU,78,PP,L,NA,4.3,NA,NA,NA,NA,NA,NA
6/23/2016,Sunny,SN,DU10,D,FU,79,PP,L,NA,2.9,NA,NA,NA,NA,NA,NA
6/23/2016,Sunny,SN,DU10,D,FU,80,PP,L,NA,6.1,NA,NA,NA,NA,NA,NA
6/23/2016,Sunny,SN,DU10,D,FU,81,PP,L,NA,3.4,NA,NA,NA,NA,NA,NA
6/23/2016,Sunny,SN,DU10,D,FU,82,PP,L,NA,6,NA,NA,NA,NA,NA,NA
6/23/2016,Sunny,SN,DU10,D,FU,83,PP,L,NA,5.5,NA,NA,NA,NA,NA,NA
6/23/2016,Sunny,SN,DU10,D,FU,84,PP,L,NA,7.8,NA,NA,NA,NA,NA,NA
6/23/2016,Sunny,SN,DU10,D,FU,85,PP,L,NA,7.3,NA,NA,NA,NA,NA,NA
6/23/2016,Sunny,SN,DU10,D,FU,86,PP,L,NA,6.1,NA,NA,NA,NA,NA,NA
6/23/2016,Sunny,SN,DU10,D,FU,87,PP,L,NA,10.9,NA,NA,NA,NA,NA,NA
6/23/2016,Sunny,SN,DU10,D,FU,88,PP,L,NA,6,NA,NA,NA,NA,NA,NA
6/23/2016,Sunny,SN,DU10,D,FU,89,PP,L,A,38.2,NA,NA,NA,NA,NA,NA
6/23/2016,Sunny,SN,DU10,D,FU,90,PP,L,NA,5.3,NA,NA,NA,NA,NA,NA
6/23/2016,Sunny,SN,DU10,D,FU,91,PP,L,NA,7.5,NA,NA,NA,NA,NA,NA
6/23/2016,Sunny,SN,DU10,D,FU,92,PP,L,NA,8.4,NA,NA,NA,NA,NA,NA
6/23/2016,Sunny,SN,DU10,D,FU,93,PP,L,NA,8.7,NA,NA,NA,NA,NA,NA
6/23/2016,Sunny,SN,DU10,D,FU,94,PP,L,NA,6.4,NA,NA,NA,NA,NA,NA
6/23/2016,Sunny,SN,DU10,D,FU,95,PP,L,NA,8.2,NA,NA,NA,NA,NA,NA
6/23/2016,Sunny,SN,DU10,D,FU,96,PP,L,NA,6.5,NA,NA,NA,NA,NA,NA
6/23/2016,Sunny,SN,DU10,D,FU,97,PP,L,NA,6.6,NA,NA,NA,NA,NA,NA
6/23/2016,Sunny,SN,DU10,D,FU,98,PP,L,NA,7.5,NA,NA,NA,NA,NA,NA
6/23/2016,Sunny,SN,DU10,D,FU,99,PP,L,A,12,NA,NA,NA,NA,NA,NA
6/23/2016,Sunny,SN,DU10,D,FU,100,PP,L,NA,6.6,NA,NA,NA,NA,NA,NA
6/23/2016,Sunny,SN,DU10,D,FU,101,PP,L,NA,9.5,NA,NA,NA,NA,NA,NA
6/23/2016,Sunny,SN,DU10,D,FU,102,PP,1,NA,9.3,NA,NA,NA,NA,NA,NA
6/23/2016,Sunny,SN,DU10,D,FU,103,PP,L,A,11.2,NA,NA,NA,NA,NA,NA
6/23/2016,Sunny,SN,DU10,D,FU,104,PP,L,A,10.8,NA,NA,NA,NA,NA,NA
6/23/2016,Sunny,SN,DU10,D,FU,105,PP,L,NA,7.2,NA,NA,NA,NA,NA,NA
6/23/2016,Sunny,SN,DU10,D,FU,106,PP,L,NA,7,NA,NA,NA,NA,NA,NA
6/23/2016,Sunny,SN,DU10,D,FU,107,PP,1,NA,6.4,NA,NA,NA,NA,NA,NA
6/23/2016,Sunny,SN,DU10,D,FU,108,PP,L,NA,9,NA,NA,NA,NA,NA,NA
6/23/2016,Sunny,SN,DU10,D,FU,109,PP,1,NA,4,NA,NA,NA,NA,NA,NA
6/23/2016,Sunny,SN,DU10,D,FU,110,PP,1,NA,7,NA,NA,NA,NA,NA,NA
6/23/2016,Sunny,SN,DU10,D,FU,111,PP,L,NA,9.3,NA,NA,NA,NA,NA,NA
6/23/2016,Sunny,SN,DU10,D,FU,112,PP,L,NA,9.7,NA,NA,NA,NA,NA,NA
6/23/2016,Sunny,SN,DU10,D,FU,113,PP,L,NA,8.5,NA,NA,NA,NA,NA,NA
6/23/2016,Sunny,SN,DU10,D,FU,114,PP,1,NA,8.1,NA,NA,NA,NA,NA,NA
6/23/2016,Sunny,SN,DU10,D,FU,115,PP,1,NA,7,NA,NA,NA,NA,NA,NA
6/23/2016,Sunny,SN,DU10,D,FU,116,PP,1,NA,5.1,NA,NA,NA,NA,NA,NA
6/23/2016,Sunny,SN,DU10,D,FU,117,PP,L,NA,5.2,NA,NA,NA,NA,NA,NA
6/23/2016,Sunny,SN,DU10,D,FU,118,PP,L,NA,4.3,NA,NA,NA,NA,NA,NA
6/23/2016,Sunny,SN,DU10,D,FU,119,PP,L,NA,6.5,NA,NA,NA,NA,NA,NA
6/23/2016,Sunny,SN,DU10,D,FU,120,PP,L,NA,6.5,NA,NA,NA,NA,NA,NA
6/23/2016,Sunny,SN,DU10,D,FU,121,PP,L,NA,6.5,NA,NA,NA,NA,NA,NA
6/23/2016,Sunny,SN,DU10,D,FU,122,PP,L,NA,4.6,NA,NA,NA,NA,NA,NA
6/23/2016,Sunny,SN,DU10,D,FU,123,PP,L,NA,5.5,NA,NA,NA,NA,NA,NA
6/23/2016,Sunny,SN,DU10,D,FU,124,PP,L,NA,5,NA,NA,NA,NA,NA,NA
6/23/2016,Sunny,SN,DU10,D,FU,125,PP,L,NA,7.8,NA,NA,NA,NA,NA,NA
6/23/2016,Sunny,SN,DU10,D,FU,126,PP,1,NA,8.6,NA,NA,NA,NA,NA,NA
6/23/2016,Sunny,SN,DU10,D,FU,127,PP,L,NA,7.7,NA,NA,NA,NA,NA,NA
6/23/2016,Sunny,SN,DU10,D,FU,128,PP,L,NA,6,NA,NA,NA,NA,NA,NA
6/23/2016,Sunny,SN,DU10,D,FU,129,PP,L,NA,9,NA,NA,NA,NA,NA,NA
6/23/2016,Sunny,SN,DU10,D,FU,130,PP,L,NA,10,NA,NA,NA,NA,NA,NA
6/23/2016,Sunny,SN,DU10,D,FU,131,PP,L,NA,5.6,NA,NA,NA,NA,NA,NA
6/23/2016,Sunny,SN,DU10,D,FU,132,PP,1,NA,5.5,NA,NA,NA,NA,NA,NA
6/23/2016,Sunny,SN,DU10,D,FU,133,PP,L,NA,8,NA,NA,NA,NA,NA,NA
6/23/2016,Sunny,SN,DU10,D,FU,134,PP,L,NA,6.5,NA,NA,NA,NA,NA,NA
6/23/2016,Sunny,SN,DU10,D,FU,135,PP,L,NA,5.5,NA,NA,NA,NA,NA,NA
6/23/2016,Sunny,SN,DU10,D,FU,136,PP,L,NA,7,NA,NA,NA,NA,NA,NA
6/23/2016,Sunny,SN,DU10,D,FU,137,PP,L,NA,3.5,NA,NA,NA,NA,NA,NA
6/23/2016,Sunny,SN,DU10,D,FU,138,PP,L,NA,6.7,NA,NA,NA,NA,NA,NA
6/23/2016,Sunny,SN,DU10,D,FU,139,PP,L,A,10.1,NA,NA,NA,NA,NA,NA
6/23/2016,Sunny,SN,DU10,D,FU,140,PP,L,NA,4.7,NA,NA,NA,NA,NA,NA
6/23/2016,Sunny,SN,DU10,D,FU,141,PP,L,NA,4.8,NA,NA,NA,NA,NA,NA
6/23/2016,Sunny,SN,DU10,D,FU,142,PP,L,NA,2.8,NA,NA,NA,NA,NA,NA
6/23/2016,Sunny,SN,DU10,D,FU,143,PP,L,NA,3.9,NA,NA,NA,NA,NA,NA
6/23/2016,Sunny,SN,DU10,D,FU,144,PP,L,NA,6.7,NA,NA,NA,NA,NA,NA
6/23/2016,Sunny,SN,DU10,D,FU,145,PP,L,NA,4.3,NA,NA,NA,NA,NA,NA
6/23/2016,Sunny,SN,DU10,D,FU,146,PP,L,NA,6.5,NA,NA,NA,NA,NA,NA
6/23/2016,Sunny,SN,DU10,D,FU,147,PP,L,NA,8.2,NA,NA,NA,NA,NA,NA
6/23/2016,Sunny,SN,DU10,D,FU,148,PP,L,NA,7.1,NA,NA,NA,NA,NA,NA
6/23/2016,Sunny,SN,DU10,D,FU,149,PP,L,NA,7.5,NA,NA,NA,NA,NA,NA
6/23/2016,Sunny,SN,DU10,D,FU,150,PP,L,NA,5.5,NA,NA,NA,NA,NA,NA
6/23/2016,Sunny,SN,DU10,D,FU,151,PP,L,NA,2.5,NA,NA,NA,NA,NA,NA
6/23/2016,Sunny,SN,DU10,D,FU,152,PP,L,NA,2.7,NA,NA,NA,NA,NA,NA
6/23/2016,Sunny,SN,DU10,D,FU,153,PP,L,A,10.5,NA,NA,NA,NA,NA,NA
6/23/2016,Sunny,SN,DU10,D,FU,154,PP,L,NA,5.7,NA,NA,NA,NA,NA,NA
6/23/2016,Sunny,SN,DU10,D,FU,155,PP,L,NA,6.6,NA,NA,NA,NA,NA,NA
6/23/2016,Sunny,SN,DU10,D,FU,156,PP,L,NA,6.8,NA,NA,NA,NA,NA,NA
6/23/2016,Sunny,SN,DU10,D,FU,157,PP,L,NA,3,NA,NA,NA,NA,NA,NA
6/23/2016,Sunny,SN,DU10,D,FU,158,PP,L,NA,5.8,NA,NA,NA,NA,NA,NA
6/23/2016,Sunny,SN,DU10,D,FU,159,PP,L,NA,10,NA,NA,NA,NA,NA,NA
6/23/2016,Sunny,SN,DU10,D,FU,160,PP,L,NA,5.8,NA,NA,NA,NA,NA,NA
6/23/2016,Sunny,SN,DU10,D,FU,161,PP,L,NA,3.6,NA,NA,NA,NA,NA,NA
6/23/2016,Sunny,SN,DU10,D,FU,162,PP,L,A,11.2,NA,NA,NA,NA,NA,NA
6/23/2016,Sunny,SN,DU10,D,FU,163,PP,L,NA,3.9,NA,NA,NA,NA,NA,NA
6/23/2016,Sunny,SN,DU10,D,FU,164,PP,L,NA,2.4,NA,NA,NA,NA,NA,NA
6/23/2016,Sunny,SN,DU10,D,FU,165,PP,L,NA,7.7,NA,NA,NA,NA,NA,NA
6/23/2016,Sunny,SN,DU10,D,FU,166,PP,L,NA,3.3,NA,NA,NA,NA,NA,NA
6/23/2016,Sunny,SN,DU10,D,FU,167,PP,L,NA,4.4,NA,NA,NA,NA,NA,NA
6/23/2016,Sunny,SN,DU10,D,FU,168,PP,L,NA,3.9,NA,NA,NA,NA,NA,NA
6/23/2016,Sunny,SN,DU10,D,FU,169,PP,L,NA,3.7,NA,NA,NA,NA,NA,NA
6/23/2016,Sunny,SN,DU10,D,FU,170,PP,L,NA,2.5,NA,NA,NA,NA,NA,NA
6/23/2016,Sunny,SN,DU10,D,FU,171,PP,L,NA,3.5,NA,NA,NA,NA,NA,NA
6/23/2016,Sunny,SN,DU10,D,FU,172,PP,L,NA,5.4,NA,NA,NA,NA,NA,NA
6/23/2016,Sunny,SN,DU10,D,FU,173,PP,L,NA,2.5,NA,NA,NA,NA,NA,NA
6/23/2016,Sunny,SN,DU10,D,FU,174,PP,L,A,46.7,NA,NA,NA,NA,NA,NA
6/23/2016,Sunny,SN,DU10,D,FU,175,PP,L,A,16.1,NA,NA,NA,NA,NA,NA
6/23/2016,Sunny,SN,DU10,D,FU,176,PP,L,A,12.2,NA,NA,NA,NA,NA,NA
6/23/2016,Sunny,SN,DU10,D,FU,177,PP,L,NA,8.2,NA,NA,NA,NA,NA,NA
6/23/2016,Sunny,SN,DU10,D,FU,178,PP,L,NA,9.5,NA,NA,NA,NA,NA,NA
6/23/2016,Sunny,SN,DU10,D,FU,179,PP,L,A,10.2,NA,NA,NA,NA,NA,NA
6/23/2016,Sunny,SN,DU10,D,FU,180,PP,L,NA,4.6,NA,NA,NA,NA,NA,NA
6/23/2016,Sunny,SN,DU10,D,FU,181,PP,L,NA,4.9,NA,NA,NA,NA,NA,NA
6/23/2016,Sunny,SN,DU10,D,FU,182,PP,L,NA,7.3,NA,NA,NA,NA,NA,NA
6/23/2016,Sunny,SN,DU10,D,FU,183,PP,L,NA,9.3,NA,NA,NA,NA,NA,NA
6/23/2016,Sunny,SN,DU10,D,FU,184,PP,L,NA,8,NA,NA,NA,NA,NA,NA
6/23/2016,Sunny,SN,DU10,D,FU,185,PP,L,NA,8.1,NA,NA,NA,NA,NA,NA
6/23/2016,Sunny,SN,DU10,D,FU,186,PP,L,NA,7.9,NA,NA,NA,NA,NA,NA
6/23/2016,Sunny,SN,DU10,D,FU,187,PP,L,A,10.2,NA,NA,NA,NA,NA,NA
6/23/2016,Sunny,SN,DU10,D,FU,188,PP,L,A,14.5,NA,NA,NA,NA,NA,NA
6/23/2016,Sunny,SN,DU10,D,FU,189,PP,L,NA,6.6,NA,NA,NA,NA,NA,NA
6/23/2016,Sunny,SN,DU10,D,FU,190,PP,L,NA,8.4,NA,NA,NA,NA,NA,NA
6/23/2016,Sunny,SN,DU10,D,FU,191,PP,L,NA,6.9,NA,NA,NA,NA,NA,NA
6/23/2016,Sunny,SN,DU10,D,FU,192,PP,L,NA,9,NA,NA,NA,NA,NA,NA
6/23/2016,Sunny,SN,DU10,D,FU,193,PP,L,NA,8.6,NA,NA,NA,NA,NA,NA
6/23/2016,Sunny,SN,DU10,D,FU,194,PP,L,NA,9.2,NA,NA,NA,NA,NA,NA
6/23/2016,Sunny,SN,DU10,D,FU,195,PP,L,NA,2.2,NA,NA,NA,NA,NA,NA
6/23/2016,Sunny,SN,DU10,D,FU,196,PP,L,NA,7,NA,NA,NA,NA,NA,NA
6/23/2016,Sunny,SN,DU10,D,FU,197,PP,L,NA,4.3,NA,NA,NA,NA,NA,NA
6/23/2016,Sunny,SN,DU10,D,FU,198,PP,L,NA,6.6,NA,NA,NA,NA,NA,NA
6/23/2016,Sunny,SN,DU10,D,FU,199,PP,L,NA,4.3,NA,NA,NA,NA,NA,NA
6/23/2016,Sunny,SN,DU10,D,FU,200,PP,L,NA,7.4,NA,NA,NA,NA,NA,NA
6/23/2016,Sunny,SN,DU10,D,FU,201,PP,L,NA,3,NA,NA,NA,NA,NA,NA
6/23/2016,Sunny,SN,DU10,D,FU,202,PP,L,NA,4.7,NA,NA,NA,NA,NA,NA
6/23/2016,Sunny,SN,DU10,D,FU,203,PP,L,NA,4.8,NA,NA,NA,NA,NA,NA
6/23/2016,Sunny,SN,DU10,D,FU,204,PP,L,NA,2.2,NA,NA,NA,NA,NA,NA
6/23/2016,Sunny,SN,DU10,D,FU,205,PP,L,NA,4.9,NA,NA,NA,NA,NA,NA
6/23/2016,Sunny,SN,DU10,D,FU,206,PP,L,NA,4.3,NA,NA,NA,NA,NA,NA
6/23/2016,Sunny,SN,DU10,D,FU,207,PP,L,NA,9.5,NA,NA,NA,NA,NA,NA
6/23/2016,Sunny,SN,DU10,D,FU,208,PP,L,NA,9.4,NA,NA,NA,NA,NA,NA
6/23/2016,Sunny,SN,DU10,D,FU,209,PP,L,NA,8.2,NA,NA,NA,NA,NA,NA
6/23/2016,Sunny,SN,DU10,D,FU,210,PP,L,NA,6.2,NA,NA,NA,NA,NA,NA
6/23/2016,Sunny,SN,DU10,D,FU,211,PP,L,NA,4.7,NA,NA,NA,NA,NA,NA
6/23/2016,Sunny,SN,DU10,D,FU,212,PP,L,NA,7.2,NA,NA,NA,NA,NA,NA
6/23/2016,Sunny,SN,DU10,D,FU,213,PP,L,NA,3.7,NA,NA,NA,NA,NA,NA
6/23/2016,Sunny,SN,DU10,D,FU,214,PP,L,NA,8,NA,NA,NA,NA,NA,NA
6/23/2016,Sunny,SN,DU10,D,FU,215,PP,L,NA,6.1,NA,NA,NA,NA,NA,NA
6/23/2016,Sunny,SN,DU10,D,FU,216,PP,L,NA,5,NA,NA,NA,NA,NA,NA
6/23/2016,Sunny,SN,DU10,D,FU,217,PP,L,NA,3,NA,NA,NA,NA,NA,NA
6/23/2016,Sunny,SN,DU10,D,FU,218,PP,L,NA,4.5,NA,NA,NA,NA,NA,NA
6/23/2016,Sunny,SN,DU10,D,FU,219,PP,L,NA,3.2,NA,NA,NA,NA,NA,NA
6/23/2016,Sunny,SN,DU10,D,FU,220,PP,L,NA,6.2,NA,NA,NA,NA,NA,NA
6/23/2016,Sunny,SN,DU10,D,FU,221,PP,L,NA,6.4,NA,NA,NA,NA,NA,NA
6/23/2016,Sunny,SN,DU10,D,FU,222,PP,L,NA,6.1,NA,NA,NA,NA,NA,NA
6/23/2016,Sunny,SN,DU10,D,FU,223,PP,L,NA,8,NA,NA,NA,NA,NA,NA
6/23/2016,Sunny,SN,DU10,D,FU,224,PP,L,NA,7,NA,NA,NA,NA,NA,NA
6/23/2016,Sunny,SN,DU10,D,FU,225,PP,L,NA,3.5,NA,NA,NA,NA,NA,NA
6/23/2016,Sunny,SN,DU10,D,FU,226,PP,L,NA,5.3,NA,NA,NA,NA,NA,NA
6/23/2016,Sunny,SN,DU10,D,FU,227,PP,L,NA,6,NA,NA,NA,NA,NA,NA
6/23/2016,Sunny,SN,DU10,D,FU,228,PP,L,NA,3.5,NA,NA,NA,NA,NA,NA
6/23/2016,Sunny,SN,DU10,D,FU,229,PP,L,NA,9.4,NA,NA,NA,NA,NA,NA
6/23/2016,Sunny,SN,DU10,D,FU,230,PP,L,NA,2.5,NA,NA,NA,NA,NA,NA
6/23/2016,Sunny,SN,DU10,D,FU,231,PP,L,A,56.2,NA,NA,NA,NA,NA,NA
6/23/2016,Sunny,SN,DU10,D,FU,232,PP,L,A,13.3,NA,NA,NA,NA,NA,NA
6/23/2016,Sunny,SN,DU10,D,FU,233,PP,1,A,10.5,NA,NA,NA,NA,NA,NA
6/23/2016,Sunny,SN,DU10,D,FU,234,PP,1,NA,6.4,NA,NA,NA,NA,NA,NA
6/23/2016,Sunny,SN,DU10,D,FU,235,PP,L,NA,9,NA,NA,NA,NA,NA,NA
6/23/2016,Sunny,SN,DU10,D,FU,236,PP,L,NA,7.3,NA,NA,NA,NA,NA,NA
6/23/2016,Sunny,SN,DU10,D,FU,237,PP,L,NA,8.1,NA,NA,NA,NA,NA,NA
6/23/2016,Sunny,SN,DU10,D,FU,238,PP,L,NA,4.3,NA,NA,NA,NA,NA,NA
6/23/2016,Sunny,SN,DU10,D,FU,239,PP,L,NA,2.4,NA,NA,NA,NA,NA,NA
6/23/2016,Sunny,SN,DU10,D,FU,240,PP,L,NA,7.7,NA,NA,NA,NA,NA,NA
6/23/2016,Sunny,SN,DU10,D,FU,241,PP,L,NA,6.3,NA,NA,NA,NA,NA,NA
6/23/2016,Sunny,SN,DU10,D,FU,242,PP,L,NA,6.1,NA,NA,NA,NA,NA,NA
6/23/2016,Sunny,SN,DU10,D,FU,243,PP,L,NA,8.8,NA,NA,NA,NA,NA,NA
6/23/2016,Sunny,SN,DU10,D,FU,244,PP,L,NA,6.9,NA,NA,NA,NA,NA,NA
6/23/2016,Sunny,SN,DU10,D,FU,245,PP,L,NA,5.1,NA,NA,NA,NA,NA,NA
6/23/2016,Sunny,SN,DU10,D,FU,246,PP,L,NA,5.1,NA,NA,NA,NA,NA,NA
6/23/2016,Sunny,SN,DU10,D,FU,247,PP,L,NA,6.2,NA,NA,NA,NA,NA,NA
6/23/2016,Sunny,SN,DU10,D,FU,248,PP,L,NA,2.4,NA,NA,NA,NA,NA,NA
6/23/2016,Sunny,SN,DU10,D,FU,249,PP,L,NA,5.9,NA,NA,NA,NA,NA,NA
6/23/2016,Sunny,SN,DU10,D,FU,250,PP,L,NA,5.8,NA,NA,NA,NA,NA,NA
6/23/2016,Sunny,SN,DU10,D,FU,251,PP,L,NA,6,NA,NA,NA,NA,NA,NA
6/23/2016,Sunny,SN,DU10,D,FU,252,PP,L,NA,5.2,NA,NA,NA,NA,NA,NA
6/23/2016,Sunny,SN,DU10,D,FU,253,PP,L,A,63.7,NA,NA,NA,NA,NA,NA
6/23/2016,Sunny,SN,DU10,D,FU,254,PP,L,NA,2.7,NA,NA,NA,NA,NA,NA
6/23/2016,Sunny,SN,DU10,D,FU,255,PP,L,NA,4.1,NA,NA,NA,NA,NA,NA
6/23/2016,Sunny,SN,DU10,D,FU,256,PP,L,NA,6.3,NA,NA,NA,NA,NA,NA
6/23/2016,Sunny,SN,DU10,D,FU,257,PP,L,NA,5.8,NA,NA,NA,NA,NA,NA
6/23/2016,Sunny,SN,DU10,D,FU,258,PP,L,NA,7.6,NA,NA,NA,NA,NA,NA
6/23/2016,Sunny,SN,DU10,D,FU,259,PP,L,NA,7,NA,NA,NA,NA,NA,NA
6/23/2016,Sunny,SN,DU10,D,FU,260,PP,L,NA,10,NA,NA,NA,NA,NA,NA
6/23/2016,Sunny,SN,DU10,D,FU,261,PP,L,NA,7.4,NA,NA,NA,NA,NA,NA
6/23/2016,Sunny,SN,DU10,D,FU,262,PP,L,NA,5.1,NA,NA,NA,NA,NA,NA
6/23/2016,Sunny,SN,DU10,D,FU,263,PP,L,NA,10,NA,NA,NA,NA,NA,NA
6/23/2016,Sunny,SN,DU10,D,FU,264,PP,L,NA,9.3,NA,NA,NA,NA,NA,NA
6/23/2016,Sunny,SN,DU10,D,FU,265,PP,L,NA,6,NA,NA,NA,NA,NA,NA
6/23/2016,Sunny,SN,DU10,D,FU,266,PP,L,NA,7.1,NA,NA,NA,NA,NA,NA
6/23/2016,Sunny,SN,DU10,D,FU,267,PP,L,A,10.2,NA,NA,NA,NA,NA,NA
6/23/2016,Sunny,SN,DU10,D,FU,268,PP,L,NA,8.6,NA,NA,NA,NA,NA,NA
6/23/2016,Sunny,SN,DU10,D,FU,269,PP,L,NA,7.2,NA,NA,NA,NA,NA,NA
6/23/2016,Sunny,SN,DU10,D,FU,270,PP,L,A,12.7,NA,NA,NA,NA,NA,NA
6/23/2016,Sunny,SN,DU10,D,FU,271,PP,L,NA,8.6,NA,NA,NA,NA,NA,NA
6/23/2016,Sunny,SN,DU10,D,FU,272,PP,L,A,13.7,NA,NA,NA,NA,NA,NA
6/23/2016,Sunny,SN,DU10,D,FU,273,PP,L,A,10.5,NA,NA,NA,NA,NA,NA
6/23/2016,Sunny,SN,DU10,D,FU,274,PP,L,NA,7.4,NA,NA,NA,NA,NA,NA
6/23/2016,Sunny,SN,DU10,D,FU,275,PP,L,A,11.4,NA,NA,NA,NA,NA,NA
6/23/2016,Sunny,SN,DU10,D,FU,276,PP,L,NA,9.9,NA,NA,NA,NA,NA,NA
6/23/2016,Sunny,SN,DU10,D,FU,277,PP,L,A,10.9,NA,NA,NA,NA,NA,NA
6/23/2016,Sunny,SN,DU10,D,FU,278,PP,L,NA,8.8,NA,NA,NA,NA,NA,NA
6/23/2016,Sunny,SN,DU10,D,FU,279,PP,L,NA,10,NA,NA,NA,NA,NA,NA
6/23/2016,Sunny,SN,DU10,D,FU,280,PP,L,NA,7.1,NA,NA,NA,NA,NA,NA
6/23/2016,Sunny,SN,DU10,D,FU,281,PP,L,NA,5.8,NA,NA,NA,NA,NA,NA
6/23/2016,Sunny,SN,DU10,D,FU,282,PP,L,NA,9.4,NA,NA,NA,NA,NA,NA
6/23/2016,Sunny,SN,DU10,D,FU,283,PP,L,NA,6.2,NA,NA,NA,NA,NA,NA
6/23/2016,Sunny,SN,DU10,D,FU,284,PP,L,NA,7.5,NA,NA,NA,NA,NA,NA
6/23/2016,Sunny,SN,DU10,D,FU,285,PP,L,NA,8.5,NA,NA,NA,NA,NA,NA
6/23/2016,Sunny,SN,DU10,D,FU,286,PP,L,NA,6.5,NA,NA,NA,NA,NA,NA
6/23/2016,Sunny,SN,DU10,D,FU,287,PP,L,NA,5.2,NA,NA,NA,NA,NA,NA
6/23/2016,Sunny,SN,DU10,D,FU,288,PP,L,NA,8.2,NA,NA,NA,NA,NA,NA
6/23/2016,Sunny,SN,DU10,D,FU,289,PP,L,NA,7,NA,NA,NA,NA,NA,NA
6/23/2016,Sunny,SN,DU10,D,FU,290,PP,L,NA,3.1,NA,NA,NA,NA,NA,NA
6/23/2016,Sunny,SN,DU10,D,FU,291,PP,L,NA,9.3,NA,NA,NA,NA,NA,NA
6/23/2016,Sunny,SN,DU10,D,FU,292,PP,L,NA,4.3,NA,NA,NA,NA,NA,NA
6/23/2016,Sunny,SN,DU10,D,FU,293,PP,L,NA,8.7,NA,NA,NA,NA,NA,NA
6/23/2016,Sunny,SN,DU10,D,FU,294,PP,L,A,13,NA,NA,NA,NA,NA,NA
6/23/2016,Sunny,SN,DU10,D,FU,295,PP,L,NA,8.3,NA,NA,NA,NA,NA,NA
6/23/2016,Sunny,SN,DU10,D,FU,296,PP,L,NA,6.8,NA,NA,NA,NA,NA,NA
6/23/2016,Sunny,SN,DU10,D,FU,297,PP,L,NA,9,NA,NA,NA,NA,NA,NA
6/23/2016,Sunny,SN,DU10,D,FU,298,PP,L,A,12.2,NA,NA,NA,NA,NA,NA
6/23/2016,Sunny,SN,DU10,D,FU,299,PP,L,NA,3.1,NA,NA,NA,NA,NA,NA
6/23/2016,Sunny,SN,DU10,D,FU,300,PP,L,NA,7.8,NA,NA,NA,NA,NA,NA
6/23/2016,Sunny,SN,DU10,D,FU,301,PP,L,NA,3.1,NA,NA,NA,NA,NA,NA
6/23/2016,Sunny,SN,DU10,D,FU,302,PP,L,NA,7,NA,NA,NA,NA,NA,NA
6/23/2016,Sunny,SN,DU10,D,FU,303,PP,L,A,30.3,NA,NA,NA,NA,NA,NA
6/23/2016,Sunny,SN,DU10,D,FU,304,PP,L,NA,7.8,NA,NA,NA,NA,NA,NA
6/23/2016,Sunny,SN,DU15,D,FU,213,PP,L,NA,1.5,NA,NA,NA,NA,NA,NA
6/23/2016,Sunny,SN,DU15,D,FU,214,PP,L,NA,5,NA,NA,NA,NA,NA,NA
6/23/2016,Sunny,SN,DU15,D,FU,215,PP,L,A,27.6,NA,NA,NA,NA,NA,NA
6/23/2016,Sunny,SN,DU15,D,FU,216,PP,2,A,24.7,NA,NA,NA,NA,NA,NA
6/23/2016,Sunny,SN,DU15,D,FU,217,PP,L,NA,4.4,NA,NA,NA,NA,NA,NA
6/23/2016,Sunny,SN,DU15,D,FU,218,PP,1,NA,2.6,NA,NA,NA,NA,NA,NA
6/23/2016,Sunny,SN,DU15,D,FU,219,PP,L,NA,3.6,NA,NA,NA,NA,NA,NA
6/23/2016,Sunny,SN,DU15,D,FU,220,PP,L,NA,4.6,NA,NA,NA,NA,NA,NA
6/23/2016,Sunny,SN,DU15,D,FU,221,PP,L,NA,3.9,NA,NA,NA,NA,NA,NA
6/23/2016,Sunny,SN,DU15,D,FU,222,PP,L,NA,1.9,NA,NA,NA,NA,NA,NA
6/23/2016,Sunny,SN,DU15,D,FU,223,PP,L,A,38.1,NA,NA,NA,NA,NA,NA
6/23/2016,Sunny,SN,DU15,D,FU,224,PP,L,A,40.8,NA,NA,NA,NA,NA,NA
6/23/2016,Sunny,SN,DU15,D,FU,225,PP,L,NA,3.8,NA,NA,NA,NA,NA,NA
6/23/2016,Sunny,SN,DU15,D,FU,226,PP,L,NA,4.7,NA,NA,NA,NA,NA,NA
6/23/2016,Sunny,SN,DU15,D,FU,227,PP,L,A,36.9,NA,NA,NA,NA,NA,NA
6/23/2016,Sunny,SN,DU15,D,FU,228,PP,L,NA,7.9,NA,NA,NA,NA,NA,NA
6/23/2016,Sunny,SN,DU15,D,FU,229,PP,L,NA,3.4,NA,NA,NA,NA,NA,NA
6/23/2016,Sunny,SN,DU15,D,FU,230,PP,L,NA,2.2,NA,NA,NA,NA,NA,NA
6/23/2016,Sunny,SN,DU15,D,FU,231,PP,L,NA,3.1,NA,NA,NA,NA,NA,NA
6/23/2016,Sunny,SN,DU15,D,FU,232,PP,L,NA,2.5,NA,NA,NA,NA,NA,NA
6/23/2016,Sunny,SN,DU15,D,FU,233,PP,L,NA,2.5,NA,NA,NA,NA,NA,NA
6/23/2016,Sunny,SN,DU15,D,FU,234,PP,L,NA,3.8,NA,NA,NA,NA,NA,NA
6/23/2016,Sunny,SN,DU15,D,FU,235,PP,L,NA,2.9,NA,NA,NA,NA,NA,NA
6/23/2016,Sunny,SN,DU15,D,FU,236,PP,L,A,36.5,NA,NA,NA,NA,NA,NA
6/23/2016,Sunny,SN,DU15,D,FU,237,PP,L,A,19.4,NA,NA,NA,NA,NA,NA
6/23/2016,Sunny,SN,DU15,D,FU,238,PP,L,NA,2.8,NA,NA,NA,NA,NA,NA
6/23/2016,Sunny,SN,DU15,D,FU,239,PP,2,A,32,E,S, 1/2,1.8,1.8,1.8
6/23/2016,Sunny,SN,DU15,D,FU,239,PP,2,A,32,E,S, 1/2,2,2,2
6/23/2016,Sunny,SN,DU15,D,FU,240,PP,L,NA,7.5,NA,NA,NA,NA,NA,NA
6/23/2016,Sunny,SN,DU12,D,FU,114,PP,L,A,15.4,NA,NA,NA,NA,NA,NA
6/23/2016,Sunny,SN,DU12,D,FU,115,PP,L,A,16.8,NA,NA,NA,NA,NA,NA
6/23/2016,Sunny,SN,DU12,D,FU,116,PP,L,NA,5.3,NA,NA,NA,NA,NA,NA
6/23/2016,Sunny,SN,DU12,D,FU,117,PP,L,NA,6,NA,NA,NA,NA,NA,NA
6/23/2016,Sunny,SN,DU12,D,FU,118,PP,L,NA,9.5,NA,NA,NA,NA,NA,NA
6/23/2016,Sunny,SN,DU12,D,FU,119,PP,L,A,15,NA,NA,NA,NA,NA,NA
6/23/2016,Sunny,SN,DU12,D,FU,120,PP,L,A,12.6,NA,NA,NA,NA,NA,NA
6/23/2016,Sunny,SN,DU12,D,FU,121,PP,L,NA,7.1,NA,NA,NA,NA,NA,NA
6/23/2016,Sunny,SN,DU12,D,FU,122,PP,L,NA,5.5,NA,NA,NA,NA,NA,NA
6/23/2016,Sunny,SN,DU12,D,FU,123,PP,L,P,29.1,E,W, 2/7,1.8,1.8,1.8
6/23/2016,Sunny,SN,DU12,D,FU,123,PP,L,P,29.1,E,S, 1/1,1.8,1.8,1.8
6/23/2016,Sunny,SN,DU12,D,FU,123,PP,L,P,29.1,E,SE, 1/2,1.2,1.2,1.2
6/23/2016,Sunny,SN,DU12,D,FU,123,PP,L,P,29.1,N,W, 3/18,0,0,0
6/23/2016,Sunny,SN,DU12,D,FU,124,PP,L,NA,7.7,NA,NA,NA,NA,NA,NA
6/23/2016,Sunny,SN,DU12,D,FU,125,PP,L,A,11.4,NA,NA,NA,NA,NA,NA
6/23/2016,Sunny,SN,DU12,D,FU,126,PP,L,A,17.4,NA,NA,NA,NA,NA,NA
6/23/2016,Sunny,SN,DU12,D,FU,127,PP,L,NA,4.5,NA,NA,NA,NA,NA,NA
6/23/2016,Sunny,SN,DU12,D,FU,128,PP,L,A,11.1,NA,NA,NA,NA,NA,NA
6/23/2016,Sunny,SN,DU12,D,FU,129,PP,L,A,18.1,NA,NA,NA,NA,NA,NA
6/23/2016,Sunny,SN,DU12,D,FU,130,PP,L,A,15.1,NA,NA,NA,NA,NA,NA
6/23/2016,Sunny,SN,DU12,D,FU,131,PP,L,NA,9.3,NA,NA,NA,NA,NA,NA
6/23/2016,Sunny,SN,DU12,D,FU,132,PP,L,A,15.9,NA,NA,NA,NA,NA,NA
6/23/2016,Sunny,SN,DU12,D,FU,133,PP,L,A,18,NA,NA,NA,NA,NA,NA
6/23/2016,Sunny,SN,DU12,D,FU,134,JUNI,L,NA,2.2,NA,NA,NA,NA,NA,NA
6/23/2016,Sunny,SN,DU12,D,FU,135,PP,L,A,11.9,NA,NA,NA,NA,NA,NA
6/23/2016,Sunny,SN,DM17,D,FM,1,PP,L,A,32.7,NA,NA,NA,NA,NA,NA
6/23/2016,Sunny,SN,DM17,D,FM,2,PP,2,P,36.5,NA,NA,NA,NA,NA,NA
6/23/2016,Sunny,SN,DM17,D,FM,3,PP,L,A,21.2,E,E, 1/1,1.8,1.8,1.8
6/23/2016,Sunny,SN,DM17,D,FM,4,PP,L,A,35,NA,NA,NA,NA,NA,NA
6/23/2016,Sunny,SN,DM17,D,FM,5,PRVI,L,NA,3.5,NA,NA,NA,NA,NA,NA
6/23/2016,Sunny,SN,DM17,D,FM,6,PP,2,P,31.2,NA,NA,NA,NA,NA,NA
6/23/2016,Sunny,SN,DM17,D,FM,6,PP,2,P,31.2,NA,NA,NA,NA,NA,NA
6/23/2016,Sunny,SN,DM17,D,FM,7,PP,2,A,33.7,NA,NA,NA,NA,NA,NA
6/23/2016,Sunny,SN,DM17,D,FM,8,PRVI,L,NA,0.5,NA,NA,NA,NA,NA,NA
6/23/2016,Sunny,SN,DL16,D,FL,1,PP,2,A,34.2,E,W, 1/2,6.4,6.4,6.4
6/23/2016,Sunny,SN,DL16,D,FL,2,PP,L,A,64,NA,NA,NA,NA,NA,NA
6/23/2016,Sunny,SN,DL16,D,FL,3,PP,2,A,43.8,E,W, 1/2,1.2,1.2,1.2
6/23/2016,Sunny,SN,DL16,D,FL,4,PP,L,A,43.7,NA,NA,NA,NA,NA,NA
6/23/2016,Sunny,SN,DL16,D,FL,5,PP,L,A,27.9,NA,NA,NA,NA,NA,NA
6/23/2016,Sunny,SN,DL16,D,FL,6,PP,L,A,39.6,NA,NA,NA,NA,NA,NA
6/23/2016,Sunny,SN,DL16,D,FL,7,PP,L,A,39.4,NA,NA,NA,NA,NA,NA
6/23/2016,Sunny,SN,DL16,D,FL,8,PP,L,A,38.6,NA,NA,NA,NA,NA,NA
6/23/2016,Sunny,SN,DL16,D,FL,9,PP,L,A,35.8,NA,NA,NA,NA,NA,NA
6/23/2016,Sunny,SN,DL16,D,FL,10,PP,L,A,46,NA,NA,NA,NA,NA,NA
6/23/2016,Sunny,SN,DL16,D,FL,11,PP,L,A,37.5,NA,NA,NA,NA,NA,NA
6/23/2016,Sunny,SN,DM18,D,FM,1,PP,2,A,45,NA,NA,NA,NA,NA,NA
6/24/2016,Sunny,SN,DL109,D,FL,14,PP,3,A,40.3,NA,NA,NA,NA,NA,NA
6/24/2016,Sunny,SN,DL109,D,FL,15,PP,3,A,35.1,NA,NA,NA,NA,NA,NA
6/24/2016,Sunny,SN,DL109,D,FL,16,PP,3,P,19.4,E,E, 1/2,1.5,1.5,1.5
6/24/2016,Sunny,SN,DL109,D,FL,16,PP,3,P,19.4,E,E, 1/2,1.4,1.4,1.4
6/24/2016,Sunny,SN,DL109,D,FL,16,PP,3,P,19.4,E,W, 1/1,1.8,1.8,1.8
6/24/2016,Sunny,SN,DL109,D,FL,17,PP,L,A,46.1,NA,NA,NA,NA,NA,NA
6/24/2016,Sunny,SN,DL109,D,FL,18,PP,3,P,45.8,E,E, 1/4,10,9.8,9.9
6/24/2016,Sunny,SN,DL109,D,FL,18,PP,3,P,45.8,E,S, 1/1,3,3,3
6/24/2016,Sunny,SN,DL109,D,FL,18,PP,3,P,45.8,E,S, 1/1,3,3,3
6/24/2016,Sunny,SN,DL109,D,FL,18,PP,3,P,45.8,E,W, 1/1,3,3,3
6/24/2016,Sunny,SN,DL109,D,FL,18,PP,3,P,45.8,E,W, 1/1,3,3,3
6/24/2016,Sunny,SN,DL109,D,FL,18,PP,3,P,45.8,E,W, 1/2,10,9.8,9.9
7/5/2016,Sunny,EK,DH29,D,FH,1,PP,L,NA,4.5,NA,NA,NA,NA,NA,NA
7/5/2016,Sunny,EK,DH29,D,FH,2,PP,L,NA,2.9,NA,NA,NA,NA,NA,NA
7/5/2016,Sunny,EK,DH29,D,FH,3,PP,L,NA,3.7,NA,NA,NA,NA,NA,NA
7/5/2016,Sunny,EK,DH29,D,FH,4,PP,L,NA,2.7,NA,NA,NA,NA,NA,NA
7/5/2016,Sunny,EK,DH29,D,FH,5,PP,4,A,32.4,NA,NA,NA,NA,NA,NA
7/5/2016,Sunny,EK,DM30,D,FM,1,PP,2,A,28.1,NA,NA,NA,NA,NA,NA
7/5/2016,Sunny,EK,DM30,D,FM,2,PP,2,A,24.2,NA,NA,NA,NA,NA,NA
7/5/2016,Sunny,EK,DM30,D,FM,3,PP,3,A,37.4,NA,NA,NA,NA,NA,NA
7/5/2016,Sunny,EK,DM30,D,FM,4,PP,3,A,29.5,NA,NA,NA,NA,NA,NA
7/5/2016,Sunny,EK,DM30,D,FM,5,PP,2,A,11.8,NA,NA,NA,NA,NA,NA
7/5/2016,Sunny,EK,DM30,D,FM,6,PP,2,P,46,E,S, 1/2,1.5,1.5,1.5
7/5/2016,Sunny,EK,DM30,D,FM,6,PP,2,P,46,E,S, 1/2,1.5,1.5,1.5
7/5/2016,Sunny,EK,DM30,D,FM,6,PP,2,P,46,E,S, 1/3,1.7,1.7,1.7
7/5/2016,Sunny,EK,DM30,D,FM,6,PP,2,P,46,E,S, 1/1,1.5,1.5,1.5
7/5/2016,Sunny,EK,DM30,D,FM,6,PP,2,P,46,E,S, 2/6,1.8,1.8,1.8
7/5/2016,Sunny,EK,DH28,D,FH,1,PP,4,A,18.6,NA,NA,NA,NA,NA,NA
7/5/2016,Sunny,EK,DH28,D,FH,2,PP,4,A,28,NA,NA,NA,NA,NA,NA
7/5/2016,Sunny,EK,DH28,D,FH,3,PP,4,A,28.5,NA,NA,NA,NA,NA,NA
7/5/2016,Sunny,EK,DH28,D,FH,4,PP,3,P,37.5,E,E, 1/1,3.4,3.2,3.3
7/5/2016,Sunny,EK,DH28,D,FH,4,PP,3,P,37.5,E,W, 1/1,3.8,3.6,3.7
7/5/2016,Sunny,EK,DH28,D,FH,4,PP,3,P,37.5,E,W, 1/3,6.4,6.4,6.4
7/5/2016,Sunny,EK,DH28,D,FH,4,PP,3,P,37.5,E,N, 1/1,4,4,4
7/5/2016,Sunny,EK,DH28,D,FH,4,PP,3,P,37.5,E,N, 1/1,4,4,4
7/5/2016,Sunny,EK,DH28,D,FH,5,PP,3,A,19.8,NA,NA,NA,NA,NA,NA
7/5/2016,Sunny,EK,DH28,D,FH,6,PP,3,A,22.8,NA,NA,NA,NA,NA,NA
7/5/2016,Sunny,EK,DH28,D,FH,7,PP,4,P,28.9,N,N, 3/24,1.5,1.5,1.5
7/5/2016,Sunny,EK,DH28,D,FH,8,PP,3,A,32.3,NA,NA,NA,NA,NA,NA
7/5/2016,Sunny,EK,DH28,D,FH,9,JUNI,1,A,26.5,NA,NA,NA,NA,NA,NA
7/5/2016,Sunny,EK,DH28,D,FH,10,PP,3,P,47.1,E,S, 1/1,2.1,2.1,2.1
7/5/2016,Sunny,EK,DH37,D,FH,1,PP,5,P,38.7,NA,NA,NA,NA,NA,NA
7/5/2016,Sunny,EK,DH37,D,FH,2,PP,4,A,48,NA,NA,NA,NA,NA,NA
7/5/2016,Sunny,EK,DH37,D,FH,3,PP,4,A,37.3,NA,NA,NA,NA,NA,NA
7/5/2016,Sunny,EK,DH37,D,FH,4,PP,5,A,31,NA,NA,NA,NA,NA,NA
7/5/2016,Sunny,EK,DH37,D,FH,5,PP,4,A,33.8,NA,NA,NA,NA,NA,NA
7/5/2016,Sunny,EK,DH37,D,FH,6,PP,4,P,24.1,E,S, 1/1,1.5,1.5,1.5
7/5/2016,Sunny,EK,DH37,D,FH,6,PP,4,P,24.1,E,S, 1/1,1.7,1.7,1.7
7/5/2016,Sunny,EK,DH37,D,FH,7,PP,3,A,22.4,NA,NA,NA,NA,NA,NA
7/5/2016,Sunny,EK,DH37,D,FH,8,PP,3,P,30.6,E,N, 1/2,2.7,2.7,2.7
7/5/2016,Sunny,EK,DH37,D,FH,9,PP,2,A,15,NA,NA,NA,NA,NA,NA
7/5/2016,Sunny,EK,DH37,D,FH,10,PP,2,A,19.7,NA,NA,NA,NA,NA,NA
7/5/2016,Sunny,EK,DH37,D,FH,11,PP,2,A,17.4,NA,NA,NA,NA,NA,NA
7/5/2016,Sunny,EK,DH37,D,FH,12,PP,3,A,24.3,NA,NA,NA,NA,NA,NA
7/5/2016,Sunny,EK,DH37,D,FH,13,PP,3,A,20.5,NA,NA,NA,NA,NA,NA
7/5/2016,Sunny,EK,DH37,D,FH,14,PP,3,A,19.3,NA,NA,NA,NA,NA,NA
7/5/2016,Sunny,EK,DH37,D,FH,15,PP,L,A,2.8,NA,NA,NA,NA,NA,NA
7/5/2016,Sunny,EK,DH38,D,FH,1,PP,1,A,11.5,NA,NA,NA,NA,NA,NA
7/5/2016,Sunny,EK,DH38,D,FH,2,PP,4,A,6.6,NA,NA,NA,NA,NA,NA
7/5/2016,Sunny,EK,DH38,D,FH,3,PP,3,P,40.5,E,S, 1/2,1.2,1.6,1.4
7/5/2016,Sunny,EK,DH38,D,FH,3,PP,3,P,40.5,N,S, 1/3,1.2,1.6,1.4
7/5/2016,Sunny,EK,DH38,D,FH,3,PP,3,P,40.5,E,S, 1/1,3,3.6,3.3
7/5/2016,Sunny,EK,DH38,D,FH,3,PP,3,P,40.5,E,S, 1/2,3,3.6,3.3
7/5/2016,Sunny,EK,DH38,D,FH,3,PP,3,P,40.5,E,S, 1/1,4,4.4,4.2
7/5/2016,Sunny,EK,DH38,D,FH,3,PP,3,P,40.5,E,S, 1/1,4,4.4,4.2
7/5/2016,Sunny,EK,DH38,D,FH,3,PP,3,P,40.5,E,W, 1/4,2.3,2.3,2.3
7/5/2016,Sunny,EK,DH38,D,FH,3,PP,3,P,40.5,E,W, 1/2,2.4,2.4,2.4
7/5/2016,Sunny,EK,DH38,D,FH,3,PP,3,P,40.5,E,W, 1/3,2.6,2.6,2.6
7/5/2016,Sunny,EK,DH38,D,FH,3,PP,3,P,40.5,E,E, 1/1,3,3,3
7/5/2016,Sunny,EK,DH38,D,FH,3,PP,3,P,40.5,E,E, 1/1,3,3,3
7/5/2016,Sunny,EK,DH38,D,FH,3,PP,3,P,40.5,E,E, 1/1,3.4,3.4,3.4
7/5/2016,Sunny,EK,DH38,D,FH,3,PP,3,P,40.5,E,E, 1/1,3.4,3.4,3.4
7/5/2016,Sunny,EK,DH38,D,FH,4,PP,3,A,29,NA,NA,NA,NA,NA,NA
7/5/2016,Sunny,EK,DH38,D,FH,5,PP,3,A,22.5,NA,NA,NA,NA,NA,NA
7/13/2016,Sunny,SN,DL106,D,FL,1,PP,2,A,41.6,NA,NA,NA,NA,NA,NA
7/13/2016,Sunny,SN,DM101,D,FM,1,PP,L,A,28.6,NA,NA,NA,NA,NA,NA
7/13/2016,Sunny,SN,DL107,D,FL,1,PP,2,A,17,NA,NA,NA,NA,NA,NA
7/13/2016,Sunny,SN,DL107,D,FL,2,PP,2,A,31.3,NA,NA,NA,NA,NA,NA
7/13/2016,Sunny,SN,DL107,D,FL,3,PP,L,A,38.5,NA,NA,NA,NA,NA,NA
7/13/2016,Sunny,SN,DL107,D,FL,4,PP,2,A,30.5,NA,NA,NA,NA,NA,NA
7/13/2016,Sunny,SN,DL107,D,FL,5,PP,2,A,38.1,NA,NA,NA,NA,NA,NA
7/13/2016,Sunny,SN,DL107,D,FL,6,PP,2,A,28,NA,NA,NA,NA,NA,NA
7/13/2016,Sunny,SN,DL107,D,FL,7,PP,3,A,21.9,NA,NA,NA,NA,NA,NA
7/13/2016,Sunny,SN,DL107,D,FL,8,PP,3,A,19.4,NA,NA,NA,NA,NA,NA
7/13/2016,Sunny,SN,DL107,D,FL,9,PP,3,P,12.8,E,N, 1/1,3.5,3.5,3.5
7/13/2016,Sunny,SN,DL107,D,FL,10,PP,3,A,21,NA,NA,NA,NA,NA,NA
7/13/2016,Sunny,SN,DL107,D,FL,11,PP,3,P,38.3,E,NW, 1/1,10,10,10
7/13/2016,Sunny,SN,DL107,D,FL,12,PP,L,A,29.4,NA,NA,NA,NA,NA,NA
7/13/2016,Sunny,SN,DL107,D,FL,13,PP,L,A,33.3,NA,NA,NA,NA,NA,NA
7/13/2016,Sunny,SN,DL107,D,FL,14,PP,3,A,25,NA,NA,NA,NA,NA,NA
7/13/2016,Sunny,SN,DL107,D,FL,15,PP,L,A,36,NA,NA,NA,NA,NA,NA
7/13/2016,Sunny,SN,DM100,D,FM,1,PP,3,A,33.4,NA,NA,NA,NA,NA,NA
7/13/2016,Sunny,SN,DM100,D,FM,2,PP,2,P,44.1,E,S, 1/1,2,2.2,2.1
7/13/2016,Sunny,SN,DM100,D,FM,2,PP,2,P,45.1,E,S, 1/1,2,2.2,2.1
7/13/2016,Sunny,SN,DM100,D,FM,2,PP,2,P,46.1,E,S, 1/2,3,2.6,2.8
7/13/2016,Sunny,SN,DM100,D,FM,2,PP,2,P,47.1,E,W, 1/3,5,5.2,5.1
7/13/2016,Sunny,SN,DM100,D,FM,2,PP,2,P,48.1,E,W, 1/2,5,5.2,5.1
7/13/2016,Sunny,SN,DM100,D,FM,2,PP,2,P,49.1,E,W, 1/3,5.8,5.6,5.7
7/13/2016,Sunny,SN,DM100,D,FM,2,PP,2,P,50.1,E,W, 1/3,5.8,5.6,5.7
7/13/2016,Sunny,SN,DM104,D,FM,NA,NA,NA,NA,NA,NA,NA,NA,NA,NA,NA
7/13/2016,Sunny,SN,DL108,D,FL,1,PP,L,A,46.6,NA,NA,NA,NA,NA,NA
7/13/2016,Sunny,SN,DL108,D,FL,2,PP,2,A,41.4,NA,NA,NA,NA,NA,NA
7/13/2016,Sunny,SN,DL108,D,FL,3,PP,2,P,39.5,E,W, 1/1,2.1,2.1,2.1
7/13/2016,Sunny,SN,DL23,D,FL,1,PP,1,A,35.5,NA,NA,NA,NA,NA,NA
7/13/2016,Sunny,SN,DL23,D,FL,2,PP,1,A,29.6,NA,NA,NA,NA,NA,NA
7/13/2016,Sunny,SN,DL23,D,FL,3,PP,L,A,26.9,NA,NA,NA,NA,NA,NA
7/13/2016,Sunny,SN,DL23,D,FL,4,PP,2,A,28.6,NA,NA,NA,NA,NA,NA
7/13/2016,Sunny,SN,DL23,D,FL,5,PP,1,A,33.2,NA,NA,NA,NA,NA,NA
7/13/2016,Sunny,SN,DL23,D,FL,6,PP,L,A,31,NA,NA,NA,NA,NA,NA
7/13/2016,Sunny,SN,DL23,D,FL,7,PP,L,A,33.9,NA,NA,NA,NA,NA,NA
7/13/2016,Sunny,SN,DL23,D,FL,8,PP,L,A,29.4,NA,NA,NA,NA,NA,NA
7/13/2016,Sunny,SN,DL23,D,FL,9,PP,L,A,33.3,NA,NA,NA,NA,NA,NA
7/13/2016,Sunny,SN,DL23,D,FL,10,PP,4,NA,6.7,NA,NA,NA,NA,NA,NA
7/13/2016,Sunny,SN,DL23,D,FL,11,PP,4,A,20.2,NA,NA,NA,NA,NA,NA
7/13/2016,Sunny,SN,DL23,D,FL,12,PP,L,A,27,NA,NA,NA,NA,NA,NA
7/13/2016,Sunny,SN,DL23,D,FL,13,PP,L,A,39.4,NA,NA,NA,NA,NA,NA
7/13/2016,Sunny,SN,DL23,D,FL,14,PP,L,A,22.8,NA,NA,NA,NA,NA,NA
7/13/2016,Sunny,SN,DL23,D,FL,15,PP,L,A,24.4,NA,NA,NA,NA,NA,NA
7/13/2016,Sunny,SN,DL23,D,FL,16,PP,L,A,15.5,NA,NA,NA,NA,NA,NA
7/13/2016,Sunny,SN,DL23,D,FL,17,PP,1,A,27.5,NA,NA,NA,NA,NA,NA
7/13/2016,Sunny,SN,DL23,D,FL,18,PP,L,A,32.4,NA,NA,NA,NA,NA,NA
7/13/2016,Sunny,SN,DL23,D,FL,19,PP,1,A,31,NA,NA,NA,NA,NA,NA
7/13/2016,Sunny,SN,DL23,D,FL,20,PP,L,A,26.1,NA,NA,NA,NA,NA,NA
7/13/2016,Sunny,SN,DL23,D,FL,21,PP,2,A,13,NA,NA,NA,NA,NA,NA
7/13/2016,Sunny,SN,DL23,D,FL,22,PP,L,A,27.2,NA,NA,NA,NA,NA,NA
7/13/2016,Sunny,SN,DL23,D,FL,23,PP,L,A,30.3,NA,NA,NA,NA,NA,NA
7/13/2016,Sunny,SN,DL23,D,FL,24,PP,1,NA,6.8,NA,NA,NA,NA,NA,NA
7/13/2016,Sunny,SN,DL23,D,FL,25,PP,L,A,50,NA,NA,NA,NA,NA,NA
7/13/2016,Sunny,SN,DL23,D,FL,26,PP,1,A,28.9,NA,NA,NA,NA,NA,NA
7/13/2016,Sunny,SN,DL105,D,FL,1,PP,L,A,40.9,NA,NA,NA,NA,NA,NA
7/13/2016,Sunny,SN,DL105,D,FL,2,PP,L,A,47.9,NA,NA,NA,NA,NA,NA
7/13/2016,Sunny,SN,DL105,D,FL,3,PP,1,A,41,NA,NA,NA,NA,NA,NA
7/13/2016,Sunny,SN,DL105,D,FL,4,PP,2,P,44.4,E,E, 1/2,7.8,7.8,7.8
7/13/2016,Sunny,SN,DL59,D,FL,1,PP,L,A,22.5,NA,NA,NA,NA,NA,NA
7/13/2016,Sunny,SN,DL59,D,FL,2,PP,L,A,23.5,NA,NA,NA,NA,NA,NA
7/13/2016,Sunny,SN,DL59,D,FL,3,PP,L,A,32,NA,NA,NA,NA,NA,NA
7/13/2016,Sunny,SN,DL59,D,FL,4,PP,L,A,28.8,NA,NA,NA,NA,NA,NA
7/13/2016,Sunny,SN,DL59,D,FL,5,PP,L,A,28.4,NA,NA,NA,NA,NA,NA
7/13/2016,Sunny,SN,DL59,D,FL,6,PP,L,A,25.2,NA,NA,NA,NA,NA,NA
7/13/2016,Sunny,SN,DL59,D,FL,7,PP,L,A,17.2,NA,NA,NA,NA,NA,NA
7/13/2016,Sunny,SN,DL59,D,FL,8,PP,L,A,30.2,NA,NA,NA,NA,NA,NA
7/13/2016,Sunny,SN,DL59,D,FL,9,PP,L,A,31.2,NA,NA,NA,NA,NA,NA
7/13/2016,Sunny,SN,DL59,D,FL,10,PP,L,A,21.4,NA,NA,NA,NA,NA,NA
7/13/2016,Sunny,SN,DL59,D,FL,11,PP,L,A,30.9,NA,NA,NA,NA,NA,NA
7/13/2016,Sunny,SN,DL59,D,FL,12,PP,1,A,15.4,NA,NA,NA,NA,NA,NA
7/13/2016,Sunny,SN,DL59,D,FL,13,PP,L,A,36.3,NA,NA,NA,NA,NA,NA
7/13/2016,Sunny,SN,DL59,D,FL,14,PP,L,A,26,NA,NA,NA,NA,NA,NA
7/13/2016,Sunny,SN,DL59,D,FL,15,PP,L,A,25.7,NA,NA,NA,NA,NA,NA
 6/21/16,sunny,SN,DU3,D,FU,1,PP,L,A,35.7,NA,NA,NA,NA,NA,NA
 6/21/16,sunny,SN,DU3,D,FU,2,PP,L,NA,2.5,NA,NA,NA,NA,NA,NA
 6/21/16,sunny,SN,DU3,D,FU,3,PP,L,NA,1,NA,NA,NA,NA,NA,NA
 6/21/16,sunny,SN,DU3,D,FU,4,FRPE,L,NA,5.1,NA,NA,NA,NA,NA,NA
 6/21/16,sunny,SN,DU3,D,FU,5,PP,L,NA,8.4,NA,NA,NA,NA,NA,NA
 6/21/16,sunny,SN,DU3,D,FU,6,PP,L,NA,8.9,NA,NA,NA,NA,NA,NA
 6/21/16,sunny,SN,DU3,D,FU,7,PP,L,NA,8.1,NA,NA,NA,NA,NA,NA
 6/21/16,sunny,SN,DU3,D,FU,8,PP,L,A,11.1,NA,NA,NA,NA,NA,NA
 6/21/16,sunny,SN,DU3,D,FU,9,PP,L,NA,7.7,NA,NA,NA,NA,NA,NA
 6/21/16,sunny,SN,DU3,D,FU,10,PRVI,L,NA,2.8,NA,NA,NA,NA,NA,NA
 6/21/16,sunny,SN,DU3,D,FU,11,PP,L,NA,2,NA,NA,NA,NA,NA,NA
 6/21/16,sunny,SN,DU3,D,FU,12,PP,L,NA,3.4,NA,NA,NA,NA,NA,NA
 6/21/16,sunny,SN,DU3,D,FU,13,PRVI,L,NA,2.2,NA,NA,NA,NA,NA,NA
 6/21/16,sunny,SN,DU3,D,FU,14,PP,L,NA,1.8,NA,NA,NA,NA,NA,NA
 6/21/16,sunny,SN,DU3,D,FU,15,PP,L,NA,8.6,NA,NA,NA,NA,NA,NA
 6/21/16,sunny,SN,DU3,D,FU,16,PP,L,NA,9.2,NA,NA,NA,NA,NA,NA
 6/21/16,sunny,SN,DU3,D,FU,17,PP,L,NA,8.2,NA,NA,NA,NA,NA,NA
 6/21/16,sunny,SN,DU3,D,FU,18,PP,L,NA,2.8,NA,NA,NA,NA,NA,NA
 6/21/16,sunny,SN,DU3,D,FU,19,PP,L,NA,6,NA,NA,NA,NA,NA,NA
 6/21/16,sunny,SN,DU3,D,FU,20,PP,L,NA,10,NA,NA,NA,NA,NA,NA
 6/21/16,sunny,SN,DU3,D,FU,21,PP,L,A,10.6,NA,NA,NA,NA,NA,NA
 6/21/16,sunny,SN,DU3,D,FU,22,PP,L,A,11.3,NA,NA,NA,NA,NA,NA
 6/21/16,sunny,SN,DU3,D,FU,23,PP,L,NA,3.4,NA,NA,NA,NA,NA,NA
 6/21/16,sunny,SN,DU3,D,FU,24,PP,L,NA,2.8,NA,NA,NA,NA,NA,NA
 6/21/16,sunny,SN,DU3,D,FU,25,PP,L,A,15.1,NA,NA,NA,NA,NA,NA
 6/21/16,sunny,SN,DU3,D,FU,26,PP,L,NA,9.6,NA,NA,NA,NA,NA,NA
 6/21/16,sunny,SN,DU3,D,FU,27,PP,L,NA,2,NA,NA,NA,NA,NA,NA
 6/21/16,sunny,SN,DU3,D,FU,28,PP,L,NA,6.4,NA,NA,NA,NA,NA,NA
 6/21/16,sunny,SN,DU3,D,FU,29,PP,L,NA,5.2,NA,NA,NA,NA,NA,NA
 6/21/16,sunny,SN,DU3,D,FU,30,PP,L,NA,2.8,NA,NA,NA,NA,NA,NA
 6/21/16,sunny,SN,DU3,D,FU,31,PP,L,NA,4,NA,NA,NA,NA,NA,NA
 6/21/16,sunny,SN,DU3,D,FU,32,PP,L,NA,8.9,NA,NA,NA,NA,NA,NA
 6/21/16,sunny,SN,DU3,D,FU,33,PP,L,A,10.9,NA,NA,NA,NA,NA,NA
 6/21/16,sunny,SN,DU3,D,FU,34,PP,L,NA,5.4,NA,NA,NA,NA,NA,NA
 6/21/16,sunny,SN,DU3,D,FU,35,PP,L,NA,3.8,NA,NA,NA,NA,NA,NA
 6/21/16,sunny,SN,DU3,D,FU,36,PP,L,NA,2.5,NA,NA,NA,NA,NA,NA
 6/21/16,sunny,SN,DU3,D,FU,37,PP,L,NA,7.7,NA,NA,NA,NA,NA,NA
 6/21/16,sunny,SN,DU3,D,FU,38,PP,L,NA,4.7,NA,NA,NA,NA,NA,NA
 6/21/16,sunny,SN,DU3,D,FU,39,PP,L,NA,12,NA,NA,NA,NA,NA,NA
 6/21/16,sunny,SN,DU3,D,FU,40,PP,L,A,19.5,NA,NA,NA,NA,NA,NA
 6/21/16,sunny,SN,DU3,D,FU,41,PP,L,A,21,NA,NA,NA,NA,NA,NA
 6/21/16,sunny,SN,DU3,D,FU,42,PP,L,NA,7.2,NA,NA,NA,NA,NA,NA
 6/21/16,sunny,SN,DU3,D,FU,43,PP,L,NA,8.9,NA,NA,NA,NA,NA,NA
 6/21/16,sunny,SN,DU3,D,FU,44,PP,L,NA,4.7,NA,NA,NA,NA,NA,NA
 6/21/16,sunny,SN,DU3,D,FU,45,PP,L,NA,6.3,NA,NA,NA,NA,NA,NA
 6/21/16,sunny,SN,DU3,D,FU,46,PP,L,A,12,NA,NA,NA,NA,NA,NA
 6/21/16,sunny,SN,DU3,D,FU,47,PP,L,A,11.3,NA,NA,NA,NA,NA,NA
 6/21/16,sunny,SN,DU3,D,FU,48,PP,L,A,10.3,NA,NA,NA,NA,NA,NA
 6/21/16,sunny,SN,DU3,D,FU,49,PP,L,A,10.5,NA,NA,NA,NA,NA,NA
 6/21/16,sunny,SN,DU3,D,FU,50,PP,L,NA,3.4,NA,NA,NA,NA,NA,NA
 6/21/16,sunny,SN,DU3,D,FU,51,PP,L,A,11.9,NA,NA,NA,NA,NA,NA
 6/21/16,sunny,SN,DU3,D,FU,52,PP,L,A,12.3,NA,NA,NA,NA,NA,NA
 6/21/16,sunny,SN,DU3,D,FU,53,PP,L,NA,4,NA,NA,NA,NA,NA,NA
 6/21/16,sunny,SN,DU3,D,FU,54,PP,L,NA,6.1,NA,NA,NA,NA,NA,NA
 6/21/16,sunny,SN,DU3,D,FU,55,PP,L,NA,8.7,NA,NA,NA,NA,NA,NA
 6/21/16,sunny,SN,DU3,D,FU,56,PP,L,A,10.3,NA,NA,NA,NA,NA,NA
 6/21/16,sunny,SN,DU3,D,FU,57,PP,L,NA,3.6,NA,NA,NA,NA,NA,NA
 6/21/16,sunny,SN,DU3,D,FU,58,PP,L,NA,4.9,NA,NA,NA,NA,NA,NA
 6/21/16,sunny,SN,DU3,D,FU,59,PP,L,A,12.7,NA,NA,NA,NA,NA,NA
 6/21/16,sunny,SN,DU3,D,FU,60,PP,L,NA,2.7,NA,NA,NA,NA,NA,NA
 6/21/16,sunny,SN,DU3,D,FU,61,PP,L,NA,7,NA,NA,NA,NA,NA,NA
 6/21/16,sunny,SN,DU3,D,FU,62,PP,L,A,11.3,NA,NA,NA,NA,NA,NA
 6/21/16,sunny,SN,DU3,D,FU,63,PP,L,NA,7,NA,NA,NA,NA,NA,NA
 6/21/16,sunny,SN,DU3,D,FU,64,PP,L,A,10.3,NA,NA,NA,NA,NA,NA
 6/21/16,sunny,SN,DU3,D,FU,65,PP,L,NA,8.9,NA,NA,NA,NA,NA,NA
 6/21/16,sunny,SN,DU3,D,FU,66,PP,L,A,10.4,NA,NA,NA,NA,NA,NA
 6/21/16,sunny,SN,DU3,D,FU,67,PP,L,A,12.5,NA,NA,NA,NA,NA,NA
 6/21/16,sunny,SN,DU3,D,FU,68,PRVI,L,NA,1.8,NA,NA,NA,NA,NA,NA
 6/21/16,sunny,SN,DU3,D,FU,69,PP,L,NA,1.9,NA,NA,NA,NA,NA,NA
 6/21/16,sunny,SN,DU3,D,FU,70,PP,L,NA,2.9,NA,NA,NA,NA,NA,NA
 6/21/16,sunny,SN,DU3,D,FU,71,PP,L,NA,3,NA,NA,NA,NA,NA,NA
 6/21/16,sunny,SN,DU3,D,FU,72,PP,L,NA,3,NA,NA,NA,NA,NA,NA
 6/21/16,sunny,SN,DU3,D,FU,73,PP,L,NA,4.8,NA,NA,NA,NA,NA,NA
 6/21/16,sunny,SN,DU3,D,FU,74,PP,L,NA,3.8,NA,NA,NA,NA,NA,NA
 6/21/16,sunny,SN,DU3,D,FU,75,PP,L,NA,1.9,NA,NA,NA,NA,NA,NA
 6/21/16,sunny,SN,DU3,D,FU,76,PP,L,NA,2.2,NA,NA,NA,NA,NA,NA
 6/21/16,sunny,SN,DU3,D,FU,77,PP,L,NA,1.9,NA,NA,NA,NA,NA,NA
 6/21/16,sunny,SN,DU3,D,FU,78,PP,L,NA,2,NA,NA,NA,NA,NA,NA
 6/21/16,sunny,SN,DU3,D,FU,79,PP,L,NA,2.4,NA,NA,NA,NA,NA,NA
 6/21/16,sunny,SN,DU3,D,FU,80,PP,L,NA,1.3,NA,NA,NA,NA,NA,NA
 6/21/16,sunny,SN,DU3,D,FU,81,PP,L,A,10.9,NA,NA,NA,NA,NA,NA
 6/21/16,sunny,SN,DU3,D,FU,82,PP,L,A,15,NA,NA,NA,NA,NA,NA
 6/21/16,sunny,SN,DU3,D,FU,83,PP,L,NA,3.7,NA,NA,NA,NA,NA,NA
 6/21/16,sunny,SN,DU3,D,FU,84,PP,L,A,14.6,NA,NA,NA,NA,NA,NA
 6/21/16,sunny,SN,DU3,D,FU,85,PP,L,NA,8.4,NA,NA,NA,NA,NA,NA
 6/21/16,sunny,SN,DU3,D,FU,86,PP,L,A,11,NA,NA,NA,NA,NA,NA
 6/21/16,sunny,SN,DU3,D,FU,87,PP,L,NA,4.1,NA,NA,NA,NA,NA,NA
 6/21/16,sunny,SN,DU3,D,FU,88,PP,L,A,10.2,NA,NA,NA,NA,NA,NA
 6/21/16,sunny,SN,DU3,D,FU,89,PP,L,A,10.4,NA,NA,NA,NA,NA,NA
 6/21/16,sunny,SN,DU3,D,FU,90,PP,L,A,10.4,NA,NA,NA,NA,NA,NA
 6/21/16,sunny,SN,DU3,D,FU,91,PP,L,A,11.6,NA,NA,NA,NA,NA,NA
 6/21/16,sunny,SN,DU3,D,FU,92,PP,L,A,12.3,NA,NA,NA,NA,NA,NA
 6/21/16,sunny,SN,DU3,D,FU,93,PP,L,NA,4.9,NA,NA,NA,NA,NA,NA
 6/21/16,sunny,SN,DU3,D,FU,94,PP,L,NA,7.4,NA,NA,NA,NA,NA,NA
 6/21/16,sunny,SN,DU3,D,FU,95,PP,L,A,10.1,NA,NA,NA,NA,NA,NA
 6/21/16,sunny,SN,DU3,D,FU,96,PP,L,NA,5.5,NA,NA,NA,NA,NA,NA
 6/21/16,sunny,SN,DU3,D,FU,97,PP,L,NA,7.5,NA,NA,NA,NA,NA,NA
 6/21/16,sunny,SN,DU3,D,FU,98,PP,L,NA,7.9,NA,NA,NA,NA,NA,NA
 6/21/16,sunny,SN,DU3,D,FU,99,PP,L,NA,5.2,NA,NA,NA,NA,NA,NA
 6/21/16,sunny,SN,DU3,D,FU,100,PP,L,NA,4,NA,NA,NA,NA,NA,NA
 6/21/16,sunny,SN,DU3,D,FU,101,PP,L,A,14.8,NA,NA,NA,NA,NA,NA
 6/21/16,sunny,SN,DU3,D,FU,102,PP,L,NA,2.6,NA,NA,NA,NA,NA,NA
 6/21/16,sunny,SN,DU3,D,FU,103,PP,L,NA,8.2,NA,NA,NA,NA,NA,NA
 6/21/16,sunny,SN,DU3,D,FU,104,PP,L,NA,8.9,NA,NA,NA,NA,NA,NA
 6/21/16,sunny,SN,DU3,D,FU,105,PP,L,NA,7.3,NA,NA,NA,NA,NA,NA
 6/21/16,sunny,SN,DU3,D,FU,106,PP,L,A,13.2,NA,NA,NA,NA,NA,NA
 6/21/16,sunny,SN,DU3,D,FU,107,PP,L,NA,7.5,NA,NA,NA,NA,NA,NA
 6/21/16,sunny,SN,DU3,D,FU,108,PP,L,NA,4.8,NA,NA,NA,NA,NA,NA
 6/21/16,sunny,SN,DU3,D,FU,109,PP,L,NA,3.1,NA,NA,NA,NA,NA,NA
 6/21/16,sunny,SN,DU3,D,FU,110,PP,L,A,11.2,NA,NA,NA,NA,NA,NA
 6/21/16,sunny,SN,DU3,D,FU,111,PP,L,NA,5,NA,NA,NA,NA,NA,NA
 6/21/16,sunny,SN,DU3,D,FU,112,PP,L,A,11.7,NA,NA,NA,NA,NA,NA
 6/21/16,sunny,SN,DU3,D,FU,113,PP,L,NA,7.1,NA,NA,NA,NA,NA,NA
 6/21/16,sunny,SN,DU3,D,FU,114,PP,L,NA,7.7,NA,NA,NA,NA,NA,NA
 6/21/16,sunny,SN,DU3,D,FU,115,PP,L,NA,8,NA,NA,NA,NA,NA,NA
 6/21/16,sunny,SN,DU3,D,FU,116,PP,L,A,11.8,NA,NA,NA,NA,NA,NA
 6/21/16,sunny,SN,DU3,D,FU,117,PP,L,NA,8.8,NA,NA,NA,NA,NA,NA
 6/21/16,sunny,SN,DU3,D,FU,118,PP,L,NA,8.8,NA,NA,NA,NA,NA,NA
 6/21/16,sunny,SN,DU3,D,FU,119,PP,L,NA,4.8,NA,NA,NA,NA,NA,NA
 6/21/16,sunny,SN,DU3,D,FU,120,PP,L,NA,7.3,NA,NA,NA,NA,NA,NA
 6/21/16,sunny,SN,DU3,D,FU,121,PP,L,A,36.7,NA,NA,NA,NA,NA,NA
 6/21/16,sunny,SN,DU3,D,FU,122,PP,L,NA,2.6,NA,NA,NA,NA,NA,NA
 6/21/16,sunny,SN,DU3,D,FU,123,PP,L,A,24.9,NA,NA,NA,NA,NA,NA
 6/21/16,sunny,SN,DU3,D,FU,124,PP,L,A,14.6,NA,NA,NA,NA,NA,NA
 6/21/16,sunny,SN,DU3,D,FU,125,PP,L,A,28.5,NA,NA,NA,NA,NA,NA
 6/21/16,sunny,SN,DU3,D,FU,126,PRVI,L,NA,1.5,NA,NA,NA,NA,NA,NA
 6/21/16,sunny,SN,DU3,D,FU,127,PP,L,NA,2.1,NA,NA,NA,NA,NA,NA
 6/21/16,sunny,SN,DU3,D,FU,128,PP,L,NA,3.3,NA,NA,NA,NA,NA,NA
 6/21/16,sunny,SN,DU3,D,FU,129,PP,L,NA,2.4,NA,NA,NA,NA,NA,NA
 6/21/16,sunny,SN,DU3,D,FU,130,FRPE,L,NA,1.5,NA,NA,NA,NA,NA,NA
 6/21/16,sunny,SN,DU3,D,FU,131,PP,L,NA,2.2,NA,NA,NA,NA,NA,NA
 6/21/16,sunny,SN,DU3,D,FU,132,PP,L,A,41.5,NA,NA,NA,NA,NA,NA
 6/21/16,sunny,SN,DU3,D,FU,133,PP,L,NA,6,NA,NA,NA,NA,NA,NA
 6/21/16,sunny,SN,DU3,D,FU,134,PP,L,A,16.2,NA,NA,NA,NA,NA,NA
 6/21/16,sunny,SN,DU3,D,FU,135,PP,L,A,19.6,NA,NA,NA,NA,NA,NA
 6/21/16,sunny,SN,DU3,D,FU,136,PP,L,NA,3,NA,NA,NA,NA,NA,NA
 6/21/16,sunny,SN,DU3,D,FU,137,PP,L,A,35,NA,NA,NA,NA,NA,NA
 6/21/16,sunny,SN,DU3,D,FU,138,PP,L,A,10.6,NA,NA,NA,NA,NA,NA
 6/21/16,sunny,SN,DU3,D,FU,139,PP,L,A,31,NA,NA,NA,NA,NA,NA
 6/21/16,sunny,SN,DU3,D,FU,140,PP,L,A,11.2,NA,NA,NA,NA,NA,NA
 6/21/16,sunny,SN,DU3,D,FU,141,PP,L,NA,5.7,NA,NA,NA,NA,NA,NA
 6/21/16,sunny,SN,DU3,D,FU,142,PP,L,NA,7.1,NA,NA,NA,NA,NA,NA
 6/21/16,sunny,SN,DU3,D,FU,143,PP,L,NA,5.7,NA,NA,NA,NA,NA,NA
 6/21/16,sunny,SN,DU3,D,FU,144,PP,L,NA,6.4,NA,NA,NA,NA,NA,NA
 6/21/16,sunny,SN,DU3,D,FU,145,PP,L,NA,7.8,NA,NA,NA,NA,NA,NA
 6/21/16,sunny,SN,DU3,D,FU,146,PP,L,A,12,NA,NA,NA,NA,NA,NA
 6/21/16,sunny,SN,DU3,D,FU,147,PP,L,NA,4.5,NA,NA,NA,NA,NA,NA
 6/21/16,sunny,SN,DU3,D,FU,148,PP,L,A,60.5,NA,NA,NA,NA,NA,NA
 6/21/16,sunny,SN,DU3,D,FU,149,PP,L,NA,6,NA,NA,NA,NA,NA,NA
 6/21/16,sunny,SN,DU3,D,FU,150,PRVI,L,NA,1.4,NA,NA,NA,NA,NA,NA
 6/21/16,sunny,SN,DU3,D,FU,151,PRVI,L,NA,2.7,NA,NA,NA,NA,NA,NA
 6/21/16,sunny,SN,DU3,D,FU,152,PRVI,L,NA,4,NA,NA,NA,NA,NA,NA
 6/21/16,sunny,SN,DU3,D,FU,153,PRVI,L,NA,2.2,NA,NA,NA,NA,NA,NA
 6/21/16,sunny,SN,DU3,D,FU,154,PRVI,L,NA,4,NA,NA,NA,NA,NA,NA
 6/21/16,sunny,SN,DU5,D,FU,1,PP,L,A,52.4,NA,NA,NA,NA,NA,NA
 6/21/16,sunny,SN,DU5,D,FU,2,PP,L,A,43.8,NA,NA,NA,NA,NA,NA
 6/21/16,sunny,SN,DU5,D,FU,3,PP,L,A,17.8,NA,NA,NA,NA,NA,NA
 6/21/16,sunny,SN,DU5,D,FU,4,PP,L,A,30.4,NA,NA,NA,NA,NA,NA
 6/21/16,sunny,SN,DU5,D,FU,5,PP,L,A,34,NA,NA,NA,NA,NA,NA
 6/21/16,sunny,SN,DU5,D,FU,6,PP,L,A,11.1,NA,NA,NA,NA,NA,NA
 6/21/16,sunny,SN,DU5,D,FU,7,PP,L,NA,6.1,NA,NA,NA,NA,NA,NA
 6/21/16,sunny,SN,DU5,D,FU,8,PP,L,NA,6.5,NA,NA,NA,NA,NA,NA
 6/21/16,sunny,SN,DU5,D,FU,9,PP,L,NA,8.1,NA,NA,NA,NA,NA,NA
 6/21/16,sunny,SN,DU5,D,FU,10,PP,L,NA,4.2,NA,NA,NA,NA,NA,NA
 6/21/16,sunny,SN,DU5,D,FU,11,PP,L,NA,5.7,NA,NA,NA,NA,NA,NA
 6/21/16,sunny,SN,DU5,D,FU,12,PP,2,P,28.2,E,SE, 1/1,3,2.8,2.9
 6/21/16,sunny,SN,DU5,D,FU,12,PP,2,P,28.2,E,SE, 1/1,3,2.8,2.9
 6/21/16,sunny,SN,DU5,D,FU,12,PP,2,P,28.2,E,SE, 1/1,3.4,3.4,3.4
 6/21/16,sunny,SN,DU5,D,FU,13,PP,4,A,20,NA,NA,NA,NA,NA,NA
 6/21/16,sunny,SN,DU5,D,FU,14,PP,L,A,10.6,NA,NA,NA,NA,NA,NA
 6/21/16,sunny,SN,DU5,D,FU,15,PP,L,NA,9.6,NA,NA,NA,NA,NA,NA
 6/21/16,sunny,SN,DU5,D,FU,16,PP,L,NA,4.6,NA,NA,NA,NA,NA,NA
 6/21/16,sunny,SN,DU5,D,FU,17,PP,L,A,10.9,NA,NA,NA,NA,NA,NA
 6/21/16,sunny,SN,DU5,D,FU,18,PP,2,P,34.7,E,NW, 1/2,1.5,1.5,1.5
 6/21/16,sunny,SN,DU5,D,FU,18,PP,2,P,34.7,E,NW, 1/2,1.5,1.5,1.5
 6/21/16,sunny,SN,DU5,D,FU,18,PP,2,P,34.7,E,NW, 1/2,2.1,2.1,2.1
 6/21/16,sunny,SN,DU5,D,FU,18,PP,2,P,34.7,E,NW, 1/2,2.1,2.1,2.1
 6/21/16,sunny,SN,DU5,D,FU,18,PP,2,P,34.7,E,W, 1/2,1.1,1.1,1.1
 6/21/16,sunny,SN,DU5,D,FU,18,PP,2,P,34.7,E,S, 1/2,1.4,1.4,1.4
 6/21/16,sunny,SN,DU5,D,FU,18,PP,2,P,34.7,E,S, 1/1,1.4,1.4,1.4
 6/21/16,sunny,SN,DU5,D,FU,18,PP,2,P,34.7,E,S, 1/2,1.7,1.7,1.7
 6/21/16,sunny,SN,DU5,D,FU,18,PP,2,P,34.7,E,S, 1/2,1.7,1.7,1.7
 6/21/16,sunny,SN,DU5,D,FU,18,PP,2,P,34.7,E,SW, 1/2,3,3,3
 6/21/16,sunny,SN,DU5,D,FU,18,PP,2,P,34.7,E,S, 1/1,2.7,2.7,2.7
 6/21/16,sunny,SN,DU5,D,FU,18,PP,2,P,34.7,E,S, 1/1,2.7,2.7,2.7
 6/21/16,sunny,SN,DU5,D,FU,18,PP,2,P,34.7,E,S, 1/2,3.7,3.7,3.7
 6/21/16,sunny,SN,DU5,D,FU,18,PP,2,P,34.7,E,W, 1/2,3.7,3.7,3.7
 6/21/16,sunny,SN,DU5,D,FU,18,PP,2,P,34.7,E,W, 1/1,3.4,3.4,3.4
 6/21/16,sunny,SN,DU5,D,FU,18,PP,2,P,34.7,E,E, 1/1,2.1,2.1,2.1
 6/21/16,sunny,SN,DU5,D,FU,19,PP,L,NA,7.1,NA,NA,NA,NA,NA,NA
 6/21/16,sunny,SN,DU5,D,FU,20,PP,L,NA,6.7,NA,NA,NA,NA,NA,NA
 6/21/16,sunny,SN,DU5,D,FU,21,PP,L,A,19.5,NA,NA,NA,NA,NA,NA
 6/21/16,sunny,SN,DU5,D,FU,22,PP,L,A,42.3,NA,NA,NA,NA,NA,NA
 6/21/16,sunny,SN,DU5,D,FU,23,PP,L,A,46.4,NA,NA,NA,NA,NA,NA
 6/21/16,sunny,SN,DU5,D,FU,24,PP,L,NA,4.7,NA,NA,NA,NA,NA,NA
 6/21/16,sunny,SN,DU5,D,FU,25,PP,L,A,41.8,NA,NA,NA,NA,NA,NA
 6/21/16,sunny,SN,DU5,D,FU,26,PP,L,A,36.6,NA,NA,NA,NA,NA,NA
 6/21/16,sunny,SN,DU5,D,FU,27,PP,L,A,26.5,NA,NA,NA,NA,NA,NA
 6/21/16,sunny,SN,DU4,D,FU,1,PP,L,A,42.2,NA,NA,NA,NA,NA,NA
 6/21/16,sunny,SN,DU4,D,FU,2,PP,L,NA,2.2,NA,NA,NA,NA,NA,NA
 6/21/16,sunny,SN,DU4,D,FU,3,PP,L,A,29.2,NA,NA,NA,NA,NA,NA
 6/21/16,sunny,SN,DU4,D,FU,4,PP,L,A,32,NA,NA,NA,NA,NA,NA
 6/21/16,sunny,SN,DU4,D,FU,5,PP,L,A,28.6,NA,NA,NA,NA,NA,NA
 6/21/16,sunny,SN,DU4,D,FU,6,PP,L,A,37,NA,NA,NA,NA,NA,NA
 6/21/16,sunny,SN,DU4,D,FU,7,PP,L,A,26.9,NA,NA,NA,NA,NA,NA
 6/21/16,sunny,SN,DU4,D,FU,8,PP,L,A,41.8,NA,NA,NA,NA,NA,NA
 6/21/16,sunny,SN,DU4,D,FU,9,PP,L,NA,1.8,NA,NA,NA,NA,NA,NA
 6/21/16,sunny,SN,DU4,D,FU,10,PP,2,A,29,NA,NA,NA,NA,NA,NA
 6/21/16,sunny,SN,DU4,D,FU,11,PP,L,A,36.1,NA,NA,NA,NA,NA,NA
 6/21/16,sunny,SN,DU4,D,FU,12,PP,L,A,30.6,NA,NA,NA,NA,NA,NA
 6/21/16,sunny,SN,DU4,D,FU,13,PP,L,A,33.5,NA,NA,NA,NA,NA,NA
 6/21/16,sunny,SN,DU4,D,FU,14,PP,L,A,20.3,NA,NA,NA,NA,NA,NA
 6/21/16,sunny,SN,DU4,D,FU,15,PP,L,A,21.2,NA,NA,NA,NA,NA,NA
 6/21/16,sunny,SN,DU4,D,FU,16,PP,L,A,25.3,NA,NA,NA,NA,NA,NA
 6/21/16,sunny,SN,DU4,D,FU,17,PP,1,A,19.5,NA,NA,NA,NA,NA,NA
 6/21/16,sunny,SN,DU4,D,FU,18,PP,L,NA,1.4,NA,NA,NA,NA,NA,NA
 6/21/16,sunny,SN,DU4,D,FU,19,PP,L,NA,1.8,NA,NA,NA,NA,NA,NA
 6/21/16,sunny,SN,DU4,D,FU,20,PP,L,NA,1.8,NA,NA,NA,NA,NA,NA
 6/21/16,sunny,SN,DU4,D,FU,21,PP,L,NA,2,NA,NA,NA,NA,NA,NA
 6/21/16,sunny,SN,DU4,D,FU,22,PP,L,NA,2.1,NA,NA,NA,NA,NA,NA
 6/21/16,sunny,SN,DU4,D,FU,23,PP,L,A,13.5,NA,NA,NA,NA,NA,NA
 6/21/16,sunny,SN,DU4,D,FU,24,PP,L,A,14,NA,NA,NA,NA,NA,NA
 6/21/16,sunny,SN,DU4,D,FU,25,PP,L,NA,7.7,NA,NA,NA,NA,NA,NA
 6/21/16,sunny,SN,DU4,D,FU,26,PP,L,NA,3.1,NA,NA,NA,NA,NA,NA
 6/21/16,sunny,SN,DU4,D,FU,27,PP,L,A,42,NA,NA,NA,NA,NA,NA
 6/21/16,sunny,SN,DU4,D,FU,28,PP,L,A,31.1,NA,NA,NA,NA,NA,NA
 6/21/16,sunny,SN,DU4,D,FU,29,PP,L,NA,2.7,NA,NA,NA,NA,NA,NA
 6/21/16,sunny,SN,DU4,D,FU,30,PP,1,A,21.8,NA,NA,NA,NA,NA,NA
 6/21/16,sunny,SN,DU4,D,FU,31,PP,L,A,27.3,NA,NA,NA,NA,NA,NA
 6/21/16,sunny,SN,DU4,D,FU,32,PP,L,NA,2.7,NA,NA,NA,NA,NA,NA
 6/21/16,sunny,SN,DU4,D,FU,33,PP,L,NA,1.8,NA,NA,NA,NA,NA,NA
 6/21/16,sunny,SN,DU4,D,FU,34,PP,L,A,18.9,NA,NA,NA,NA,NA,NA
 6/21/16,sunny,SN,DU4,D,FU,35,PP,L,NA,2.7,NA,NA,NA,NA,NA,NA
 6/21/16,sunny,SN,DU4,D,FU,36,PP,L,A,23.7,NA,NA,NA,NA,NA,NA
 6/21/16,sunny,SN,DU4,D,FU,37,PP,L,A,18.1,NA,NA,NA,NA,NA,NA
 6/21/16,sunny,SN,DU4,D,FU,38,PP,L,P,57.8,E,N, 1/1,1.4,1.4,1.4
 6/21/16,sunny,SN,DU4,D,FU,38,PP,L,P,57.8,E,N, 1/1,2.2,2.2,2.2
 6/21/16,sunny,SN,DU4,D,FU,38,PP,L,P,57.8,E,N, 1/1,7.8,7.6,7.7
 6/21/16,sunny,SN,DU4,D,FU,38,PP,L,P,57.8,E,N, 1/1,5.4,5.2,5.3
 6/21/16,sunny,SN,DU4,D,FU,38,PP,L,P,57.8,E,N, 1/1,5.4,5.2,5.3
 6/21/16,sunny,SN,DU4,D,FU,38,PP,L,P,57.8,E,S, 1/2,4,4,4
 6/21/16,sunny,SN,DU4,D,FU,38,PP,L,P,57.8,E,S, 1/2,4,4,4
 6/21/16,sunny,SN,DU4,D,FU,38,PP,L,P,57.8,E,S, 1/1,4.4,3.8,4.1
 6/21/16,sunny,SN,DU4,D,FU,38,PP,L,P,57.8,E,E, 1/2,3.4,3.8,3.6
 6/21/16,sunny,SN,DU4,D,FU,38,PP,L,P,57.8,E,E, 1/2,3.4,3.8,3.6
 6/21/16,sunny,SN,DU4,D,FU,38,PP,L,P,57.8,E,E, 1/2,3.4,3.8,3.6
 6/21/16,sunny,SN,DU4,D,FU,38,PP,L,P,57.8,E,E, 1/2,3.4,3.8,3.6
 6/21/16,sunny,SN,DU4,D,FU,38,PP,L,P,57.8,E,E, 1/2,3.4,3.8,3.6
 6/21/16,sunny,SN,DU4,D,FU,38,PP,L,P,57.8,E,E, 1/2,3.4,3.8,3.6
 6/21/16,sunny,SN,DU4,D,FU,38,PP,L,P,57.8,E,E, 1/1,4.2,4.2,4.2
 6/21/16,sunny,SN,DU4,D,FU,38,PP,L,P,57.8,E,E, 1/1,4.2,4.2,4.2
 6/21/16,sunny,SN,DU4,D,FU,38,PP,L,P,57.8,E,E, 1/1,5.8,5.8,5.8
 6/21/16,sunny,SN,DU4,D,FU,39,PP,1,A,36.2,NA,NA,NA,NA,NA,NA
 6/21/16,sunny,SN,DU4,D,FU,40,PP,1,A,34.8,NA,NA,NA,NA,NA,NA
 6/21/16,sunny,SN,DU4,D,FU,41,PP,1,NA,4,NA,NA,NA,NA,NA,NA
 6/21/16,sunny,SN,DU4,D,FU,42,PP,L,A,29,NA,NA,NA,NA,NA,NA
 6/21/16,sunny,SN,DU4,D,FU,43,PP,1,NA,2,NA,NA,NA,NA,NA,NA
 6/21/16,sunny,SN,DU4,D,FU,44,PP,1,NA,2,NA,NA,NA,NA,NA,NA
 6/21/16,sunny,SN,DU4,D,FU,45,PP,L,A,32.1,NA,NA,NA,NA,NA,NA
 6/21/16,sunny,SN,DU4,D,FU,46,PP,L,A,27.9,NA,NA,NA,NA,NA,NA
 6/21/16,sunny,SN,DU4,D,FU,47,PP,L,A,37,NA,NA,NA,NA,NA,NA
 6/21/16,sunny,SN,DU4,D,FU,48,PP,L,A,37.1,NA,NA,NA,NA,NA,NA
 6/21/16,sunny,SN,DU4,D,FU,49,PP,L,A,45.9,NA,NA,NA,NA,NA,NA
 6/21/16,sunny,SN,DU4,D,FU,50,PP,L,A,25.1,NA,NA,NA,NA,NA,NA
 6/21/16,sunny,SN,DU4,D,FU,51,PP,L,NA,3,NA,NA,NA,NA,NA,NA
 6/21/16,sunny,SN,DU4,D,FU,52,PP,L,A,44,NA,NA,NA,NA,NA,NA
 6/21/16,sunny,SN,DU4,D,FU,53,PP,L,A,39,NA,NA,NA,NA,NA,NA
 6/22/16,sunny,SN,DU1,D,FU,1,PP,L,A,29.8,NA,NA,NA,NA,NA,NA
 6/22/16,sunny,SN,DU1,D,FU,2,PP,L,A,28.1,NA,NA,NA,NA,NA,NA
 6/22/16,sunny,SN,DU1,D,FU,3,PP,L,A,22.7,NA,NA,NA,NA,NA,NA
 6/22/16,sunny,SN,DU1,D,FU,4,PP,L,A,16.2,NA,NA,NA,NA,NA,NA
 6/22/16,sunny,SN,DU1,D,FU,5,PP,L,A,15.1,NA,NA,NA,NA,NA,NA
 6/22/16,sunny,SN,DU1,D,FU,6,PP,L,NA,9,NA,NA,NA,NA,NA,NA
 6/22/16,sunny,SN,DU1,D,FU,7,PP,1,A,14.5,NA,NA,NA,NA,NA,NA
 6/22/16,sunny,SN,DU1,D,FU,8,PP,L,A,17,NA,NA,NA,NA,NA,NA
 6/22/16,sunny,SN,DU1,D,FU,9,PP,L,A,19.1,NA,NA,NA,NA,NA,NA
 6/22/16,sunny,SN,DU1,D,FU,10,PP,L,A,14.4,NA,NA,NA,NA,NA,NA
 6/22/16,sunny,SN,DU1,D,FU,11,PP,L,A,24.7,NA,NA,NA,NA,NA,NA
 6/22/16,sunny,SN,DU1,D,FU,12,PP,L,A,14.4,NA,NA,NA,NA,NA,NA
 6/22/16,sunny,SN,DU1,D,FU,13,PP,2,A,11.6,NA,NA,NA,NA,NA,NA
 6/22/16,sunny,SN,DU1,D,FU,14,PP,L,A,18.2,NA,NA,NA,NA,NA,NA
 6/22/16,sunny,SN,DU1,D,FU,15,PP,L,A,19.5,NA,NA,NA,NA,NA,NA
 6/22/16,sunny,SN,DU1,D,FU,16,PP,L,A,24.5,NA,NA,NA,NA,NA,NA
 6/22/16,sunny,SN,DU1,D,FU,17,PP,L,A,24.4,NA,NA,NA,NA,NA,NA
 6/22/16,sunny,SN,DU1,D,FU,18,PP,L,NA,3.1,NA,NA,NA,NA,NA,NA
 6/22/16,sunny,SN,DU1,D,FU,19,PP,L,A,22.7,NA,NA,NA,NA,NA,NA
 6/22/16,sunny,SN,DU1,D,FU,20,PP,L,A,30.1,NA,NA,NA,NA,NA,NA
 6/22/16,sunny,SN,DU1,D,FU,21,PP,L,NA,5.8,NA,NA,NA,NA,NA,NA
 6/22/16,sunny,SN,DU1,D,FU,22,PP,L,NA,6.2,NA,NA,NA,NA,NA,NA
 6/22/16,sunny,SN,DU1,D,FU,23,PP,L,A,40.8,NA,NA,NA,NA,NA,NA
 6/22/16,sunny,SN,DU1,D,FU,24,PP,L,A,27.6,NA,NA,NA,NA,NA,NA
 6/22/16,sunny,SN,DU1,D,FU,25,PP,L,A,30.9,NA,NA,NA,NA,NA,NA
 6/22/16,sunny,SN,DU1,D,FU,26,PP,L,A,34.3,NA,NA,NA,NA,NA,NA
 6/22/16,sunny,SN,DU1,D,FU,27,PP,L,A,15.9,NA,NA,NA,NA,NA,NA
 6/22/16,sunny,SN,DU1,D,FU,28,PP,L,NA,3.9,NA,NA,NA,NA,NA,NA
 6/22/16,sunny,SN,DU1,D,FU,29,PP,L,A,26.1,NA,NA,NA,NA,NA,NA
 6/22/16,sunny,SN,DU1,D,FU,30,PP,L,P,47.3,E,SW, 1/1,2.8,2.8,2.8
 6/22/16,sunny,SN,DU1,D,FU,30,PP,L,P,47.3,E,SW, 1/2,2.8,2.8,2.8
 6/22/16,sunny,SN,DU1,D,FU,31,PP,L,A,24.6,NA,NA,NA,NA,NA,NA
 6/22/16,sunny,SN,DU1,D,FU,32,PP,L,A,27.4,NA,NA,NA,NA,NA,NA
 6/22/16,sunny,SN,DU1,D,FU,33,PP,L,A,12.9,NA,NA,NA,NA,NA,NA
 6/22/16,sunny,SN,DU1,D,FU,34,PP,L,A,24.7,NA,NA,NA,NA,NA,NA
 6/22/16,sunny,SN,DU1,D,FU,35,PP,L,A,24.5,NA,NA,NA,NA,NA,NA
 6/22/16,sunny,SN,DU1,D,FU,36,PP,L,A,31,NA,NA,NA,NA,NA,NA
 6/22/16,sunny,SN,DU1,D,FU,37,PP,L,A,20.3,NA,NA,NA,NA,NA,NA
 6/22/16,sunny,SN,DU1,D,FU,38,PP,L,A,13,NA,NA,NA,NA,NA,NA
 6/22/16,sunny,SN,DU1,D,FU,39,PP,2,A,19,NA,NA,NA,NA,NA,NA
 6/22/16,sunny,SN,DU1,D,FU,40,PP,L,NA,6.1,NA,NA,NA,NA,NA,NA
 6/22/16,sunny,SN,DU1,D,FU,41,PP,L,A,18.9,NA,NA,NA,NA,NA,NA
 6/22/16,sunny,SN,DU1,D,FU,42,PP,L,A,10.6,NA,NA,NA,NA,NA,NA
 6/22/16,sunny,SN,DU1,D,FU,43,PP,L,A,28,NA,NA,NA,NA,NA,NA
 6/22/16,sunny,SN,DU1,D,FU,44,PP,L,A,25,NA,NA,NA,NA,NA,NA
 6/22/16,sunny,SN,DU1,D,FU,45,PP,L,NA,7.4,NA,NA,NA,NA,NA,NA
 6/22/16,sunny,SN,DU1,D,FU,46,PP,L,A,22.5,NA,NA,NA,NA,NA,NA
 6/22/16,sunny,SN,DU1,D,FU,47,PP,L,A,15.2,NA,NA,NA,NA,NA,NA
 6/22/16,sunny,SN,DU1,D,FU,48,PP,2,A,15.6,NA,NA,NA,NA,NA,NA
 6/22/16,sunny,SN,DU1,D,FU,49,PP,2,NA,8.8,NA,NA,NA,NA,NA,NA
 6/22/16,sunny,SN,DU1,D,FU,50,PP,L,A,14,NA,NA,NA,NA,NA,NA
 6/22/16,sunny,SN,DU1,D,FU,51,PP,L,A,12.6,NA,NA,NA,NA,NA,NA
 6/22/16,sunny,SN,DU1,D,FU,52,PP,L,A,22.1,NA,NA,NA,NA,NA,NA
 6/22/16,sunny,SN,DU1,D,FU,53,PP,L,A,19.3,NA,NA,NA,NA,NA,NA
 6/22/16,sunny,SN,DU1,D,FU,54,PP,L,A,19.3,NA,NA,NA,NA,NA,NA
 6/22/16,sunny,SN,DU1,D,FU,55,PP,L,A,20.2,NA,NA,NA,NA,NA,NA
 6/22/16,sunny,SN,DU1,D,FU,56,PP,L,A,17.4,NA,NA,NA,NA,NA,NA
 6/22/16,sunny,SN,DU1,D,FU,57,PP,L,A,23.3,NA,NA,NA,NA,NA,NA
 6/22/16,sunny,SN,DU1,D,FU,58,PP,L,A,37.5,NA,NA,NA,NA,NA,NA
 6/22/16,sunny,SN,DU1,D,FU,59,PP,L,A,14.8,NA,NA,NA,NA,NA,NA
 6/22/16,sunny,SN,DU1,D,FU,60,PP,L,A,29.4,NA,NA,NA,NA,NA,NA
 6/22/16,sunny,SN,DU1,D,FU,61,PP,L,A,22.4,NA,NA,NA,NA,NA,NA
 6/22/16,sunny,SN,DU1,D,FU,62,PP,L,A,23.3,NA,NA,NA,NA,NA,NA
 6/22/16,sunny,SN,DU1,D,FU,63,PP,L,A,20.5,NA,NA,NA,NA,NA,NA
 6/22/16,sunny,SN,DU1,D,FU,64,PP,L,A,18.2,NA,NA,NA,NA,NA,NA
 6/22/16,sunny,SN,DU1,D,FU,65,PP,L,A,20,NA,NA,NA,NA,NA,NA
 6/22/16,sunny,SN,DU1,D,FU,66,PP,L,A,17.1,NA,NA,NA,NA,NA,NA
 6/22/16,sunny,SN,DU1,D,FU,67,PP,L,A,16.9,NA,NA,NA,NA,NA,NA
 6/22/16,sunny,SN,DU1,D,FU,68,PP,L,A,39.8,NA,NA,NA,NA,NA,NA
 6/22/16,sunny,SN,DU1,D,FU,69,PP,L,A,12.8,NA,NA,NA,NA,NA,NA
 6/22/16,sunny,SN,DU1,D,FU,70,PP,L,A,12,NA,NA,NA,NA,NA,NA
 6/22/16,sunny,SN,DU1,D,FU,71,PP,1,NA,9.6,NA,NA,NA,NA,NA,NA
 6/22/16,sunny,SN,DU1,D,FU,72,PP,L,A,40,NA,NA,NA,NA,NA,NA
 6/22/16,sunny,SN,DU1,D,FU,73,PP,L,A,10.8,NA,NA,NA,NA,NA,NA
 6/22/16,sunny,SN,DU1,D,FU,74,PP,L,A,17.7,NA,NA,NA,NA,NA,NA
 6/22/16,sunny,SN,DU1,D,FU,75,PP,L,NA,7.2,NA,NA,NA,NA,NA,NA
 6/22/16,sunny,SN,DU1,D,FU,76,PP,L,NA,5.1,NA,NA,NA,NA,NA,NA
 6/22/16,sunny,SN,DU9,D,FU,1,PP,L,NA,5.9,NA,NA,NA,NA,NA,NA
 6/22/16,sunny,SN,DU9,D,FU,2,PP,L,NA,2.5,NA,NA,NA,NA,NA,NA
 6/22/16,sunny,SN,DU9,D,FU,3,PP,L,A,35.6,NA,NA,NA,NA,NA,NA
 6/22/16,sunny,SN,DU9,D,FU,4,PP,L,A,24.5,NA,NA,NA,NA,NA,NA
 6/22/16,sunny,SN,DU9,D,FU,5,PP,L,A,30.9,NA,NA,NA,NA,NA,NA
 6/22/16,sunny,SN,DU9,D,FU,6,PP,L,A,17.7,NA,NA,NA,NA,NA,NA
 6/22/16,sunny,SN,DU9,D,FU,7,PP,L,NA,7.2,NA,NA,NA,NA,NA,NA
 6/22/16,sunny,SN,DU9,D,FU,8,PP,L,A,23.4,NA,NA,NA,NA,NA,NA
 6/22/16,sunny,SN,DU9,D,FU,9,PP,L,A,11.6,NA,NA,NA,NA,NA,NA
 6/22/16,sunny,SN,DU9,D,FU,10,PP,L,A,16,NA,NA,NA,NA,NA,NA
 6/22/16,sunny,SN,DU9,D,FU,11,PP,L,A,37.6,NA,NA,NA,NA,NA,NA
 6/22/16,sunny,SN,DU9,D,FU,12,PP,L,NA,7.5,NA,NA,NA,NA,NA,NA
 6/22/16,sunny,SN,DU9,D,FU,13,PP,2,P,34.8,N,W, 3/36,1,1,1
 6/22/16,sunny,SN,DU9,D,FU,14,PP,L,A,18.5,NA,NA,NA,NA,NA,NA
 6/22/16,sunny,SN,DU9,D,FU,15,PP,L,A,11,NA,NA,NA,NA,NA,NA
 6/22/16,sunny,SN,DU9,D,FU,16,PP,L,NA,2.7,NA,NA,NA,NA,NA,NA
 6/22/16,sunny,SN,DU9,D,FU,17,PP,L,NA,7.5,NA,NA,NA,NA,NA,NA
 6/22/16,sunny,SN,DU9,D,FU,18,PP,L,A,20.8,NA,NA,NA,NA,NA,NA
 6/22/16,sunny,SN,DU9,D,FU,19,PP,L,A,23.7,NA,NA,NA,NA,NA,NA
 6/22/16,sunny,SN,DU9,D,FU,20,PP,L,A,24,NA,NA,NA,NA,NA,NA
 6/22/16,sunny,SN,DU9,D,FU,21,PP,3,NA,5.1,NA,NA,NA,NA,NA,NA
 6/22/16,sunny,SN,DU9,D,FU,22,PP,L,A,19.8,NA,NA,NA,NA,NA,NA
 6/22/16,sunny,SN,DU9,D,FU,23,PP,L,A,24.8,NA,NA,NA,NA,NA,NA
 6/22/16,sunny,SN,DU9,D,FU,24,PP,L,A,19.8,NA,NA,NA,NA,NA,NA
 6/22/16,sunny,SN,DU9,D,FU,25,PP,L,A,20.5,NA,NA,NA,NA,NA,NA
 6/22/16,sunny,SN,DU9,D,FU,26,PP,L,A,12.7,NA,NA,NA,NA,NA,NA
 6/22/16,sunny,SN,DU9,D,FU,27,PP,L,A,13.9,NA,NA,NA,NA,NA,NA
 6/22/16,sunny,SN,DU9,D,FU,28,PP,L,NA,4,NA,NA,NA,NA,NA,NA
 6/22/16,sunny,SN,DU9,D,FU,29,PP,L,NA,4.9,NA,NA,NA,NA,NA,NA
 6/22/16,sunny,SN,DU9,D,FU,30,PP,L,A,32.5,NA,NA,NA,NA,NA,NA
 6/22/16,sunny,SN,DU9,D,FU,31,PP,L,A,26.3,NA,NA,NA,NA,NA,NA
 6/22/16,sunny,SN,DU9,D,FU,32,PP,L,NA,1.5,NA,NA,NA,NA,NA,NA
 6/22/16,sunny,SN,DU9,D,FU,33,PP,L,NA,4.3,NA,NA,NA,NA,NA,NA
 6/22/16,sunny,SN,DU9,D,FU,34,PP,L,NA,3.2,NA,NA,NA,NA,NA,NA
 6/22/16,sunny,SN,DU9,D,FU,35,PP,L,NA,9.8,NA,NA,NA,NA,NA,NA
 6/22/16,sunny,SN,DU9,D,FU,36,PP,L,NA,3.7,NA,NA,NA,NA,NA,NA
 6/22/16,sunny,SN,DU9,D,FU,37,PP,L,NA,2.7,NA,NA,NA,NA,NA,NA
 6/22/16,sunny,SN,DU9,D,FU,38,PP,L,NA,2.5,NA,NA,NA,NA,NA,NA
 6/22/16,sunny,SN,DU9,D,FU,39,PP,L,NA,2,NA,NA,NA,NA,NA,NA
 6/22/16,sunny,SN,DU9,D,FU,40,PP,L,NA,2.1,NA,NA,NA,NA,NA,NA
 6/22/16,sunny,SN,DU9,D,FU,41,PP,L,NA,2.6,NA,NA,NA,NA,NA,NA
 6/22/16,sunny,SN,DU9,D,FU,42,PP,L,NA,3.7,NA,NA,NA,NA,NA,NA
 6/22/16,sunny,SN,DU9,D,FU,43,PP,L,NA,2.2,NA,NA,NA,NA,NA,NA
 6/22/16,sunny,SN,DU9,D,FU,44,PP,L,A,23,NA,NA,NA,NA,NA,NA
 6/22/16,sunny,SN,DU9,D,FU,45,PP,L,A,22.7,NA,NA,NA,NA,NA,NA
 6/22/16,sunny,SN,DU9,D,FU,46,PP,L,A,12.3,NA,NA,NA,NA,NA,NA
 6/22/16,sunny,SN,DU9,D,FU,47,PP,L,A,19.6,NA,NA,NA,NA,NA,NA
 6/22/16,sunny,SN,DU9,D,FU,48,PP,1,A,22.4,NA,NA,NA,NA,NA,NA
 6/22/16,sunny,SN,DU9,D,FU,49,PP,L,A,29.2,NA,NA,NA,NA,NA,NA
 6/22/16,sunny,SN,DU9,D,FU,50,PP,L,A,13,NA,NA,NA,NA,NA,NA
 6/22/16,sunny,SN,DU9,D,FU,51,PP,L,A,13.2,NA,NA,NA,NA,NA,NA
 6/22/16,sunny,SN,DU9,D,FU,52,PP,L,A,15,NA,NA,NA,NA,NA,NA
 6/22/16,sunny,SN,DU9,D,FU,53,PP,L,A,38.7,NA,NA,NA,NA,NA,NA
 6/22/16,sunny,SN,DU9,D,FU,54,PP,L,A,31.5,NA,NA,NA,NA,NA,NA
 6/22/16,sunny,SN,DU9,D,FU,55,PP,L,NA,3,NA,NA,NA,NA,NA,NA
 6/22/16,sunny,SN,DU9,D,FU,56,PP,L,NA,3.2,NA,NA,NA,NA,NA,NA
 6/22/16,sunny,SN,DU9,D,FU,57,PP,L,NA,1.5,NA,NA,NA,NA,NA,NA
 6/22/16,sunny,SN,DU9,D,FU,58,PP,L,A,37.6,NA,NA,NA,NA,NA,NA
 6/22/16,sunny,SN,DU9,D,FU,59,PP,L,NA,2,NA,NA,NA,NA,NA,NA
 6/22/16,sunny,SN,DU9,D,FU,60,PP,L,NA,5.7,NA,NA,NA,NA,NA,NA
 6/22/16,sunny,SN,DU9,D,FU,61,PP,L,NA,7.4,NA,NA,NA,NA,NA,NA
 6/22/16,sunny,SN,DU9,D,FU,62,PP,L,NA,4.6,NA,NA,NA,NA,NA,NA
 6/22/16,sunny,SN,DU9,D,FU,63,PP,L,NA,4.9,NA,NA,NA,NA,NA,NA
 6/22/16,sunny,SN,DU9,D,FU,64,PP,L,NA,1.8,NA,NA,NA,NA,NA,NA
 6/22/16,sunny,SN,DU9,D,FU,65,PP,L,NA,2.2,NA,NA,NA,NA,NA,NA
 6/22/16,sunny,SN,DU9,D,FU,66,PP,L,A,30.5,NA,NA,NA,NA,NA,NA
 6/22/16,sunny,SN,DU9,D,FU,67,PP,L,A,14.9,NA,NA,NA,NA,NA,NA
 6/22/16,sunny,SN,DU9,D,FU,68,PP,L,A,15.9,NA,NA,NA,NA,NA,NA
 6/22/16,sunny,SN,DU9,D,FU,69,PP,L,A,24.9,NA,NA,NA,NA,NA,NA
 6/22/16,sunny,SN,DU9,D,FU,70,PP,L,A,23,NA,NA,NA,NA,NA,NA
 6/22/16,sunny,SN,DU9,D,FU,71,PP,L,A,22,NA,NA,NA,NA,NA,NA
 6/22/16,sunny,SN,DU9,D,FU,72,PP,L,A,22.2,NA,NA,NA,NA,NA,NA
 6/22/16,sunny,SN,DU9,D,FU,73,PP,L,A,34.6,NA,NA,NA,NA,NA,NA
 6/22/16,sunny,SN,DU9,D,FU,74,PP,L,A,13.2,NA,NA,NA,NA,NA,NA
 6/22/16,sunny,SN,DU9,D,FU,75,PP,L,A,24.7,NA,NA,NA,NA,NA,NA
 6/22/16,sunny,SN,DU9,D,FU,76,PP,L,A,18.9,NA,NA,NA,NA,NA,NA
 6/22/16,sunny,SN,DU9,D,FU,77,PP,L,A,10.9,NA,NA,NA,NA,NA,NA
 6/22/16,sunny,SN,DU9,D,FU,78,PP,L,A,17.9,NA,NA,NA,NA,NA,NA
 6/22/16,sunny,SN,DU9,D,FU,79,PP,L,NA,9.4,NA,NA,NA,NA,NA,NA
 6/22/16,sunny,SN,DU9,D,FU,80,PP,L,A,30.3,NA,NA,NA,NA,NA,NA
 6/22/16,sunny,SN,DU9,D,FU,81,PP,L,NA,2.3,NA,NA,NA,NA,NA,NA
 6/22/16,sunny,SN,DU2,D,FU,1,PP,L,A,47.8,NA,NA,NA,NA,NA,NA
 6/22/16,sunny,SN,DU2,D,FU,2,PP,L,A,20,NA,NA,NA,NA,NA,NA
 6/22/16,sunny,SN,DU2,D,FU,3,PP,L,A,18.8,NA,NA,NA,NA,NA,NA
 6/22/16,sunny,SN,DU2,D,FU,4,PP,L,NA,7.5,NA,NA,NA,NA,NA,NA
 6/22/16,sunny,SN,DU2,D,FU,5,PP,L,NA,1.9,NA,NA,NA,NA,NA,NA
 6/22/16,sunny,SN,DU2,D,FU,6,PP,L,NA,2.5,NA,NA,NA,NA,NA,NA
 6/22/16,sunny,SN,DU2,D,FU,7,PP,L,NA,4.5,NA,NA,NA,NA,NA,NA
 6/22/16,sunny,SN,DU2,D,FU,8,PP,L,NA,3,NA,NA,NA,NA,NA,NA
 6/22/16,sunny,SN,DU2,D,FU,9,PP,L,A,29.6,NA,NA,NA,NA,NA,NA
 6/22/16,sunny,SN,DU2,D,FU,10,PP,L,A,15.2,NA,NA,NA,NA,NA,NA
 6/22/16,sunny,SN,DU2,D,FU,11,PP,L,A,51.5,NA,NA,NA,NA,NA,NA
 6/22/16,sunny,SN,DU2,D,FU,12,PP,L,A,24.2,NA,NA,NA,NA,NA,NA
 6/22/16,sunny,SN,DU2,D,FU,13,PP,L,A,10.9,NA,NA,NA,NA,NA,NA
 6/22/16,sunny,SN,DU2,D,FU,14,PP,L,NA,8.2,NA,NA,NA,NA,NA,NA
 6/22/16,sunny,SN,DU2,D,FU,15,PP,L,A,27.1,NA,NA,NA,NA,NA,NA
 6/22/16,sunny,SN,DU2,D,FU,16,PP,L,NA,1.3,NA,NA,NA,NA,NA,NA
 6/22/16,sunny,SN,DU2,D,FU,17,PP,L,NA,1.7,NA,NA,NA,NA,NA,NA
 6/22/16,sunny,SN,DU2,D,FU,18,PP,L,NA,8.3,NA,NA,NA,NA,NA,NA
 6/22/16,sunny,SN,DU2,D,FU,19,PP,L,A,21,NA,NA,NA,NA,NA,NA
 6/22/16,sunny,SN,DU2,D,FU,20,PP,L,NA,10,NA,NA,NA,NA,NA,NA
 6/22/16,sunny,SN,DU2,D,FU,21,PP,L,NA,5.9,NA,NA,NA,NA,NA,NA
 6/22/16,sunny,SN,DU2,D,FU,22,PP,L,NA,8.5,NA,NA,NA,NA,NA,NA
 6/22/16,sunny,SN,DU2,D,FU,23,PP,L,A,43.3,NA,NA,NA,NA,NA,NA
 6/22/16,sunny,SN,DU2,D,FU,24,PP,L,A,23.8,NA,NA,NA,NA,NA,NA
 6/22/16,sunny,SN,DU2,D,FU,25,PP,L,A,19.7,NA,NA,NA,NA,NA,NA
 6/22/16,sunny,SN,DU2,D,FU,26,PP,L,A,12,NA,NA,NA,NA,NA,NA
 6/22/16,sunny,SN,DU2,D,FU,27,PP,3,NA,8.5,NA,NA,NA,NA,NA,NA
 6/22/16,sunny,SN,DU2,D,FU,28,PP,L,A,39.6,NA,NA,NA,NA,NA,NA
 6/22/16,sunny,SN,DU2,D,FU,29,PP,L,A,39.7,NA,NA,NA,NA,NA,NA
 6/22/16,sunny,SN,DU2,D,FU,30,PP,L,A,16,NA,NA,NA,NA,NA,NA
 6/22/16,sunny,SN,DU2,D,FU,31,PP,L,A,41.5,NA,NA,NA,NA,NA,NA
 6/22/16,sunny,SN,DU2,D,FU,32,PP,2,A,29.8,NA,NA,NA,NA,NA,NA
 6/22/16,sunny,SN,DU2,D,FU,33,PP,L,A,32.5,NA,NA,NA,NA,NA,NA
 6/22/16,sunny,SN,DU2,D,FU,34,PP,L,NA,1.8,NA,NA,NA,NA,NA,NA
 6/22/16,sunny,SN,DU2,D,FU,35,PP,L,NA,8,NA,NA,NA,NA,NA,NA
 6/22/16,sunny,SN,DU2,D,FU,36,PP,L,A,11.5,NA,NA,NA,NA,NA,NA
 6/22/16,sunny,SN,DU2,D,FU,37,PP,L,A,27.2,NA,NA,NA,NA,NA,NA
 6/22/16,sunny,SN,DU2,D,FU,38,PP,L,NA,6.8,NA,NA,NA,NA,NA,NA
 6/22/16,sunny,SN,DU2,D,FU,39,PP,L,NA,4.7,NA,NA,NA,NA,NA,NA
 6/22/16,sunny,SN,DU2,D,FU,40,PP,L,A,10.6,NA,NA,NA,NA,NA,NA
 6/22/16,sunny,SN,DU2,D,FU,41,PP,L,A,42.3,NA,NA,NA,NA,NA,NA
 6/22/16,sunny,SN,DU2,D,FU,42,PP,L,A,26.3,NA,NA,NA,NA,NA,NA
 6/22/16,sunny,SN,DU2,D,FU,43,PP,1,NA,9.1,NA,NA,NA,NA,NA,NA
 6/22/16,sunny,SN,DU2,D,FU,44,PP,L,A,24.1,NA,NA,NA,NA,NA,NA
 6/22/16,sunny,SN,DU2,D,FU,45,PP,L,A,15.8,NA,NA,NA,NA,NA,NA
 6/22/16,sunny,SN,DU2,D,FU,46,PP,L,NA,2.2,NA,NA,NA,NA,NA,NA
 6/22/16,sunny,SN,DU2,D,FU,47,PP,L,NA,4.4,NA,NA,NA,NA,NA,NA
 6/22/16,sunny,SN,DU2,D,FU,48,PP,L,NA,8.1,NA,NA,NA,NA,NA,NA
 6/22/16,sunny,SN,DU2,D,FU,49,PP,L,NA,2.5,NA,NA,NA,NA,NA,NA
 6/22/16,sunny,SN,DU2,D,FU,50,PP,L,A,14.4,NA,NA,NA,NA,NA,NA
 6/22/16,sunny,SN,DU2,D,FU,51,PP,L,NA,3.7,NA,NA,NA,NA,NA,NA
 6/22/16,sunny,SN,DU2,D,FU,52,PP,L,NA,3.1,NA,NA,NA,NA,NA,NA
 6/22/16,sunny,SN,DU2,D,FU,53,PP,L,NA,3.5,NA,NA,NA,NA,NA,NA
 6/22/16,sunny,SN,DU2,D,FU,54,PP,L,A,19.1,NA,NA,NA,NA,NA,NA
 6/22/16,sunny,SN,DU2,D,FU,55,PP,L,A,12.6,NA,NA,NA,NA,NA,NA
 6/22/16,sunny,SN,DU2,D,FU,56,PP,L,A,23.5,NA,NA,NA,NA,NA,NA
 6/22/16,sunny,SN,DU2,D,FU,57,PP,L,NA,8.5,NA,NA,NA,NA,NA,NA
 6/22/16,sunny,SN,DU2,D,FU,58,PP,L,NA,6.3,NA,NA,NA,NA,NA,NA
 6/22/16,sunny,SN,DU2,D,FU,59,PP,L,NA,5.6,NA,NA,NA,NA,NA,NA
 6/22/16,sunny,SN,DU2,D,FU,60,PP,L,NA,6,NA,NA,NA,NA,NA,NA
 6/22/16,sunny,SN,DU2,D,FU,61,PP,L,A,35.4,NA,NA,NA,NA,NA,NA
 6/22/16,sunny,SN,DU2,D,FU,62,PP,L,A,10.8,NA,NA,NA,NA,NA,NA
 6/22/16,sunny,SN,DU2,D,FU,63,PP,L,NA,9.3,NA,NA,NA,NA,NA,NA
 6/22/16,sunny,SN,DU2,D,FU,64,PP,L,NA,5.9,NA,NA,NA,NA,NA,NA
 6/22/16,sunny,SN,DU2,D,FU,65,PP,L,NA,5.5,NA,NA,NA,NA,NA,NA
 6/22/16,sunny,SN,DU2,D,FU,66,PP,L,A,12.7,NA,NA,NA,NA,NA,NA
 6/22/16,sunny,SN,DU2,D,FU,67,PP,L,NA,9.8,NA,NA,NA,NA,NA,NA
 6/22/16,sunny,SN,DU2,D,FU,68,PP,L,NA,2.3,NA,NA,NA,NA,NA,NA
 6/22/16,sunny,SN,DU2,D,FU,69,PP,L,NA,1.4,NA,NA,NA,NA,NA,NA
 6/22/16,sunny,SN,DU6,D,FU,1,PP,L,A,52.8,NA,NA,NA,NA,NA,NA
 6/22/16,sunny,SN,DU6,D,FU,2,PP,L,A,19.9,NA,NA,NA,NA,NA,NA
 6/22/16,sunny,SN,DU6,D,FU,3,PP,L,NA,3.7,NA,NA,NA,NA,NA,NA
 6/22/16,sunny,SN,DU6,D,FU,4,PP,1,A,15.3,NA,NA,NA,NA,NA,NA
 6/22/16,sunny,SN,DU6,D,FU,5,PP,L,NA,4.8,NA,NA,NA,NA,NA,NA
 6/22/16,sunny,SN,DU6,D,FU,6,PP,L,NA,7.8,NA,NA,NA,NA,NA,NA
 6/22/16,sunny,SN,DU6,D,FU,7,PP,L,NA,2,NA,NA,NA,NA,NA,NA
 6/22/16,sunny,SN,DU6,D,FU,8,PP,L,NA,6.3,NA,NA,NA,NA,NA,NA
 6/22/16,sunny,SN,DU6,D,FU,9,PP,L,NA,3.6,NA,NA,NA,NA,NA,NA
 6/22/16,sunny,SN,DU6,D,FU,10,PP,L,NA,2,NA,NA,NA,NA,NA,NA
 6/22/16,sunny,SN,DU6,D,FU,11,PP,L,NA,7.8,NA,NA,NA,NA,NA,NA
 6/22/16,sunny,SN,DU6,D,FU,12,PP,L,NA,2.9,NA,NA,NA,NA,NA,NA
 6/22/16,sunny,SN,DU6,D,FU,13,PP,L,NA,5.7,NA,NA,NA,NA,NA,NA
 6/22/16,sunny,SN,DU6,D,FU,14,PP,L,A,30.5,NA,NA,NA,NA,NA,NA
 6/22/16,sunny,SN,DU6,D,FU,15,PP,L,A,19.6,NA,NA,NA,NA,NA,NA
 6/22/16,sunny,SN,DU6,D,FU,16,PP,L,NA,2.3,NA,NA,NA,NA,NA,NA
 6/22/16,sunny,SN,DU6,D,FU,17,PP,L,NA,2.2,NA,NA,NA,NA,NA,NA
 6/22/16,sunny,SN,DU6,D,FU,18,PP,L,A,26.2,NA,NA,NA,NA,NA,NA
 6/22/16,sunny,SN,DU6,D,FU,19,PP,L,A,33.6,NA,NA,NA,NA,NA,NA
 6/22/16,sunny,SN,DU6,D,FU,20,PP,L,NA,3.9,NA,NA,NA,NA,NA,NA
 6/22/16,sunny,SN,DU6,D,FU,21,PP,1,NA,6,NA,NA,NA,NA,NA,NA
 6/22/16,sunny,SN,DU6,D,FU,22,PP,1,NA,9.2,NA,NA,NA,NA,NA,NA
 6/22/16,sunny,SN,DU6,D,FU,23,PP,L,A,27.4,NA,NA,NA,NA,NA,NA
 6/22/16,sunny,SN,DU6,D,FU,24,PP,L,NA,7.4,NA,NA,NA,NA,NA,NA
 6/22/16,sunny,SN,DU6,D,FU,25,PP,L,NA,6,NA,NA,NA,NA,NA,NA
 6/22/16,sunny,SN,DU6,D,FU,26,PP,L,A,32,NA,NA,NA,NA,NA,NA
 6/22/16,sunny,SN,DU6,D,FU,27,PP,L,NA,1.9,NA,NA,NA,NA,NA,NA
 6/22/16,sunny,SN,DU6,D,FU,28,PP,L,NA,2.5,NA,NA,NA,NA,NA,NA
 6/22/16,sunny,SN,DU6,D,FU,29,PP,L,A,22.2,NA,NA,NA,NA,NA,NA
 6/22/16,sunny,SN,DU6,D,FU,30,PP,L,NA,3.7,NA,NA,NA,NA,NA,NA
 6/22/16,sunny,SN,DU6,D,FU,31,PP,2,A,15.9,NA,NA,NA,NA,NA,NA
 6/22/16,sunny,SN,DU6,D,FU,32,PP,L,A,16.3,NA,NA,NA,NA,NA,NA
 6/22/16,sunny,SN,DU6,D,FU,33,PP,L,A,19.2,NA,NA,NA,NA,NA,NA
 6/22/16,sunny,SN,DU6,D,FU,34,PP,2,P,34,E,S, 1/2,3,3,3
 6/22/16,sunny,SN,DU6,D,FU,35,PP,L,A,22.3,NA,NA,NA,NA,NA,NA
 6/22/16,sunny,SN,DU6,D,FU,36,PP,L,A,29.8,NA,NA,NA,NA,NA,NA
 6/22/16,sunny,SN,DU6,D,FU,37,PP,L,NA,2.8,NA,NA,NA,NA,NA,NA
 6/22/16,sunny,SN,DU6,D,FU,38,PP,L,NA,1.7,NA,NA,NA,NA,NA,NA
 6/22/16,sunny,SN,DU6,D,FU,39,PP,L,NA,3.4,NA,NA,NA,NA,NA,NA
 6/22/16,sunny,SN,DU6,D,FU,40,PP,L,NA,1.6,NA,NA,NA,NA,NA,NA
 6/22/16,sunny,SN,DU6,D,FU,41,PP,L,NA,2.8,NA,NA,NA,NA,NA,NA
 6/22/16,sunny,SN,DU6,D,FU,42,PP,L,NA,5.5,NA,NA,NA,NA,NA,NA
 6/22/16,sunny,SN,DU6,D,FU,43,PP,L,NA,2.3,NA,NA,NA,NA,NA,NA
 6/22/16,sunny,SN,DU6,D,FU,44,PP,L,NA,3.3,NA,NA,NA,NA,NA,NA
 6/22/16,sunny,SN,DU6,D,FU,45,PP,L,A,11,NA,NA,NA,NA,NA,NA
 6/22/16,sunny,SN,DU6,D,FU,46,PP,L,NA,4.7,NA,NA,NA,NA,NA,NA
 6/22/16,sunny,SN,DU6,D,FU,47,PP,L,NA,3,NA,NA,NA,NA,NA,NA
 6/22/16,sunny,SN,DU6,D,FU,48,PP,L,A,15.6,NA,NA,NA,NA,NA,NA
 6/22/16,sunny,SN,DU6,D,FU,49,PP,L,NA,1.9,NA,NA,NA,NA,NA,NA
 6/22/16,sunny,SN,DU6,D,FU,50,PP,L,A,29.8,NA,NA,NA,NA,NA,NA
 6/22/16,sunny,SN,DU6,D,FU,51,PP,L,A,20.2,NA,NA,NA,NA,NA,NA
 6/22/16,sunny,SN,DU6,D,FU,52,PP,L,A,14.5,NA,NA,NA,NA,NA,NA
 6/22/16,sunny,SN,DU6,D,FU,53,PP,L,NA,6.7,NA,NA,NA,NA,NA,NA
 6/22/16,sunny,SN,DU6,D,FU,54,PP,L,NA,5.6,NA,NA,NA,NA,NA,NA
 6/22/16,sunny,SN,DU6,D,FU,55,PP,L,A,18.4,NA,NA,NA,NA,NA,NA
 6/22/16,sunny,SN,DU6,D,FU,56,PP,L,A,31.5,NA,NA,NA,NA,NA,NA
 6/22/16,sunny,SN,DU6,D,FU,57,PP,2,A,11.8,NA,NA,NA,NA,NA,NA
 6/22/16,sunny,SN,DU6,D,FU,58,PP,L,NA,4,NA,NA,NA,NA,NA,NA
 6/22/16,sunny,SN,DU6,D,FU,59,PP,L,A,21.5,NA,NA,NA,NA,NA,NA
 6/22/16,sunny,SN,DU6,D,FU,60,PP,L,NA,2.4,NA,NA,NA,NA,NA,NA
 6/22/16,sunny,SN,DU6,D,FU,61,PP,L,A,16.3,NA,NA,NA,NA,NA,NA
 6/22/16,sunny,SN,DU6,D,FU,62,PP,L,A,18.7,NA,NA,NA,NA,NA,NA
 6/22/16,sunny,SN,DU6,D,FU,63,PP,L,A,21.7,NA,NA,NA,NA,NA,NA
 6/22/16,sunny,SN,DU6,D,FU,64,PP,L,A,38.4,NA,NA,NA,NA,NA,NA
 6/22/16,sunny,SN,DU6,D,FU,65,PP,2,A,33.9,NA,NA,NA,NA,NA,NA
 6/22/16,sunny,SN,DU6,D,FU,66,PP,L,A,21.3,NA,NA,NA,NA,NA,NA
 6/22/16,sunny,SN,DU6,D,FU,67,PP,L,NA,3.5,NA,NA,NA,NA,NA,NA
 6/22/16,sunny,SN,DU6,D,FU,68,PP,L,NA,2.4,NA,NA,NA,NA,NA,NA
 6/22/16,sunny,SN,DU15,D,FU,1,PP,L,NA,5.4,NA,NA,NA,NA,NA,NA
 6/22/16,sunny,SN,DU15,D,FU,2,PP,L,A,18,NA,NA,NA,NA,NA,NA
 6/22/16,sunny,SN,DU15,D,FU,3,PP,L,NA,4.5,NA,NA,NA,NA,NA,NA
 6/22/16,sunny,SN,DU15,D,FU,4,PP,2,P,42,E,S, 1/1,4.6,4.6,4.6
 6/22/16,sunny,SN,DU15,D,FU,4,PP,2,P,42,E,S, 1/1,4.6,4.6,4.6
 6/22/16,sunny,SN,DU15,D,FU,4,PP,2,P,42,E,S, 1/1,4.6,4.6,4.6
 6/22/16,sunny,SN,DU15,D,FU,4,PP,2,P,42,E,S, 1/1,4.6,4.6,4.6
 6/22/16,sunny,SN,DU15,D,FU,5,PP,L,NA,2.5,NA,NA,NA,NA,NA,NA
 6/22/16,sunny,SN,DU15,D,FU,6,PP,L,A,17.7,NA,NA,NA,NA,NA,NA
 6/22/16,sunny,SN,DU15,D,FU,7,PP,L,NA,2.5,NA,NA,NA,NA,NA,NA
 6/22/16,sunny,SN,DU15,D,FU,8,PP,L,NA,7.5,NA,NA,NA,NA,NA,NA
 6/22/16,sunny,SN,DU15,D,FU,9,PRVI,L,NA,2.1,NA,NA,NA,NA,NA,NA
 6/22/16,sunny,SN,DU15,D,FU,10,PP,L,NA,7,NA,NA,NA,NA,NA,NA
 6/22/16,sunny,SN,DU15,D,FU,11,PP,L,NA,2.1,NA,NA,NA,NA,NA,NA
 6/22/16,sunny,SN,DU15,D,FU,12,PP,L,NA,2.5,NA,NA,NA,NA,NA,NA
 6/22/16,sunny,SN,DU15,D,FU,13,PRVI,L,NA,3.2,NA,NA,NA,NA,NA,NA
 6/22/16,sunny,SN,DU15,D,FU,14,PP,L,NA,9.8,NA,NA,NA,NA,NA,NA
 6/22/16,sunny,SN,DU15,D,FU,15,PP,L,NA,5,NA,NA,NA,NA,NA,NA
 6/22/16,sunny,SN,DU15,D,FU,16,PP,L,NA,6.3,NA,NA,NA,NA,NA,NA
 6/22/16,sunny,SN,DU15,D,FU,17,PP,L,A,11.7,NA,NA,NA,NA,NA,NA
 6/22/16,sunny,SN,DU15,D,FU,18,PP,L,NA,6.4,NA,NA,NA,NA,NA,NA
 6/22/16,sunny,SN,DU15,D,FU,19,PP,L,NA,5.5,NA,NA,NA,NA,NA,NA
 6/22/16,sunny,SN,DU15,D,FU,20,PP,L,NA,5.1,NA,NA,NA,NA,NA,NA
 6/22/16,sunny,SN,DU15,D,FU,21,PP,L,NA,4.2,NA,NA,NA,NA,NA,NA
 6/22/16,sunny,SN,DU15,D,FU,22,PP,L,NA,2.1,NA,NA,NA,NA,NA,NA
 6/22/16,sunny,SN,DU15,D,FU,23,PP,L,NA,6.7,NA,NA,NA,NA,NA,NA
 6/22/16,sunny,SN,DU15,D,FU,24,PP,L,A,36.2,NA,NA,NA,NA,NA,NA
 6/22/16,sunny,SN,DU15,D,FU,25,PP,L,NA,9.4,NA,NA,NA,NA,NA,NA
 6/22/16,sunny,SN,DU15,D,FU,26,PP,L,NA,3,NA,NA,NA,NA,NA,NA
 6/22/16,sunny,SN,DU15,D,FU,27,PP,L,NA,3.4,NA,NA,NA,NA,NA,NA
 6/22/16,sunny,SN,DU15,D,FU,28,PP,L,NA,6.5,NA,NA,NA,NA,NA,NA
 6/22/16,sunny,SN,DU15,D,FU,29,PP,L,NA,6.6,NA,NA,NA,NA,NA,NA
 6/22/16,sunny,SN,DU15,D,FU,30,PP,L,NA,3.7,NA,NA,NA,NA,NA,NA
 6/22/16,sunny,SN,DU15,D,FU,31,PP,L,A,10.5,NA,NA,NA,NA,NA,NA
 6/22/16,sunny,SN,DU15,D,FU,32,PP,L,NA,4.6,NA,NA,NA,NA,NA,NA
 6/22/16,sunny,SN,DU15,D,FU,33,PP,L,A,10.3,NA,NA,NA,NA,NA,NA
 6/22/16,sunny,SN,DU15,D,FU,34,PP,L,NA,3.6,NA,NA,NA,NA,NA,NA
 6/22/16,sunny,SN,DU15,D,FU,35,PP,L,NA,4.4,NA,NA,NA,NA,NA,NA
 6/22/16,sunny,SN,DU15,D,FU,36,PP,L,NA,5,NA,NA,NA,NA,NA,NA
 6/22/16,sunny,SN,DU15,D,FU,37,PP,L,NA,5.9,NA,NA,NA,NA,NA,NA
 6/22/16,sunny,SN,DU15,D,FU,38,PP,L,NA,5.6,NA,NA,NA,NA,NA,NA
 6/22/16,sunny,SN,DU15,D,FU,39,PP,L,A,21.8,NA,NA,NA,NA,NA,NA
 6/22/16,sunny,SN,DU15,D,FU,40,PP,L,A,21.5,NA,NA,NA,NA,NA,NA
 6/22/16,sunny,SN,DU15,D,FU,41,PP,L,NA,2,NA,NA,NA,NA,NA,NA
 6/22/16,sunny,SN,DU15,D,FU,42,PP,L,NA,1.6,NA,NA,NA,NA,NA,NA
 6/22/16,sunny,SN,DU15,D,FU,43,PP,L,NA,2,NA,NA,NA,NA,NA,NA
 6/22/16,sunny,SN,DU15,D,FU,44,PP,L,NA,3.1,NA,NA,NA,NA,NA,NA
 6/22/16,sunny,SN,DU15,D,FU,45,PP,L,NA,2.7,NA,NA,NA,NA,NA,NA
 6/22/16,sunny,SN,DU15,D,FU,46,PP,L,NA,2.2,NA,NA,NA,NA,NA,NA
 6/22/16,sunny,SN,DU15,D,FU,47,PP,L,NA,1.8,NA,NA,NA,NA,NA,NA
 6/22/16,sunny,SN,DU15,D,FU,48,PP,L,NA,1.3,NA,NA,NA,NA,NA,NA
 6/22/16,sunny,SN,DU15,D,FU,49,PP,L,NA,2.8,NA,NA,NA,NA,NA,NA
 6/22/16,sunny,SN,DU15,D,FU,50,PP,L,NA,4.4,NA,NA,NA,NA,NA,NA
 6/22/16,sunny,SN,DU15,D,FU,51,PP,L,NA,2.5,NA,NA,NA,NA,NA,NA
 6/22/16,sunny,SN,DU15,D,FU,52,PP,L,NA,3,NA,NA,NA,NA,NA,NA
 6/22/16,sunny,SN,DU15,D,FU,53,PP,L,NA,2.1,NA,NA,NA,NA,NA,NA
 6/22/16,sunny,SN,DU15,D,FU,54,PP,L,NA,3.3,NA,NA,NA,NA,NA,NA
 6/22/16,sunny,SN,DU15,D,FU,55,PP,L,NA,2,NA,NA,NA,NA,NA,NA
 6/22/16,sunny,SN,DU15,D,FU,56,PP,L,NA,2.6,NA,NA,NA,NA,NA,NA
 6/22/16,sunny,SN,DU15,D,FU,57,PP,L,NA,3.5,NA,NA,NA,NA,NA,NA
 6/22/16,sunny,SN,DU15,D,FU,58,PP,L,NA,2,NA,NA,NA,NA,NA,NA
 6/22/16,sunny,SN,DU15,D,FU,59,PP,L,NA,3.2,NA,NA,NA,NA,NA,NA
 6/22/16,sunny,SN,DU15,D,FU,60,PP,L,NA,1.8,NA,NA,NA,NA,NA,NA
 6/22/16,sunny,SN,DU15,D,FU,61,PP,L,NA,2.5,NA,NA,NA,NA,NA,NA
 6/22/16,sunny,SN,DU15,D,FU,62,PP,L,NA,2,NA,NA,NA,NA,NA,NA
 6/22/16,sunny,SN,DU15,D,FU,63,PP,L,NA,2.7,NA,NA,NA,NA,NA,NA
 6/22/16,sunny,SN,DU15,D,FU,64,PP,L,NA,2.4,NA,NA,NA,NA,NA,NA
 6/22/16,sunny,SN,DU15,D,FU,65,PP,L,NA,3,NA,NA,NA,NA,NA,NA
 6/22/16,sunny,SN,DU15,D,FU,66,PP,L,NA,2.1,NA,NA,NA,NA,NA,NA
 6/22/16,sunny,SN,DU15,D,FU,67,PP,L,NA,3.7,NA,NA,NA,NA,NA,NA
 6/22/16,sunny,SN,DU15,D,FU,68,PP,L,NA,4.1,NA,NA,NA,NA,NA,NA
 6/22/16,sunny,SN,DU15,D,FU,69,PP,L,NA,3.9,NA,NA,NA,NA,NA,NA
 6/22/16,sunny,SN,DU15,D,FU,70,PP,L,NA,3.9,NA,NA,NA,NA,NA,NA
 6/22/16,sunny,SN,DU15,D,FU,71,PP,L,NA,4.3,NA,NA,NA,NA,NA,NA
 6/22/16,sunny,SN,DU15,D,FU,72,PP,L,NA,4.8,NA,NA,NA,NA,NA,NA
 6/22/16,sunny,SN,DU15,D,FU,73,PP,L,NA,2.9,NA,NA,NA,NA,NA,NA
 6/22/16,sunny,SN,DU15,D,FU,74,PP,L,NA,1.7,NA,NA,NA,NA,NA,NA
 6/22/16,sunny,SN,DU15,D,FU,75,PP,L,NA,4.6,NA,NA,NA,NA,NA,NA
 6/22/16,sunny,SN,DU15,D,FU,76,PP,L,A,44.7,NA,NA,NA,NA,NA,NA
 6/22/16,sunny,SN,DU15,D,FU,77,PP,L,NA,1.5,NA,NA,NA,NA,NA,NA
 6/22/16,sunny,SN,DU15,D,FU,78,PP,L,NA,2,NA,NA,NA,NA,NA,NA
 6/22/16,sunny,SN,DU15,D,FU,79,PP,L,NA,1.1,NA,NA,NA,NA,NA,NA
 6/22/16,sunny,SN,DU15,D,FU,80,PP,L,NA,1.8,NA,NA,NA,NA,NA,NA
 6/22/16,sunny,SN,DU15,D,FU,81,PP,L,A,21.3,NA,NA,NA,NA,NA,NA
 6/22/16,sunny,SN,DU15,D,FU,82,PP,L,NA,5.9,NA,NA,NA,NA,NA,NA
 6/22/16,sunny,SN,DU15,D,FU,83,PP,L,NA,5.1,NA,NA,NA,NA,NA,NA
 6/22/16,sunny,SN,DU15,D,FU,84,PP,L,NA,5.2,NA,NA,NA,NA,NA,NA
 6/22/16,sunny,SN,DU15,D,FU,85,PP,L,A,23.8,NA,NA,NA,NA,NA,NA
 6/22/16,sunny,SN,DU15,D,FU,86,PP,L,NA,1.7,NA,NA,NA,NA,NA,NA
 6/22/16,sunny,SN,DU15,D,FU,87,PP,L,NA,3.4,NA,NA,NA,NA,NA,NA
 6/22/16,sunny,SN,DU15,D,FU,88,PP,L,A,17.4,NA,NA,NA,NA,NA,NA
 6/22/16,sunny,SN,DU15,D,FU,89,PP,L,NA,2,NA,NA,NA,NA,NA,NA
 6/22/16,sunny,SN,DU15,D,FU,90,PP,L,NA,2.8,NA,NA,NA,NA,NA,NA
 6/22/16,sunny,SN,DU15,D,FU,91,PP,L,A,16.8,NA,NA,NA,NA,NA,NA
 6/22/16,sunny,SN,DU15,D,FU,92,PP,L,NA,6,NA,NA,NA,NA,NA,NA
 6/22/16,sunny,SN,DU15,D,FU,93,PP,L,NA,4.4,NA,NA,NA,NA,NA,NA
 6/22/16,sunny,SN,DU15,D,FU,94,PP,L,NA,5.5,NA,NA,NA,NA,NA,NA
 6/22/16,sunny,SN,DU15,D,FU,95,PP,L,NA,4.3,NA,NA,NA,NA,NA,NA
 6/22/16,sunny,SN,DU15,D,FU,96,PP,L,NA,4.6,NA,NA,NA,NA,NA,NA
 6/22/16,sunny,SN,DU15,D,FU,97,PP,L,NA,5.8,NA,NA,NA,NA,NA,NA
 6/22/16,sunny,SN,DU15,D,FU,98,PP,L,NA,7.7,NA,NA,NA,NA,NA,NA
 6/22/16,sunny,SN,DU15,D,FU,99,PP,L,NA,6.9,NA,NA,NA,NA,NA,NA
 6/22/16,sunny,SN,DU15,D,FU,100,PP,L,NA,6.4,NA,NA,NA,NA,NA,NA
 6/22/16,sunny,SN,DU15,D,FU,101,PP,L,NA,6.2,NA,NA,NA,NA,NA,NA
 6/22/16,sunny,SN,DU15,D,FU,102,PP,L,NA,2.1,NA,NA,NA,NA,NA,NA
 6/22/16,sunny,SN,DU15,D,FU,103,PP,1,NA,1.2,NA,NA,NA,NA,NA,NA
 6/22/16,sunny,SN,DU15,D,FU,104,PP,L,NA,6.9,NA,NA,NA,NA,NA,NA
 6/22/16,sunny,SN,DU15,D,FU,105,PP,L,NA,2.5,NA,NA,NA,NA,NA,NA
 6/22/16,sunny,SN,DU15,D,FU,106,PP,L,NA,1.2,NA,NA,NA,NA,NA,NA
 6/22/16,sunny,SN,DU15,D,FU,107,PP,L,NA,1.6,NA,NA,NA,NA,NA,NA
 6/22/16,sunny,SN,DU15,D,FU,108,PP,L,NA,2.8,NA,NA,NA,NA,NA,NA
 6/22/16,sunny,SN,DU15,D,FU,109,PP,L,NA,2.7,NA,NA,NA,NA,NA,NA
 6/22/16,sunny,SN,DU15,D,FU,110,PP,L,NA,4.7,NA,NA,NA,NA,NA,NA
 6/22/16,sunny,SN,DU15,D,FU,111,PP,L,NA,4.5,NA,NA,NA,NA,NA,NA
 6/22/16,sunny,SN,DU15,D,FU,112,PP,L,NA,4.1,NA,NA,NA,NA,NA,NA
 6/22/16,sunny,SN,DU15,D,FU,113,PP,L,NA,2.5,NA,NA,NA,NA,NA,NA
 6/22/16,sunny,SN,DU15,D,FU,114,PP,L,NA,3.5,NA,NA,NA,NA,NA,NA
 6/22/16,sunny,SN,DU15,D,FU,115,PP,L,NA,1.6,NA,NA,NA,NA,NA,NA
 6/22/16,sunny,SN,DU15,D,FU,116,PP,L,NA,2.2,NA,NA,NA,NA,NA,NA
 6/22/16,sunny,SN,DU15,D,FU,117,PP,L,NA,1.8,NA,NA,NA,NA,NA,NA
 6/22/16,sunny,SN,DU15,D,FU,118,PP,L,NA,2.1,NA,NA,NA,NA,NA,NA
 6/22/16,sunny,SN,DU15,D,FU,119,PP,L,NA,2.6,NA,NA,NA,NA,NA,NA
 6/22/16,sunny,SN,DU15,D,FU,120,PP,L,NA,2.7,NA,NA,NA,NA,NA,NA
 6/22/16,sunny,SN,DU15,D,FU,121,PP,L,NA,1.7,NA,NA,NA,NA,NA,NA
 6/22/16,sunny,SN,DU15,D,FU,122,PP,L,NA,3,NA,NA,NA,NA,NA,NA
 6/22/16,sunny,SN,DU15,D,FU,123,PP,L,NA,2.2,NA,NA,NA,NA,NA,NA
 6/22/16,sunny,SN,DU15,D,FU,124,PP,L,NA,2.3,NA,NA,NA,NA,NA,NA
 6/22/16,sunny,SN,DU15,D,FU,125,PP,L,NA,2.1,NA,NA,NA,NA,NA,NA
 6/22/16,sunny,SN,DU15,D,FU,126,PP,L,NA,1.2,NA,NA,NA,NA,NA,NA
 6/22/16,sunny,SN,DU15,D,FU,127,PP,L,NA,1.5,NA,NA,NA,NA,NA,NA
 6/22/16,sunny,SN,DU15,D,FU,128,PP,L,NA,1.3,NA,NA,NA,NA,NA,NA
 6/22/16,sunny,SN,DU15,D,FU,129,PP,L,NA,1.7,NA,NA,NA,NA,NA,NA
 6/22/16,sunny,SN,DU15,D,FU,130,PP,L,NA,1.9,NA,NA,NA,NA,NA,NA
 6/22/16,sunny,SN,DU15,D,FU,131,PP,L,NA,2.3,NA,NA,NA,NA,NA,NA
 6/22/16,sunny,SN,DU15,D,FU,132,PP,L,NA,1.2,NA,NA,NA,NA,NA,NA
 6/22/16,sunny,SN,DU15,D,FU,133,PP,L,NA,1.6,NA,NA,NA,NA,NA,NA
 6/22/16,sunny,SN,DU15,D,FU,134,PP,L,NA,3.4,NA,NA,NA,NA,NA,NA
 6/22/16,sunny,SN,DU15,D,FU,135,PP,L,NA,1.4,NA,NA,NA,NA,NA,NA
 6/22/16,sunny,SN,DU15,D,FU,136,PP,L,NA,1.4,NA,NA,NA,NA,NA,NA
 6/22/16,sunny,SN,DU15,D,FU,137,PP,L,NA,1.6,NA,NA,NA,NA,NA,NA
 6/22/16,sunny,SN,DU15,D,FU,138,PP,L,NA,1.8,NA,NA,NA,NA,NA,NA
 6/22/16,sunny,SN,DU15,D,FU,139,PP,L,NA,1.6,NA,NA,NA,NA,NA,NA
 6/22/16,sunny,SN,DU15,D,FU,140,PP,L,NA,2.1,NA,NA,NA,NA,NA,NA
 6/22/16,sunny,SN,DU15,D,FU,141,PP,L,NA,2.9,NA,NA,NA,NA,NA,NA
 6/22/16,sunny,SN,DU15,D,FU,142,PP,L,NA,2.2,NA,NA,NA,NA,NA,NA
 6/22/16,sunny,SN,DU15,D,FU,143,PP,L,NA,3.5,NA,NA,NA,NA,NA,NA
 6/22/16,sunny,SN,DU15,D,FU,144,PP,L,NA,3.7,NA,NA,NA,NA,NA,NA
 6/22/16,sunny,SN,DU15,D,FU,145,PP,L,NA,3,NA,NA,NA,NA,NA,NA
 6/22/16,sunny,SN,DU15,D,FU,146,PP,L,NA,2.5,NA,NA,NA,NA,NA,NA
 6/22/16,sunny,SN,DU15,D,FU,147,PP,L,NA,3.5,NA,NA,NA,NA,NA,NA
 6/22/16,sunny,SN,DU15,D,FU,148,PP,L,NA,2.5,NA,NA,NA,NA,NA,NA
 6/22/16,sunny,SN,DU15,D,FU,149,PP,L,NA,2.5,NA,NA,NA,NA,NA,NA
 6/22/16,sunny,SN,DU15,D,FU,150,PP,L,NA,3.4,NA,NA,NA,NA,NA,NA
 6/22/16,sunny,SN,DU15,D,FU,151,PP,L,NA,2.4,NA,NA,NA,NA,NA,NA
 6/22/16,sunny,SN,DU15,D,FU,152,PP,L,NA,3.6,NA,NA,NA,NA,NA,NA
 6/22/16,sunny,SN,DU15,D,FU,153,PP,L,NA,1,NA,NA,NA,NA,NA,NA
 6/22/16,sunny,SN,DU15,D,FU,154,PP,L,NA,2.5,NA,NA,NA,NA,NA,NA
 6/22/16,sunny,SN,DU15,D,FU,155,PP,L,NA,4.6,NA,NA,NA,NA,NA,NA
 6/22/16,sunny,SN,DU15,D,FU,156,PP,L,A,45,NA,NA,NA,NA,NA,NA
 6/22/16,sunny,SN,DU15,D,FU,157,PP,L,NA,2,NA,NA,NA,NA,NA,NA
 6/22/16,sunny,SN,DU15,D,FU,158,PP,L,NA,2.6,NA,NA,NA,NA,NA,NA
 6/22/16,sunny,SN,DU15,D,FU,159,PP,L,NA,3,NA,NA,NA,NA,NA,NA
 6/22/16,sunny,SN,DU15,D,FU,160,PP,L,NA,2.2,NA,NA,NA,NA,NA,NA
 6/22/16,sunny,SN,DU15,D,FU,161,PP,L,NA,1.7,NA,NA,NA,NA,NA,NA
 6/22/16,sunny,SN,DU15,D,FU,162,PP,L,NA,3.6,NA,NA,NA,NA,NA,NA
 6/22/16,sunny,SN,DU15,D,FU,163,PP,L,A,15.6,NA,NA,NA,NA,NA,NA
 6/22/16,sunny,SN,DU15,D,FU,164,PP,3,NA,6,NA,NA,NA,NA,NA,NA
 6/22/16,sunny,SN,DU15,D,FU,165,PP,L,A,32.3,NA,NA,NA,NA,NA,NA
 6/22/16,sunny,SN,DU15,D,FU,166,PP,L,NA,2.1,NA,NA,NA,NA,NA,NA
 6/22/16,sunny,SN,DU15,D,FU,167,PP,L,NA,3.6,NA,NA,NA,NA,NA,NA
 6/22/16,sunny,SN,DU15,D,FU,168,PP,L,NA,2.5,NA,NA,NA,NA,NA,NA
 6/22/16,sunny,SN,DU15,D,FU,169,PP,L,NA,3.3,NA,NA,NA,NA,NA,NA
 6/22/16,sunny,SN,DU15,D,FU,170,PP,L,NA,3.3,NA,NA,NA,NA,NA,NA
 6/22/16,sunny,SN,DU15,D,FU,171,PP,L,NA,2.3,NA,NA,NA,NA,NA,NA
 6/22/16,sunny,SN,DU15,D,FU,172,PP,L,NA,3.8,NA,NA,NA,NA,NA,NA
 6/22/16,sunny,SN,DU15,D,FU,173,PP,1,NA,2.2,NA,NA,NA,NA,NA,NA
 6/22/16,sunny,SN,DU15,D,FU,174,PP,L,NA,33.2,NA,NA,NA,NA,NA,NA
 6/22/16,sunny,SN,DU15,D,FU,175,PP,L,NA,3.8,NA,NA,NA,NA,NA,NA
 6/22/16,sunny,SN,DU15,D,FU,176,PP,L,NA,4.4,NA,NA,NA,NA,NA,NA
 6/22/16,sunny,SN,DU15,D,FU,177,PP,L,NA,4,NA,NA,NA,NA,NA,NA
 6/22/16,sunny,SN,DU15,D,FU,178,PP,L,NA,3.1,NA,NA,NA,NA,NA,NA
 6/22/16,sunny,SN,DU15,D,FU,179,PP,L,NA,2.5,NA,NA,NA,NA,NA,NA
 6/22/16,sunny,SN,DU15,D,FU,180,PP,L,NA,3,NA,NA,NA,NA,NA,NA
 6/22/16,sunny,SN,DU15,D,FU,181,PP,L,NA,2.8,NA,NA,NA,NA,NA,NA
 6/22/16,sunny,SN,DU15,D,FU,182,PP,L,NA,1.2,NA,NA,NA,NA,NA,NA
 6/22/16,sunny,SN,DU15,D,FU,183,PP,L,NA,1.5,NA,NA,NA,NA,NA,NA
 6/22/16,sunny,SN,DU15,D,FU,184,PP,L,NA,1.3,NA,NA,NA,NA,NA,NA
 6/22/16,sunny,SN,DU15,D,FU,185,PP,L,A,33.9,NA,NA,NA,NA,NA,NA
 6/22/16,sunny,SN,DU15,D,FU,186,PP,L,A,33,NA,NA,NA,NA,NA,NA
 6/22/16,sunny,SN,DU15,D,FU,187,PP,L,NA,1.7,NA,NA,NA,NA,NA,NA
 6/22/16,sunny,SN,DU15,D,FU,188,PP,L,NA,4.5,NA,NA,NA,NA,NA,NA
 6/22/16,sunny,SN,DU15,D,FU,189,PP,L,NA,4,NA,NA,NA,NA,NA,NA
 6/22/16,sunny,SN,DU15,D,FU,190,PP,L,NA,3.9,NA,NA,NA,NA,NA,NA
 6/22/16,sunny,SN,DU15,D,FU,191,PP,L,NA,6.7,NA,NA,NA,NA,NA,NA
 6/22/16,sunny,SN,DU15,D,FU,192,PP,L,NA,3.6,NA,NA,NA,NA,NA,NA
 6/22/16,sunny,SN,DU15,D,FU,193,PP,L,NA,5.7,NA,NA,NA,NA,NA,NA
 6/22/16,sunny,SN,DU15,D,FU,194,PP,L,NA,4,NA,NA,NA,NA,NA,NA
 6/22/16,sunny,SN,DU15,D,FU,195,PP,L,NA,2.4,NA,NA,NA,NA,NA,NA
 6/22/16,sunny,SN,DU15,D,FU,196,PP,L,NA,2,NA,NA,NA,NA,NA,NA
 6/22/16,sunny,SN,DU15,D,FU,197,PP,L,NA,2,NA,NA,NA,NA,NA,NA
 6/22/16,sunny,SN,DU15,D,FU,198,PP,L,NA,3.3,NA,NA,NA,NA,NA,NA
 6/22/16,sunny,SN,DU15,D,FU,199,PP,L,NA,2.2,NA,NA,NA,NA,NA,NA
 6/22/16,sunny,SN,DU15,D,FU,200,PP,L,NA,2.1,NA,NA,NA,NA,NA,NA
 6/22/16,sunny,SN,DU15,D,FU,201,PP,L,NA,2.3,NA,NA,NA,NA,NA,NA
 6/22/16,sunny,SN,DU15,D,FU,202,PP,L,NA,2.8,NA,NA,NA,NA,NA,NA
 6/22/16,sunny,SN,DU15,D,FU,203,PP,L,NA,1.8,NA,NA,NA,NA,NA,NA
 6/22/16,sunny,SN,DU15,D,FU,204,PP,L,NA,2.4,NA,NA,NA,NA,NA,NA
 6/22/16,sunny,SN,DU15,D,FU,205,PP,L,NA,3.2,NA,NA,NA,NA,NA,NA
 6/22/16,sunny,SN,DU15,D,FU,206,PP,L,NA,3.8,NA,NA,NA,NA,NA,NA
 6/22/16,sunny,SN,DU15,D,FU,207,PP,L,NA,2.8,NA,NA,NA,NA,NA,NA
 6/22/16,sunny,SN,DU15,D,FU,208,PP,L,NA,3.2,NA,NA,NA,NA,NA,NA
 7/2/16,sunny,SN,DL43,D,FL,14,PP,2,A,15.6,NA,NA,NA,NA,NA,NA
 7/2/16,sunny,SN,DL43,D,FL,15,PP,2,A,15.7,NA,NA,NA,NA,NA,NA
 7/2/16,sunny,SN,DL43,D,FL,16,PP,2,A,20.5,NA,NA,NA,NA,NA,NA
 7/2/16,sunny,SN,DL43,D,FL,17,PP,L,A,32.1,NA,NA,NA,NA,NA,NA
 7/2/16,sunny,SN,DL43,D,FL,18,PP,3,A,42.5,NA,NA,NA,NA,NA,NA
 7/2/16,sunny,SN,DL43,D,FL,19,ULAM,L,A,20.5,NA,NA,NA,NA,NA,NA
 7/2/16,sunny,SN,DL43,D,FL,20,PP,L,A,34,NA,NA,NA,NA,NA,NA
 7/2/16,sunny,SN,DH54,D,FH,1,PP,3,A,34.6,NA,NA,NA,NA,NA,NA
 7/2/16,sunny,SN,DH54,D,FH,2,PP,3,A,25.2,NA,NA,NA,NA,NA,NA
 7/2/16,sunny,SN,DH54,D,FH,3,PP,3,A,23.9,NA,NA,NA,NA,NA,NA
 7/2/16,sunny,SN,DH54,D,FH,4,PP,3,A,17.6,NA,NA,NA,NA,NA,NA
 7/2/16,sunny,SN,DH54,D,FH,5,PP,3,A,24.2,NA,NA,NA,NA,NA,NA
 7/2/16,sunny,SN,DH54,D,FH,6,PP,3,A,24.2,NA,NA,NA,NA,NA,NA
 7/2/16,sunny,SN,DH54,D,FH,7,PP,3,A,26.7,NA,NA,NA,NA,NA,NA
 7/2/16,sunny,SN,DH56,D,FH,1,PP,2,A,39.8,NA,NA,NA,NA,NA,NA
 7/2/16,sunny,SN,DH56,D,FH,2,PP,4,A,44.3,NA,NA,NA,NA,NA,NA
 6/24/16,sunny,SN,DL109,D,FL,1,PP,L,A,36.4,NA,NA,NA,NA,NA,NA
 6/24/16,sunny,SN,DL109,D,FL,2,PP,L,A,23.3,NA,NA,NA,NA,NA,NA
 6/24/16,sunny,SN,DL109,D,FL,3,PP,L,A,29.2,NA,NA,NA,NA,NA,NA
 6/24/16,sunny,SN,DL109,D,FL,4,FRPE,L,NA,4.5,NA,NA,NA,NA,NA,NA
 6/24/16,sunny,SN,DL109,D,FL,5,PP,L,A,39.8,NA,NA,NA,NA,NA,NA
 6/24/16,sunny,SN,DL109,D,FL,6,PP,L,A,31.4,NA,NA,NA,NA,NA,NA
 6/24/16,sunny,SN,DL109,D,FL,7,PP,L,A,22.5,NA,NA,NA,NA,NA,NA
 6/24/16,sunny,SN,DL109,D,FL,8,PP,L,A,31.7,NA,NA,NA,NA,NA,NA
 6/24/16,sunny,SN,DL109,D,FL,9,PP,L,A,30.3,NA,NA,NA,NA,NA,NA
 6/24/16,sunny,SN,DL109,D,FL,10,PP,L,A,35.9,NA,NA,NA,NA,NA,NA
 6/24/16,sunny,SN,DL109,D,FL,11,PP,L,A,39.6,NA,NA,NA,NA,NA,NA
 6/24/16,sunny,SN,DL109,D,FL,12,PP,L,A,39.8,NA,NA,NA,NA,NA,NA
 6/24/16,sunny,SN,DL109,D,FL,13,PP,3,A,50.1,NA,NA,NA,NA,NA,NA
 7/2/16,sunny,SN,DM48,D,FM,4,PP,L,NA,3.2,NA,NA,NA,NA,NA,NA
 7/2/16,sunny,SN,DM48,D,FM,5,PP,L,NA,3.7,NA,NA,NA,NA,NA,NA
 7/2/16,sunny,SN,DM48,D,FM,6,PP,L,NA,4.5,NA,NA,NA,NA,NA,NA
 7/2/16,sunny,SN,DL50,D,FL,1,PP,L,A,29.9,NA,NA,NA,NA,NA,NA
 7/2/16,sunny,SN,DL50,D,FL,2,PP,L,A,27.8,NA,NA,NA,NA,NA,NA
 7/2/16,sunny,SN,DL50,D,FL,3,PP,L,A,32.8,NA,NA,NA,NA,NA,NA
 7/2/16,sunny,SN,DL50,D,FL,4,PP,L,A,27,NA,NA,NA,NA,NA,NA
 7/2/16,sunny,SN,DL50,D,FL,5,PP,L,A,26,NA,NA,NA,NA,NA,NA
 7/2/16,sunny,SN,DL50,D,FL,6,PP,3,A,14.9,NA,NA,NA,NA,NA,NA
 7/2/16,sunny,SN,DL50,D,FL,7,PP,L,A,22,NA,NA,NA,NA,NA,NA
 7/2/16,sunny,SN,DL50,D,FL,8,PP,2,A,13,NA,NA,NA,NA,NA,NA
 7/2/16,sunny,SN,DL50,D,FL,9,PP,L,A,23.5,NA,NA,NA,NA,NA,NA
 7/2/16,sunny,SN,DL50,D,FL,10,PP,L,A,41.6,NA,NA,NA,NA,NA,NA
 7/2/16,sunny,SN,DL50,D,FL,11,PP,2,A,20.4,NA,NA,NA,NA,NA,NA
 7/2/16,sunny,SN,DL50,D,FL,12,PP,L,A,26.3,NA,NA,NA,NA,NA,NA
 7/2/16,sunny,SN,DL50,D,FL,13,PP,L,A,26.5,NA,NA,NA,NA,NA,NA
 7/2/16,sunny,SN,DL43,D,FL,1,PP,1,A,26.4,NA,NA,NA,NA,NA,NA
 7/2/16,sunny,SN,DL43,D,FL,2,PP,L,A,44.2,NA,NA,NA,NA,NA,NA
 7/2/16,sunny,SN,DL43,D,FL,3,PP,L,A,43.9,NA,NA,NA,NA,NA,NA
 7/2/16,sunny,SN,DL43,D,FL,4,PP,L,A,39.9,NA,NA,NA,NA,NA,NA
 7/2/16,sunny,SN,DL43,D,FL,5,PP,L,A,37.3,NA,NA,NA,NA,NA,NA
 7/2/16,sunny,SN,DL43,D,FL,6,PP,L,A,42.7,NA,NA,NA,NA,NA,NA
 7/2/16,sunny,SN,DL43,D,FL,7,PP,3,A,12.1,NA,NA,NA,NA,NA,NA
 7/2/16,sunny,SN,DL43,D,FL,8,PP,L,A,49.4,NA,NA,NA,NA,NA,NA
 7/2/16,sunny,SN,DL43,D,FL,9,PP,L,A,34.3,NA,NA,NA,NA,NA,NA
 7/2/16,sunny,SN,DL43,D,FL,10,PP,2,P,33.8,E,W, 1/1,8,8,8
 7/2/16,sunny,SN,DL43,D,FL,11,PP,L,A,47.6,NA,NA,NA,NA,NA,NA
 7/2/16,sunny,SN,DL43,D,FL,12,PP,L,A,40,NA,NA,NA,NA,NA,NA
 7/2/16,sunny,SN,DL43,D,FL,13,PP,L,A,46.9,NA,NA,NA,NA,NA,NA
 6/23/16,sunny,SN,DU13,D,FU,1,PP,L,A,10.3,NA,NA,NA,NA,NA,NA
 6/23/16,sunny,SN,DU13,D,FU,2,PP,L,A,11.4,NA,NA,NA,NA,NA,NA
 6/23/16,sunny,SN,DU13,D,FU,3,PP,L,NA,2.4,NA,NA,NA,NA,NA,NA
 6/23/16,sunny,SN,DU13,D,FU,4,PP,L,A,11.2,NA,NA,NA,NA,NA,NA
 6/23/16,sunny,SN,DU13,D,FU,5,PP,L,A,10.7,NA,NA,NA,NA,NA,NA
 6/23/16,sunny,SN,DU13,D,FU,6,PP,L,NA,9.4,NA,NA,NA,NA,NA,NA
 6/23/16,sunny,SN,DU13,D,FU,7,PP,L,NA,7.7,NA,NA,NA,NA,NA,NA
 6/23/16,sunny,SN,DU13,D,FU,8,PP,L,NA,5.8,NA,NA,NA,NA,NA,NA
 6/23/16,sunny,SN,DU13,D,FU,9,PP,L,NA,9.5,NA,NA,NA,NA,NA,NA
 6/23/16,sunny,SN,DU13,D,FU,10,PP,L,A,16,NA,NA,NA,NA,NA,NA
 6/23/16,sunny,SN,DU13,D,FU,11,PP,L,NA,7.4,NA,NA,NA,NA,NA,NA
 6/23/16,sunny,SN,DU13,D,FU,12,PP,L,NA,3.5,NA,NA,NA,NA,NA,NA
 6/23/16,sunny,SN,DU13,D,FU,13,PP,L,NA,9.6,NA,NA,NA,NA,NA,NA
 6/23/16,sunny,SN,DU13,D,FU,14,PP,L,NA,5.5,NA,NA,NA,NA,NA,NA
 6/23/16,sunny,SN,DU13,D,FU,15,PP,L,NA,8.5,NA,NA,NA,NA,NA,NA
 6/23/16,sunny,SN,DU13,D,FU,16,PP,L,NA,10,NA,NA,NA,NA,NA,NA
 6/23/16,sunny,SN,DU13,D,FU,17,PP,L,NA,9.9,NA,NA,NA,NA,NA,NA
 6/23/16,sunny,SN,DU13,D,FU,18,PP,L,NA,7.7,NA,NA,NA,NA,NA,NA
 6/23/16,sunny,SN,DU13,D,FU,19,PP,L,A,12.3,NA,NA,NA,NA,NA,NA
 6/23/16,sunny,SN,DU13,D,FU,20,PP,L,NA,6,NA,NA,NA,NA,NA,NA
 6/23/16,sunny,SN,DU13,D,FU,21,PP,L,NA,2.7,NA,NA,NA,NA,NA,NA
 6/23/16,sunny,SN,DU13,D,FU,22,PP,L,NA,6.3,NA,NA,NA,NA,NA,NA
 6/23/16,sunny,SN,DU13,D,FU,23,PP,L,NA,4.8,NA,NA,NA,NA,NA,NA
 6/23/16,sunny,SN,DU13,D,FU,24,PP,L,NA,3.9,NA,NA,NA,NA,NA,NA
 6/23/16,sunny,SN,DU13,D,FU,25,PP,L,NA,4.2,NA,NA,NA,NA,NA,NA
 6/23/16,sunny,SN,DU13,D,FU,26,PP,L,NA,6.5,NA,NA,NA,NA,NA,NA
 6/23/16,sunny,SN,DU13,D,FU,27,PP,L,NA,6.8,NA,NA,NA,NA,NA,NA
 6/23/16,sunny,SN,DU13,D,FU,28,PP,L,A,12.5,NA,NA,NA,NA,NA,NA
 6/23/16,sunny,SN,DU13,D,FU,29,PP,L,A,12.3,NA,NA,NA,NA,NA,NA
 6/23/16,sunny,SN,DU13,D,FU,30,PP,L,NA,7.8,NA,NA,NA,NA,NA,NA
 6/23/16,sunny,SN,DU13,D,FU,31,PP,L,NA,9.1,NA,NA,NA,NA,NA,NA
 6/23/16,sunny,SN,DU13,D,FU,32,PP,L,NA,3.5,NA,NA,NA,NA,NA,NA
 6/23/16,sunny,SN,DU13,D,FU,33,PP,L,NA,2.3,NA,NA,NA,NA,NA,NA
 6/23/16,sunny,SN,DU13,D,FU,34,PP,L,NA,3.7,NA,NA,NA,NA,NA,NA
 6/23/16,sunny,SN,DU13,D,FU,35,PP,L,A,10.2,NA,NA,NA,NA,NA,NA
 6/23/16,sunny,SN,DU13,D,FU,36,PP,L,NA,9.2,NA,NA,NA,NA,NA,NA
 6/23/16,sunny,SN,DU13,D,FU,37,PP,L,NA,3.2,NA,NA,NA,NA,NA,NA
 6/23/16,sunny,SN,DU13,D,FU,38,PP,L,NA,2.2,NA,NA,NA,NA,NA,NA
 6/23/16,sunny,SN,DU13,D,FU,39,PP,L,NA,3.7,NA,NA,NA,NA,NA,NA
 6/23/16,sunny,SN,DU13,D,FU,40,PP,L,NA,5.6,NA,NA,NA,NA,NA,NA
 6/23/16,sunny,SN,DU13,D,FU,41,PP,L,NA,8.6,NA,NA,NA,NA,NA,NA
 6/23/16,sunny,SN,DU13,D,FU,42,PP,L,NA,3.6,NA,NA,NA,NA,NA,NA
 6/23/16,sunny,SN,DU13,D,FU,43,PP,L,NA,6.4,NA,NA,NA,NA,NA,NA
 6/23/16,sunny,SN,DU13,D,FU,44,PP,L,NA,7.1,NA,NA,NA,NA,NA,NA
 6/23/16,sunny,SN,DU13,D,FU,45,PP,L,NA,4.3,NA,NA,NA,NA,NA,NA
 6/23/16,sunny,SN,DU13,D,FU,46,PP,L,NA,7.4,NA,NA,NA,NA,NA,NA
 6/23/16,sunny,SN,DU13,D,FU,47,PP,L,NA,3,NA,NA,NA,NA,NA,NA
 6/23/16,sunny,SN,DU13,D,FU,48,PP,L,NA,4.7,NA,NA,NA,NA,NA,NA
 6/23/16,sunny,SN,DU13,D,FU,49,PP,L,NA,2.2,NA,NA,NA,NA,NA,NA
 6/23/16,sunny,SN,DU13,D,FU,50,PP,L,NA,3.3,NA,NA,NA,NA,NA,NA
 6/23/16,sunny,SN,DU13,D,FU,51,PP,L,A,53.4,NA,NA,NA,NA,NA,NA
 6/23/16,sunny,SN,DU13,D,FU,52,PP,L,NA,4.3,NA,NA,NA,NA,NA,NA
 6/23/16,sunny,SN,DU13,D,FU,53,PP,L,NA,2.1,NA,NA,NA,NA,NA,NA
 6/23/16,sunny,SN,DU13,D,FU,54,PP,L,NA,2,NA,NA,NA,NA,NA,NA
 6/23/16,sunny,SN,DU13,D,FU,55,PP,L,A,25.7,NA,NA,NA,NA,NA,NA
 6/23/16,sunny,SN,DU13,D,FU,56,PP,L,A,39.6,NA,NA,NA,NA,NA,NA
 6/23/16,sunny,SN,DU13,D,FU,57,PP,L,NA,3.7,NA,NA,NA,NA,NA,NA
 6/23/16,sunny,SN,DU13,D,FU,58,PP,L,NA,3.9,NA,NA,NA,NA,NA,NA
 6/23/16,sunny,SN,DU13,D,FU,59,PP,L,NA,2.5,NA,NA,NA,NA,NA,NA
 6/23/16,sunny,SN,DU13,D,FU,60,PP,L,NA,1.6,NA,NA,NA,NA,NA,NA
 6/23/16,sunny,SN,DU13,D,FU,61,PP,L,NA,5.3,NA,NA,NA,NA,NA,NA
 6/23/16,sunny,SN,DU13,D,FU,62,PP,L,NA,5,NA,NA,NA,NA,NA,NA
 6/23/16,sunny,SN,DU13,D,FU,63,PP,L,NA,2.6,NA,NA,NA,NA,NA,NA
 6/23/16,sunny,SN,DU13,D,FU,64,PP,L,A,13.2,NA,NA,NA,NA,NA,NA
 6/23/16,sunny,SN,DU13,D,FU,65,PP,L,A,11,NA,NA,NA,NA,NA,NA
 6/23/16,sunny,SN,DU13,D,FU,66,PP,L,NA,5.6,NA,NA,NA,NA,NA,NA
 6/23/16,sunny,SN,DU13,D,FU,67,PP,L,NA,8.5,NA,NA,NA,NA,NA,NA
 6/23/16,sunny,SN,DU13,D,FU,68,PP,L,NA,6.6,NA,NA,NA,NA,NA,NA
 6/23/16,sunny,SN,DU13,D,FU,69,PP,L,A,15,NA,NA,NA,NA,NA,NA
 6/23/16,sunny,SN,DU13,D,FU,70,PP,L,A,11.5,NA,NA,NA,NA,NA,NA
 6/23/16,sunny,SN,DU13,D,FU,71,PP,L,A,15.3,NA,NA,NA,NA,NA,NA
 6/23/16,sunny,SN,DU13,D,FU,72,PP,L,A,12.5,NA,NA,NA,NA,NA,NA
 6/23/16,sunny,SN,DU13,D,FU,73,PP,L,A,12.2,NA,NA,NA,NA,NA,NA
 6/23/16,sunny,SN,DU13,D,FU,74,PP,L,A,10.8,NA,NA,NA,NA,NA,NA
 6/23/16,sunny,SN,DU13,D,FU,75,PP,L,A,12.9,NA,NA,NA,NA,NA,NA
 6/23/16,sunny,SN,DU13,D,FU,76,PP,L,NA,9.3,NA,NA,NA,NA,NA,NA
 6/23/16,sunny,SN,DU13,D,FU,77,PP,L,NA,9,NA,NA,NA,NA,NA,NA
 6/23/16,sunny,SN,DU13,D,FU,78,PP,L,NA,6.8,NA,NA,NA,NA,NA,NA
 6/23/16,sunny,SN,DU13,D,FU,79,PP,L,NA,6.3,NA,NA,NA,NA,NA,NA
 6/23/16,sunny,SN,DU13,D,FU,80,PP,L,NA,7.8,NA,NA,NA,NA,NA,NA
 6/23/16,sunny,SN,DU13,D,FU,81,PP,L,A,13.5,NA,NA,NA,NA,NA,NA
 6/23/16,sunny,SN,DU13,D,FU,82,PP,L,A,15.9,NA,NA,NA,NA,NA,NA
 6/23/16,sunny,SN,DU13,D,FU,83,PP,L,NA,6.5,NA,NA,NA,NA,NA,NA
 6/23/16,sunny,SN,DU13,D,FU,84,PP,L,A,12,NA,NA,NA,NA,NA,NA
 6/23/16,sunny,SN,DU13,D,FU,85,PP,L,NA,4.6,NA,NA,NA,NA,NA,NA
 6/23/16,sunny,SN,DU13,D,FU,86,PP,L,NA,4.4,NA,NA,NA,NA,NA,NA
 6/23/16,sunny,SN,DU13,D,FU,87,PP,L,NA,9.2,NA,NA,NA,NA,NA,NA
 6/23/16,sunny,SN,DU13,D,FU,88,PP,L,NA,7.7,NA,NA,NA,NA,NA,NA
 6/23/16,sunny,SN,DU13,D,FU,89,PP,L,NA,8.6,NA,NA,NA,NA,NA,NA
 6/23/16,sunny,SN,DU13,D,FU,90,PP,L,NA,8.7,NA,NA,NA,NA,NA,NA
 6/23/16,sunny,SN,DU13,D,FU,91,PP,L,NA,7.7,NA,NA,NA,NA,NA,NA
 6/23/16,sunny,SN,DU13,D,FU,92,PP,L,A,42.4,NA,NA,NA,NA,NA,NA
 6/23/16,sunny,SN,DU13,D,FU,93,PP,L,NA,8.7,NA,NA,NA,NA,NA,NA
 6/23/16,sunny,SN,DU13,D,FU,94,PP,L,NA,7.8,NA,NA,NA,NA,NA,NA
 6/23/16,sunny,SN,DU13,D,FU,95,PP,L,NA,6.2,NA,NA,NA,NA,NA,NA
 6/23/16,sunny,SN,DU13,D,FU,96,PP,L,NA,6.6,NA,NA,NA,NA,NA,NA
 6/23/16,sunny,SN,DU13,D,FU,97,PP,L,NA,8.7,NA,NA,NA,NA,NA,NA
 6/23/16,sunny,SN,DU13,D,FU,98,PP,L,NA,9.2,NA,NA,NA,NA,NA,NA
 6/23/16,sunny,SN,DU13,D,FU,99,PP,L,NA,7.5,NA,NA,NA,NA,NA,NA
 6/23/16,sunny,SN,DU13,D,FU,100,PP,L,A,12.7,NA,NA,NA,NA,NA,NA
 6/23/16,sunny,SN,DU13,D,FU,101,PP,L,NA,6.9,NA,NA,NA,NA,NA,NA
 6/23/16,sunny,SN,DU13,D,FU,102,PP,L,NA,3.6,NA,NA,NA,NA,NA,NA
 6/23/16,sunny,SN,DU13,D,FU,103,PP,L,NA,9.3,NA,NA,NA,NA,NA,NA
 6/23/16,sunny,SN,DU13,D,FU,104,PP,L,A,13.7,NA,NA,NA,NA,NA,NA
 6/23/16,sunny,SN,DU13,D,FU,105,PP,L,NA,9.1,NA,NA,NA,NA,NA,NA
 6/23/16,sunny,SN,DU13,D,FU,106,PP,L,A,14.2,NA,NA,NA,NA,NA,NA
 6/23/16,sunny,SN,DU13,D,FU,107,PP,L,A,10.1,NA,NA,NA,NA,NA,NA
 6/23/16,sunny,SN,DU13,D,FU,108,PP,L,NA,4.3,NA,NA,NA,NA,NA,NA
 6/23/16,sunny,SN,DU13,D,FU,109,PP,L,A,13.4,NA,NA,NA,NA,NA,NA
 6/23/16,sunny,SN,DU13,D,FU,110,PP,L,A,10.2,NA,NA,NA,NA,NA,NA
 6/23/16,sunny,SN,DU13,D,FU,111,PP,L,A,15.4,NA,NA,NA,NA,NA,NA
 6/23/16,sunny,SN,DU13,D,FU,112,PP,L,A,16,NA,NA,NA,NA,NA,NA
 6/23/16,sunny,SN,DU13,D,FU,113,PP,L,A,13,NA,NA,NA,NA,NA,NA
 6/23/16,sunny,SN,DU13,D,FU,114,PP,L,NA,7.3,NA,NA,NA,NA,NA,NA
 6/23/16,sunny,SN,DU13,D,FU,115,PP,L,A,12.5,NA,NA,NA,NA,NA,NA
 6/23/16,sunny,SN,DU13,D,FU,116,PP,L,A,12.3,NA,NA,NA,NA,NA,NA
 6/23/16,sunny,SN,DU13,D,FU,117,PP,L,NA,3.7,NA,NA,NA,NA,NA,NA
 6/23/16,sunny,SN,DU13,D,FU,118,PP,L,A,11,NA,NA,NA,NA,NA,NA
 6/23/16,sunny,SN,DU13,D,FU,119,PP,L,NA,2.4,NA,NA,NA,NA,NA,NA
 6/23/16,sunny,SN,DU13,D,FU,120,PP,L,NA,2.7,NA,NA,NA,NA,NA,NA
 6/23/16,sunny,SN,DU13,D,FU,121,PP,L,NA,3.1,NA,NA,NA,NA,NA,NA
 6/23/16,sunny,SN,DU13,D,FU,122,PP,L,NA,3.3,NA,NA,NA,NA,NA,NA
 6/23/16,sunny,SN,DU13,D,FU,123,PP,L,NA,5.2,NA,NA,NA,NA,NA,NA
 6/23/16,sunny,SN,DU13,D,FU,124,PP,L,NA,4.6,NA,NA,NA,NA,NA,NA
 6/23/16,sunny,SN,DU13,D,FU,125,PP,L,A,13.3,NA,NA,NA,NA,NA,NA
 6/23/16,sunny,SN,DU13,D,FU,126,PP,L,A,16.2,NA,NA,NA,NA,NA,NA
 6/23/16,sunny,SN,DU13,D,FU,127,PP,L,A,15.3,NA,NA,NA,NA,NA,NA
 6/23/16,sunny,SN,DU13,D,FU,128,PP,L,A,16.3,NA,NA,NA,NA,NA,NA
 6/23/16,sunny,SN,DU13,D,FU,129,PP,L,A,14.4,NA,NA,NA,NA,NA,NA
 6/23/16,sunny,SN,DU13,D,FU,130,PP,L,A,15.1,NA,NA,NA,NA,NA,NA
 6/23/16,sunny,SN,DU13,D,FU,131,PP,L,NA,2.4,NA,NA,NA,NA,NA,NA
 6/23/16,sunny,SN,DU13,D,FU,132,PP,L,A,18.5,NA,NA,NA,NA,NA,NA
 6/23/16,sunny,SN,DU13,D,FU,133,PP,L,A,13.8,NA,NA,NA,NA,NA,NA
 6/23/16,sunny,SN,DU13,D,FU,134,PP,L,A,11.6,NA,NA,NA,NA,NA,NA
 6/23/16,sunny,SN,DU13,D,FU,135,PP,L,NA,4.5,NA,NA,NA,NA,NA,NA
 6/23/16,sunny,SN,DU13,D,FU,136,PP,L,NA,9,NA,NA,NA,NA,NA,NA
 6/23/16,sunny,SN,DU13,D,FU,137,PP,L,A,10.7,NA,NA,NA,NA,NA,NA
 6/23/16,sunny,SN,DU13,D,FU,138,PP,L,NA,2.6,NA,NA,NA,NA,NA,NA
 6/23/16,sunny,SN,DU13,D,FU,139,PP,L,NA,4.5,NA,NA,NA,NA,NA,NA
 6/23/16,sunny,SN,DU13,D,FU,140,PP,L,A,14.2,NA,NA,NA,NA,NA,NA
 6/23/16,sunny,SN,DU13,D,FU,141,PP,L,NA,3.8,NA,NA,NA,NA,NA,NA
 6/23/16,sunny,SN,DU13,D,FU,142,PP,L,NA,7.2,NA,NA,NA,NA,NA,NA
 6/23/16,sunny,SN,DU13,D,FU,143,PP,L,NA,2.5,NA,NA,NA,NA,NA,NA
 6/23/16,sunny,SN,DU13,D,FU,144,PP,L,NA,3.4,NA,NA,NA,NA,NA,NA
 6/23/16,sunny,SN,DU13,D,FU,145,PP,L,A,10.2,NA,NA,NA,NA,NA,NA
 6/23/16,sunny,SN,DU13,D,FU,146,PP,L,A,10.5,NA,NA,NA,NA,NA,NA
 6/23/16,sunny,SN,DU13,D,FU,147,PP,L,A,15.4,NA,NA,NA,NA,NA,NA
 6/23/16,sunny,SN,DU13,D,FU,148,PP,L,NA,7,NA,NA,NA,NA,NA,NA
 6/23/16,sunny,SN,DU13,D,FU,149,PP,L,NA,4,NA,NA,NA,NA,NA,NA
 6/23/16,sunny,SN,DU13,D,FU,150,PP,L,A,19.8,NA,NA,NA,NA,NA,NA
 6/23/16,sunny,SN,DU13,D,FU,151,PP,L,A,14.1,NA,NA,NA,NA,NA,NA
 6/23/16,sunny,SN,DU13,D,FU,152,PP,L,A,11.8,NA,NA,NA,NA,NA,NA
 6/23/16,sunny,SN,DU13,D,FU,153,PP,L,A,14.2,NA,NA,NA,NA,NA,NA
 6/23/16,sunny,SN,DU13,D,FU,154,PP,L,NA,2.5,NA,NA,NA,NA,NA,NA
 6/23/16,sunny,SN,DU13,D,FU,155,PP,L,A,10.4,NA,NA,NA,NA,NA,NA
 6/23/16,sunny,SN,DU13,D,FU,156,PP,5,P,61.5,N,NW, 2/6,0.5,0.5,0.5
 6/23/16,sunny,SN,DU13,D,FU,156,PP,5,P,61.5,N,NW, 3/24,0.5,0.5,0.5
 6/23/16,sunny,SN,DU13,D,FU,156,PP,5,P,61.5,N,W, 3/36,0.3,0.3,0.3
 6/23/16,sunny,SN,DU13,D,FU,156,PP,5,P,61.5,N,N, 3/36,1.5,1.5,1.5
 6/23/16,sunny,SN,DU13,D,FU,157,PP,L,A,11.6,NA,NA,NA,NA,NA,NA
 6/23/16,sunny,SN,DU13,D,FU,158,PP,L,NA,6.8,NA,NA,NA,NA,NA,NA
 6/23/16,sunny,SN,DU13,D,FU,159,PP,L,NA,2,NA,NA,NA,NA,NA,NA
 6/23/16,sunny,SN,DU13,D,FU,160,PP,L,NA,6.9,NA,NA,NA,NA,NA,NA
 6/23/16,sunny,SN,DU13,D,FU,161,PP,L,NA,2.2,NA,NA,NA,NA,NA,NA
 6/23/16,sunny,SN,DU13,D,FU,162,PP,L,NA,8,NA,NA,NA,NA,NA,NA
 6/23/16,sunny,SN,DU13,D,FU,163,PP,L,A,15.9,NA,NA,NA,NA,NA,NA
 6/23/16,sunny,SN,DU13,D,FU,164,PP,L,NA,2.5,NA,NA,NA,NA,NA,NA
 6/23/16,sunny,SN,DU13,D,FU,165,PP,L,A,15.2,NA,NA,NA,NA,NA,NA
 6/23/16,sunny,SN,DU13,D,FU,166,PP,L,NA,6.8,NA,NA,NA,NA,NA,NA
 6/23/16,sunny,SN,DU13,D,FU,167,PP,L,A,11.5,NA,NA,NA,NA,NA,NA
 6/23/16,sunny,SN,DU13,D,FU,168,PRVI,L,NA,3.6,NA,NA,NA,NA,NA,NA
 6/23/16,sunny,SN,DU13,D,FU,169,PP,L,NA,3.6,NA,NA,NA,NA,NA,NA
 6/23/16,sunny,SN,DU13,D,FU,170,PP,L,NA,4.1,NA,NA,NA,NA,NA,NA
 6/23/16,sunny,SN,DU13,D,FU,171,PP,L,A,10.7,NA,NA,NA,NA,NA,NA
 6/23/16,sunny,SN,DU13,D,FU,172,PP,L,NA,5.1,NA,NA,NA,NA,NA,NA
 6/23/16,sunny,SN,DU13,D,FU,173,PP,L,A,14.2,NA,NA,NA,NA,NA,NA
 6/23/16,sunny,SN,DU13,D,FU,174,PP,L,NA,5,NA,NA,NA,NA,NA,NA
 6/23/16,sunny,SN,DU12,D,FU,1,PP,L,NA,4.5,NA,NA,NA,NA,NA,NA
 6/23/16,sunny,SN,DU12,D,FU,2,PP,L,NA,6,NA,NA,NA,NA,NA,NA
 6/23/16,sunny,SN,DU12,D,FU,3,PP,L,NA,5.6,NA,NA,NA,NA,NA,NA
 6/23/16,sunny,SN,DU12,D,FU,4,PP,L,NA,4.3,NA,NA,NA,NA,NA,NA
 6/23/16,sunny,SN,DU12,D,FU,5,PP,L,NA,3,NA,NA,NA,NA,NA,NA
 6/23/16,sunny,SN,DU12,D,FU,6,PP,L,NA,3.8,NA,NA,NA,NA,NA,NA
 6/23/16,sunny,SN,DU12,D,FU,7,PP,L,NA,8.6,NA,NA,NA,NA,NA,NA
 6/23/16,sunny,SN,DU12,D,FU,8,PP,L,NA,5.2,NA,NA,NA,NA,NA,NA
 6/23/16,sunny,SN,DU12,D,FU,9,PP,L,NA,6.6,NA,NA,NA,NA,NA,NA
 6/23/16,sunny,SN,DU12,D,FU,10,PP,L,NA,5.3,NA,NA,NA,NA,NA,NA
 6/23/16,sunny,SN,DU12,D,FU,11,PP,L,NA,2.9,NA,NA,NA,NA,NA,NA
 6/23/16,sunny,SN,DU12,D,FU,12,PP,L,NA,4.8,NA,NA,NA,NA,NA,NA
 6/23/16,sunny,SN,DU12,D,FU,13,PP,L,NA,3.5,NA,NA,NA,NA,NA,NA
 6/23/16,sunny,SN,DU12,D,FU,14,PP,L,NA,2.6,NA,NA,NA,NA,NA,NA
 6/23/16,sunny,SN,DU12,D,FU,15,PP,L,NA,6.4,NA,NA,NA,NA,NA,NA
 6/23/16,sunny,SN,DU12,D,FU,16,PP,L,NA,4.5,NA,NA,NA,NA,NA,NA
 6/23/16,sunny,SN,DU12,D,FU,17,PP,L,NA,3.6,NA,NA,NA,NA,NA,NA
 6/23/16,sunny,SN,DU12,D,FU,18,PP,L,NA,2.5,NA,NA,NA,NA,NA,NA
 6/23/16,sunny,SN,DU12,D,FU,19,PP,L,NA,4.2,NA,NA,NA,NA,NA,NA
 6/23/16,sunny,SN,DU12,D,FU,20,PP,L,NA,2.2,NA,NA,NA,NA,NA,NA
 6/23/16,sunny,SN,DU12,D,FU,21,PP,L,NA,5.4,NA,NA,NA,NA,NA,NA
 6/23/16,sunny,SN,DU12,D,FU,22,PP,L,NA,4.2,NA,NA,NA,NA,NA,NA
 6/23/16,sunny,SN,DU12,D,FU,23,PP,L,NA,4.5,NA,NA,NA,NA,NA,NA
 6/23/16,sunny,SN,DU12,D,FU,24,PP,L,NA,2.3,NA,NA,NA,NA,NA,NA
 6/23/16,sunny,SN,DU12,D,FU,25,PP,L,NA,2.6,NA,NA,NA,NA,NA,NA
 6/23/16,sunny,SN,DU12,D,FU,26,PP,L,NA,4.5,NA,NA,NA,NA,NA,NA
 6/23/16,sunny,SN,DU12,D,FU,27,PP,L,NA,5.5,NA,NA,NA,NA,NA,NA
 6/23/16,sunny,SN,DU12,D,FU,28,PP,L,NA,1.9,NA,NA,NA,NA,NA,NA
 6/23/16,sunny,SN,DU12,D,FU,29,PP,L,NA,2.2,NA,NA,NA,NA,NA,NA
 6/23/16,sunny,SN,DU12,D,FU,30,PP,L,NA,2.1,NA,NA,NA,NA,NA,NA
 6/23/16,sunny,SN,DU12,D,FU,31,PP,L,NA,2.6,NA,NA,NA,NA,NA,NA
 6/23/16,sunny,SN,DU12,D,FU,32,PP,L,NA,2.8,NA,NA,NA,NA,NA,NA
 6/23/16,sunny,SN,DU12,D,FU,33,PP,L,NA,5.3,NA,NA,NA,NA,NA,NA
 6/23/16,sunny,SN,DU12,D,FU,34,PP,L,NA,4.5,NA,NA,NA,NA,NA,NA
 6/23/16,sunny,SN,DU12,D,FU,35,PP,L,A,10.3,NA,NA,NA,NA,NA,NA
 6/23/16,sunny,SN,DU12,D,FU,36,PP,L,NA,3.3,NA,NA,NA,NA,NA,NA
 6/23/16,sunny,SN,DU12,D,FU,37,PP,L,NA,4,NA,NA,NA,NA,NA,NA
 6/23/16,sunny,SN,DU12,D,FU,38,PP,L,NA,3.9,NA,NA,NA,NA,NA,NA
 6/23/16,sunny,SN,DU12,D,FU,39,PP,L,NA,5.2,NA,NA,NA,NA,NA,NA
 6/23/16,sunny,SN,DU12,D,FU,40,PP,L,A,10.2,NA,NA,NA,NA,NA,NA
 6/23/16,sunny,SN,DU12,D,FU,41,PP,L,A,17.2,NA,NA,NA,NA,NA,NA
 6/23/16,sunny,SN,DU12,D,FU,42,PP,L,NA,2.5,NA,NA,NA,NA,NA,NA
 6/23/16,sunny,SN,DU12,D,FU,43,PP,L,NA,2.2,NA,NA,NA,NA,NA,NA
 6/23/16,sunny,SN,DU12,D,FU,44,PP,L,NA,2.7,NA,NA,NA,NA,NA,NA
 6/23/16,sunny,SN,DU12,D,FU,45,PP,L,A,11,NA,NA,NA,NA,NA,NA
 6/23/16,sunny,SN,DU12,D,FU,46,PP,L,NA,3,NA,NA,NA,NA,NA,NA
 6/23/16,sunny,SN,DU12,D,FU,47,PP,L,NA,3.2,NA,NA,NA,NA,NA,NA
 6/23/16,sunny,SN,DU12,D,FU,48,PP,L,A,13.2,NA,NA,NA,NA,NA,NA
 6/23/16,sunny,SN,DU12,D,FU,49,PP,L,NA,3.1,NA,NA,NA,NA,NA,NA
 6/23/16,sunny,SN,DU12,D,FU,50,PP,L,A,39.6,NA,NA,NA,NA,NA,NA
 6/23/16,sunny,SN,DU12,D,FU,51,PP,L,NA,4.8,NA,NA,NA,NA,NA,NA
 6/23/16,sunny,SN,DU12,D,FU,52,PP,L,NA,3.6,NA,NA,NA,NA,NA,NA
 6/23/16,sunny,SN,DU12,D,FU,53,PP,L,NA,3.5,NA,NA,NA,NA,NA,NA
 6/23/16,sunny,SN,DU12,D,FU,54,PP,L,NA,4.5,NA,NA,NA,NA,NA,NA
 6/23/16,sunny,SN,DU12,D,FU,55,PP,L,NA,3.3,NA,NA,NA,NA,NA,NA
 6/23/16,sunny,SN,DU12,D,FU,56,PP,L,NA,4.2,NA,NA,NA,NA,NA,NA
 6/23/16,sunny,SN,DU12,D,FU,57,PP,L,NA,4.3,NA,NA,NA,NA,NA,NA
 6/23/16,sunny,SN,DU12,D,FU,58,PP,L,A,11.8,NA,NA,NA,NA,NA,NA
 6/23/16,sunny,SN,DU12,D,FU,59,PP,L,NA,2.4,NA,NA,NA,NA,NA,NA
 6/23/16,sunny,SN,DU12,D,FU,60,PP,L,NA,4.5,NA,NA,NA,NA,NA,NA
 6/23/16,sunny,SN,DU12,D,FU,61,PP,L,NA,5.2,NA,NA,NA,NA,NA,NA
 6/23/16,sunny,SN,DU12,D,FU,62,PP,L,A,32,NA,NA,NA,NA,NA,NA
 6/23/16,sunny,SN,DU12,D,FU,63,PP,L,A,30.6,NA,NA,NA,NA,NA,NA
 6/23/16,sunny,SN,DU12,D,FU,64,PP,L,A,24.9,NA,NA,NA,NA,NA,NA
 6/23/16,sunny,SN,DU12,D,FU,65,PP,L,NA,3.6,NA,NA,NA,NA,NA,NA
 6/23/16,sunny,SN,DU12,D,FU,66,PP,L,NA,5.4,NA,NA,NA,NA,NA,NA
 6/23/16,sunny,SN,DU12,D,FU,67,PP,L,NA,4.6,NA,NA,NA,NA,NA,NA
 6/23/16,sunny,SN,DU12,D,FU,68,PP,L,A,13.1,NA,NA,NA,NA,NA,NA
 6/23/16,sunny,SN,DU12,D,FU,69,PP,L,A,29,NA,NA,NA,NA,NA,NA
 6/23/16,sunny,SN,DU12,D,FU,70,PP,L,A,25.7,NA,NA,NA,NA,NA,NA
 6/23/16,sunny,SN,DU12,D,FU,71,PP,L,A,20.6,NA,NA,NA,NA,NA,NA
 6/23/16,sunny,SN,DU12,D,FU,72,PP,L,NA,4.1,NA,NA,NA,NA,NA,NA
 6/23/16,sunny,SN,DU12,D,FU,73,PP,L,NA,3.3,NA,NA,NA,NA,NA,NA
 6/23/16,sunny,SN,DU12,D,FU,74,PP,L,NA,3.8,NA,NA,NA,NA,NA,NA
 6/23/16,sunny,SN,DU12,D,FU,75,PP,L,A,23.4,NA,NA,NA,NA,NA,NA
 6/23/16,sunny,SN,DU12,D,FU,76,PP,L,A,23,NA,NA,NA,NA,NA,NA
 6/23/16,sunny,SN,DU12,D,FU,77,PP,L,A,10.4,NA,NA,NA,NA,NA,NA
 6/23/16,sunny,SN,DU12,D,FU,78,PP,L,NA,9.1,NA,NA,NA,NA,NA,NA
 6/23/16,sunny,SN,DU12,D,FU,79,PP,L,A,10.4,NA,NA,NA,NA,NA,NA
 6/23/16,sunny,SN,DU12,D,FU,80,PP,L,NA,9,NA,NA,NA,NA,NA,NA
 6/23/16,sunny,SN,DU12,D,FU,81,PP,L,A,10.7,NA,NA,NA,NA,NA,NA
 6/23/16,sunny,SN,DU12,D,FU,82,PP,L,A,9.1,NA,NA,NA,NA,NA,NA
 6/23/16,sunny,SN,DU12,D,FU,83,PP,L,NA,6.9,NA,NA,NA,NA,NA,NA
 6/23/16,sunny,SN,DU12,D,FU,84,PP,L,NA,6.4,NA,NA,NA,NA,NA,NA
 6/23/16,sunny,SN,DU12,D,FU,85,PP,L,A,12.5,NA,NA,NA,NA,NA,NA
 6/23/16,sunny,SN,DU12,D,FU,86,PP,L,NA,9.5,NA,NA,NA,NA,NA,NA
 6/23/16,sunny,SN,DU12,D,FU,87,PP,L,A,15.4,NA,NA,NA,NA,NA,NA
 6/23/16,sunny,SN,DU12,D,FU,88,PP,L,NA,2.4,NA,NA,NA,NA,NA,NA
 6/23/16,sunny,SN,DU12,D,FU,89,PP,L,NA,5.5,NA,NA,NA,NA,NA,NA
 6/23/16,sunny,SN,DU12,D,FU,90,PP,L,NA,8.2,NA,NA,NA,NA,NA,NA
 6/23/16,sunny,SN,DU12,D,FU,91,PP,L,NA,4.7,NA,NA,NA,NA,NA,NA
 6/23/16,sunny,SN,DU12,D,FU,92,PP,L,A,11.7,NA,NA,NA,NA,NA,NA
 6/23/16,sunny,SN,DU12,D,FU,93,PP,L,A,11.6,NA,NA,NA,NA,NA,NA
 6/23/16,sunny,SN,DU12,D,FU,94,PP,L,A,17.8,NA,NA,NA,NA,NA,NA
 6/23/16,sunny,SN,DU12,D,FU,95,PP,L,NA,6.6,NA,NA,NA,NA,NA,NA
 6/23/16,sunny,SN,DU12,D,FU,96,PP,L,NA,2,NA,NA,NA,NA,NA,NA
 6/23/16,sunny,SN,DU12,D,FU,97,PP,L,NA,9,NA,NA,NA,NA,NA,NA
 6/23/16,sunny,SN,DU12,D,FU,98,PP,L,A,15.9,NA,NA,NA,NA,NA,NA
 6/23/16,sunny,SN,DU12,D,FU,99,PP,L,NA,5.1,NA,NA,NA,NA,NA,NA
 6/23/16,sunny,SN,DU12,D,FU,100,PP,L,NA,7.5,NA,NA,NA,NA,NA,NA
 6/23/16,sunny,SN,DU12,D,FU,101,PP,L,A,10.4,NA,NA,NA,NA,NA,NA
 6/23/16,sunny,SN,DU12,D,FU,102,PP,L,NA,3.6,NA,NA,NA,NA,NA,NA
 6/23/16,sunny,SN,DU12,D,FU,103,PP,L,NA,6.6,NA,NA,NA,NA,NA,NA
 6/23/16,sunny,SN,DU12,D,FU,104,PP,L,A,29.4,NA,NA,NA,NA,NA,NA
 6/23/16,sunny,SN,DU12,D,FU,105,PP,L,A,12.5,NA,NA,NA,NA,NA,NA
 6/23/16,sunny,SN,DU12,D,FU,106,PP,L,NA,3.6,NA,NA,NA,NA,NA,NA
 6/23/16,sunny,SN,DU12,D,FU,107,PP,L,NA,4.6,NA,NA,NA,NA,NA,NA
 6/23/16,sunny,SN,DU12,D,FU,108,PP,L,NA,3.1,NA,NA,NA,NA,NA,NA
 6/23/16,sunny,SN,DU12,D,FU,109,PP,L,NA,7.7,NA,NA,NA,NA,NA,NA
 6/23/16,sunny,SN,DU12,D,FU,110,PP,L,NA,9.3,NA,NA,NA,NA,NA,NA
 6/23/16,sunny,SN,DU12,D,FU,111,PP,L,A,10.3,NA,NA,NA,NA,NA,NA
 6/23/16,sunny,SN,DU12,D,FU,112,PP,L,A,11.5,NA,NA,NA,NA,NA,NA
 6/23/16,sunny,SN,DU12,D,FU,113,PP,L,NA,8,NA,NA,NA,NA,NA,NA
 7/8/16,sunny,SN,DL51,D,FL,1,PP,L,A,39.7,NA,NA,NA,NA,NA,NA
 7/8/16,sunny,SN,DL51,D,FL,2,PP,L,A,44,NA,NA,NA,NA,NA,NA
 7/8/16,sunny,SN,DL51,D,FL,3,PP,L,A,27.7,NA,NA,NA,NA,NA,NA
 7/8/16,sunny,SN,DL51,D,FL,4,PP,L,A,38.3,NA,NA,NA,NA,NA,NA
 7/8/16,sunny,SN,DL51,D,FL,5,PP,L,A,33.4,NA,NA,NA,NA,NA,NA
 7/8/16,sunny,SN,DL51,D,FL,6,PP,L,A,37.5,NA,NA,NA,NA,NA,NA
 7/8/16,sunny,SN,DL51,D,FL,7,PP,L,A,55.1,NA,NA,NA,NA,NA,NA
 7/8/16,sunny,SN,DL51,D,FL,8,PP,1,A,25.4,NA,NA,NA,NA,NA,NA
 7/8/16,sunny,SN,DL51,D,FL,9,PP,1,A,53.5,NA,NA,NA,NA,NA,NA
 7/8/16,sunny,SN,DL51,D,FL,10,PP,L,A,26.2,NA,NA,NA,NA,NA,NA
 7/8/16,sunny,SN,DL51,D,FL,11,PP,L,A,35.3,NA,NA,NA,NA,NA,NA
 7/8/16,sunny,SN,DL51,D,FL,12,PP,2,A,52.3,NA,NA,NA,NA,NA,NA
 7/8/16,sunny,SN,DL51,D,FL,13,PP,L,A,39.3,NA,NA,NA,NA,NA,NA
 7/8/16,sunny,SN,DL51,D,FL,14,PP,L,A,38.3,NA,NA,NA,NA,NA,NA
 7/8/16,sunny,SN,DL51,D,FL,15,PP,L,A,42,NA,NA,NA,NA,NA,NA
 7/8/16,sunny,SN,DL51,D,FL,16,PP,L,A,38.8,NA,NA,NA,NA,NA,NA
 7/8/16,sunny,SN,DM53,D,FM,1,PP,L,A,26.7,NA,NA,NA,NA,NA,NA
 7/8/16,sunny,SN,DM53,D,FM,2,PP,L,A,13.9,NA,NA,NA,NA,NA,NA
 7/8/16,sunny,SN,DM53,D,FM,3,PP,L,A,24.1,NA,NA,NA,NA,NA,NA
 7/8/16,sunny,SN,DM53,D,FM,4,PP,L,A,19.8,NA,NA,NA,NA,NA,NA
 7/8/16,sunny,SN,DM53,D,FM,5,PP,L,A,25.3,NA,NA,NA,NA,NA,NA
 7/8/16,sunny,SN,DL40,D,FL,1,PP,L,A,30.6,NA,NA,NA,NA,NA,NA
 7/8/16,sunny,SN,DL40,D,FL,2,PP,L,A,18.4,NA,NA,NA,NA,NA,NA
 7/8/16,sunny,SN,DL40,D,FL,3,PP,L,A,25.7,NA,NA,NA,NA,NA,NA
 7/8/16,sunny,SN,DL40,D,FL,4,PP,L,A,22.4,NA,NA,NA,NA,NA,NA
 7/8/16,sunny,SN,DL40,D,FL,5,PP,L,A,31.5,NA,NA,NA,NA,NA,NA
 7/8/16,sunny,SN,DL40,D,FL,6,PP,L,A,30.3,NA,NA,NA,NA,NA,NA
 7/8/16,sunny,SN,DL40,D,FL,7,PP,L,A,17.7,NA,NA,NA,NA,NA,NA
 7/8/16,sunny,SN,DL40,D,FL,8,PP,L,A,35,NA,NA,NA,NA,NA,NA
 7/8/16,sunny,SN,DL40,D,FL,9,PP,L,A,17.1,NA,NA,NA,NA,NA,NA
 7/8/16,sunny,SN,DL40,D,FL,10,PP,L,A,15.6,NA,NA,NA,NA,NA,NA
 7/8/16,sunny,SN,DL40,D,FL,11,PP,L,A,24.8,NA,NA,NA,NA,NA,NA
 7/8/16,sunny,SN,DL40,D,FL,12,PP,L,A,17,NA,NA,NA,NA,NA,NA
 7/8/16,sunny,SN,DL40,D,FL,13,PP,L,A,20,NA,NA,NA,NA,NA,NA
 7/8/16,sunny,SN,DL40,D,FL,14,PP,L,A,26.4,NA,NA,NA,NA,NA,NA
 7/8/16,sunny,SN,DL40,D,FL,15,PP,L,A,27.7,NA,NA,NA,NA,NA,NA
 7/8/16,sunny,SN,DL40,D,FL,16,PP,L,A,21.9,NA,NA,NA,NA,NA,NA
 7/8/16,sunny,SN,DL40,D,FL,17,PP,L,A,19.7,NA,NA,NA,NA,NA,NA
 7/8/16,sunny,SN,DL40,D,FL,18,PP,L,A,19.7,NA,NA,NA,NA,NA,NA
 7/8/16,sunny,SN,DH20,D,FH,1,PP,L,NA,4.7,NA,NA,NA,NA,NA,NA
 7/8/16,sunny,SN,DM102,D,FM,1,PP,3,A,30.1,NA,NA,NA,NA,NA,NA
 7/8/16,sunny,SN,DM19,D,FM,1,PP,L,NA,3.9,NA,NA,NA,NA,NA,NA
 7/8/16,sunny,SN,DM19,D,FM,2,PP,L,NA,4.4,NA,NA,NA,NA,NA,NA
 7/8/16,sunny,SN,DM19,D,FM,3,PP,L,NA,4.4,NA,NA,NA,NA,NA,NA
 7/8/16,sunny,SN,DM19,D,FM,4,PP,L,NA,4,NA,NA,NA,NA,NA,NA
 7/8/16,sunny,SN,DM19,D,FM,5,PP,L,NA,2.8,NA,NA,NA,NA,NA,NA
 7/8/16,sunny,SN,DM19,D,FM,6,PP,L,NA,3,NA,NA,NA,NA,NA,NA
 7/8/16,sunny,SN,DM19,D,FM,7,PP,L,NA,2.9,NA,NA,NA,NA,NA,NA
 7/8/16,sunny,SN,DM19,D,FM,8,PP,L,NA,3.9,NA,NA,NA,NA,NA,NA
 7/8/16,sunny,SN,DM19,D,FM,9,PP,L,NA,3.4,NA,NA,NA,NA,NA,NA
 7/8/16,sunny,SN,DM19,D,FM,10,PP,L,NA,4.2,NA,NA,NA,NA,NA,NA
 7/8/16,sunny,SN,DM19,D,FM,11,PP,L,NA,2.7,NA,NA,NA,NA,NA,NA
 7/8/16,sunny,SN,DM22,D,FM,1,PP,3,A,25.6,NA,NA,NA,NA,NA,NA
 7/8/16,sunny,SN,DM22,D,FM,2,PP,3,P,55.2,E,W, 2/6,0,0,0
 7/8/16,sunny,SN,DM22,D,FM,2,PP,3,P,55.2,E,SW, 1/1,7.4,7.8,7.6
 7/8/16,sunny,SN,DM22,D,FM,2,PP,3,P,55.2,E,SW, 1/1,7.4,7.8,7.6
 7/8/16,sunny,SN,DM22,D,FM,2,PP,3,P,55.2,E,SW, 1/1,7.4,7.8,7.6
 7/8/16,sunny,SN,DM22,D,FM,2,PP,3,P,55.2,E,S, 1/1,11.8,11.6,11.7
 7/8/16,sunny,SN,DM22,D,FM,2,PP,3,P,55.2,E,S, 1/1,11.8,11.6,11.7
 7/8/16,sunny,SN,DM22,D,FM,2,PP,3,P,55.2,E,S, 1/1,11.8,11.6,11.7
 7/8/16,sunny,SN,DL21,D,FL,1,PP,L,A,44.5,NA,NA,NA,NA,NA,NA
 7/8/16,sunny,SN,DL21,D,FL,2,PP,L,A,30,NA,NA,NA,NA,NA,NA
 7/8/16,sunny,SN,DL21,D,FL,3,PP,L,A,38.9,NA,NA,NA,NA,NA,NA
 7/8/16,sunny,SN,DL21,D,FL,4,PP,L,P,44.5,E,N, 1/4,1.8,1.8,1.8
 7/8/16,sunny,SN,DL21,D,FL,4,PP,L,P,44.5,E,N, 1/4,2.1,2.1,2.1
 7/8/16,sunny,SN,DL21,D,FL,4,PP,L,P,44.5,E,N, 2/8,2.7,2.7,2.7
 7/8/16,sunny,SN,DL21,D,FL,4,PP,L,P,44.5,E,N, 2/6,3,3,3
 7/8/16,sunny,SN,DL21,D,FL,4,PP,L,P,44.5,E,N, 1/4,3.5,3.5,3.5
 7/8/16,sunny,SN,DL21,D,FL,5,PP,L,A,25.8,NA,NA,NA,NA,NA,NA
 7/8/16,sunny,SN,DL21,D,FL,6,PP,L,A,36.2,NA,NA,NA,NA,NA,NA
 7/8/16,sunny,SN,DL21,D,FL,7,PP,L,A,23.1,NA,NA,NA,NA,NA,NA
 7/8/16,sunny,SN,DL21,D,FL,8,PP,1,A,19.4,NA,NA,NA,NA,NA,NA
 7/8/16,sunny,SN,DL21,D,FL,9,PP,2,A,34,NA,NA,NA,NA,NA,NA
 7/8/16,sunny,SN,DL21,D,FL,10,PP,L,A,17.4,NA,NA,NA,NA,NA,NA
7/5/2016,sunny,SN,DH55,D,FH,1,PP,2,A,11.8,NA,NA,NA,NA,NA,NA
7/18/2016,sunny,SN,DH42,D,FH,1,PP,3,P,26.5,N,W, 3/36,2.4,2.4,2.4
7/18/2016,sunny,SN,DM39,D,FM,1,PP,2,A,41.8,NA,NA,NA,NA,,
7/18/2016,sunny,SN,DM39,D,FM,2,PP,3,A,31.6,NA,NA,NA,NA,,
7/18/2016,sunny,SN,DL41,D,FL,NA,NA,NA,NA,NA,NA,NA,NA,NA,NA,NA
7/18/2016,sunny,SN,DH26,D,FH,1,PP,2,P,51.3,E,E, 1/2,2.4,2.4,2.4
7/18/2016,sunny,SN,DH26,D,FH,1,PP,3,P,52.3,E,E, 1/2,2.4,2.4,2.4
7/18/2016,sunny,SN,DH26,D,FH,1,PP,4,P,53.3,E,E, 1/2,2.4,2.4,2.4
7/18/2016,sunny,SN,DH26,D,FH,1,PP,5,P,54.3,E,E, 1/1,3.6,3.4,3.5
7/18/2016,sunny,SN,DH26,D,FH,1,PP,6,P,55.3,E,NE, 1/1,7.6,7.2,7.4
7/18/2016,sunny,SN,DH57,D,FH,1,PP,3,A,21.6,NA,NA,NA,NA,NA,NA
7/18/2016,sunny,SN,DH57,D,FH,2,PP,3,A,26.4,NA,NA,NA,NA,NA,NA
7/18/2016,sunny,SN,DH57,D,FH,3,PP,3,A,21.2,NA,NA,NA,NA,NA,NA
7/18/2016,sunny,SN,DH24,D,FH,1,PP,4,A,31.4,NA,NA,NA,NA,NA,NA
7/18/2016,sunny,SN,DH24,D,FH,2,PP,4,P,39,NA,NA,NA,NA,NA,NA
7/18/2016,sunny,SN,DH24,D,FH,3,PP,4,A,31.2,NA,NA,NA,NA,NA,NA
7/18/2016,sunny,SN,DH24,D,FH,4,PP,3,P,32.6,NA,NA,NA,NA,NA,NA
7/18/2016,sunny,SN,DH24,D,FH,5,PP,3,P,33.7,NA,NA,NA,NA,NA,NA
7/18/2016,sunny,SN,DH24,D,FH,6,PP,3,A,14.2,NA,NA,NA,NA,NA,NA
7/18/2016,sunny,SN,DH24,D,FH,7,PP,3,P,40.4,NA,NA,NA,NA,NA,NA
7/18/2016,sunny,SN,DH24,D,FH,7,PP,3,P,40.4,NA,NA,NA,NA,NA,NA
7/18/2016,sunny,SN,DH24,D,FH,8,PP,3,A,34.4,NA,NA,NA,NA,NA,NA
7/18/2016,sunny,SN,DH24,D,FH,9,PP,3,P,36.6,E,E, 1/3,3.6,3.6,3.6
7/18/2016,sunny,SN,DH24,D,FH,9,PP,4,P,37.6,E,E, 1/1,7.4,7.4,7.4
7/18/2016,sunny,SN,DH24,D,FH,9,PP,5,P,38.6,E,SE, 1/2,8.4,8.6,8.5
7/18/2016,sunny,SN,DH24,D,FH,9,PP,6,P,39.6,E,E, 1/2,9.4,9,9.2
7/18/2016,sunny,SN,DH24,D,FH,9,PP,7,P,40.6,E,N, 1/2,4.6,4.6,4.6
7/18/2016,sunny,SN,DH24,D,FH,9,PP,8,P,41.6,E,SW, 1/1,6,6.2,6.1
5/11/2016,cloudy,EK,31,FR,FU,1,PP,L,NA,3.6,NA,NA,NA,NA,NA,NA
5/11/2016,cloudy,EK,31,FR,FU,2,PP,L,A,22.9,NA,NA,NA,NA,NA,NA
5/11/2016,cloudy,EK,31,FR,FU,3,PP,L,A,15.5,NA,NA,NA,NA,NA,NA
5/11/2016,cloudy,EK,31,FR,FU,4,PP,L,A,12.1,NA,NA,NA,NA,NA,NA
5/11/2016,cloudy,EK,31,FR,FU,5,PP,L,A,17.5,NA,NA,NA,NA,NA,NA
5/11/2016,cloudy,EK,31,FR,FU,6,PP,L,NA,1.9,NA,NA,NA,NA,NA,NA
5/11/2016,cloudy,EK,31,FR,FU,7,PP,L,A,32,NA,NA,NA,NA,NA,NA
5/11/2016,cloudy,EK,31,FR,FU,8,JUNI,L,NA,2,NA,NA,NA,NA,NA,NA
5/11/2016,cloudy,EK,31,FR,FU,9,PP,L,P,34.6,N,W, 3/20,0,0,0
5/11/2016,cloudy,EK,31,FR,FU,10,PP,L,NA,3.9,NA,NA,NA,NA,NA,NA
5/11/2016,cloudy,EK,31,FR,FU,11,PP,L,P,12,N,W, 1/4.5,0,0,0
5/11/2016,cloudy,EK,31,FR,FU,12,PP,L,A,15.1,NA,NA,NA,NA,NA,NA
5/11/2016,cloudy,EK,31,FR,FU,13,PP,L,A,10.5,NA,NA,NA,NA,NA,NA
5/11/2016,cloudy,EK,31,FR,FU,14,PP,L,A,16.8,NA,NA,NA,NA,NA,NA
5/11/2016,cloudy,EK,31,FR,FU,15,PP,2,NA,6,NA,NA,NA,NA,NA,NA
5/11/2016,cloudy,EK,31,FR,FU,16,PP,L,A,18.7,NA,NA,NA,NA,NA,NA
5/11/2016,cloudy,EK,31,FR,FU,17,PP,L,A,18.5,NA,NA,NA,NA,NA,NA
5/11/2016,cloudy,EK,31,FR,FU,18,PP,L,NA,9.3,NA,NA,NA,NA,NA,NA
5/11/2016,cloudy,EK,31,FR,FU,19,PP,L,NA,8.7,NA,NA,NA,NA,NA,NA
5/11/2016,cloudy,EK,31,FR,FU,20,PP,L,A,28.9,NA,NA,NA,NA,NA,NA
5/11/2016,cloudy,EK,31,FR,FU,21,PP,L,A,13.2,NA,NA,NA,NA,NA,NA
5/11/2016,cloudy,EK,31,FR,FU,22,PP,L,NA,9.5,NA,NA,NA,NA,NA,NA
5/11/2016,cloudy,EK,31,FR,FU,23,PP,L,A,25.7,NA,NA,NA,NA,NA,NA
5/11/2016,cloudy,EK,31,FR,FU,24,PP,L,A,17.9,NA,NA,NA,NA,NA,NA
5/11/2016,cloudy,EK,31,FR,FU,25,PP,L,A,10.7,NA,NA,NA,NA,NA,NA
5/11/2016,cloudy,EK,31,FR,FU,26,PP,L,A,17.1,NA,NA,NA,NA,NA,NA
5/11/2016,cloudy,EK,31,FR,FU,27,PP,1,NA,8,NA,NA,NA,NA,NA,NA
5/11/2016,cloudy,EK,31,FR,FU,28,PP,L,A,19,NA,NA,NA,NA,NA,NA
5/11/2016,cloudy,EK,31,FR,FU,29,PP,L,A,14.5,NA,NA,NA,NA,NA,NA
5/11/2016,cloudy,EK,31,FR,FU,30,PP,L,A,23,NA,NA,NA,NA,NA,NA
5/11/2016,cloudy,EK,31,FR,FU,31,PP,L,A,29.2,NA,NA,NA,NA,NA,NA
5/11/2016,cloudy,EK,31,FR,FU,32,PP,L,A,26.2,NA,NA,NA,NA,NA,NA
5/11/2016,cloudy,EK,31,FR,FU,33,PP,L,A,17.2,NA,NA,NA,NA,NA,NA
5/11/2016,cloudy,EK,31,FR,FU,34,PP,L,NA,7.5,NA,NA,NA,NA,NA,NA
5/11/2016,cloudy,EK,31,FR,FU,35,PP,L,A,10.7,NA,NA,NA,NA,NA,NA
5/11/2016,cloudy,EK,31,FR,FU,36,PP,L,A,31.8,NA,NA,NA,NA,NA,NA
5/11/2016,cloudy,EK,31,FR,FU,37,PP,L,NA,4,NA,NA,NA,NA,NA,NA
5/11/2016,cloudy,EK,31,FR,FU,38,PP,L,A,14.5,NA,NA,NA,NA,NA,NA
5/11/2016,cloudy,EK,31,FR,FU,39,PP,L,A,14.3,NA,NA,NA,NA,NA,NA
5/11/2016,cloudy,EK,31,FR,FU,40,PP,L,A,17.4,NA,NA,NA,NA,NA,NA
5/11/2016,cloudy,EK,31,FR,FU,41,PP,L,A,22,NA,NA,NA,NA,NA,NA
5/11/2016,cloudy,EK,31,FR,FU,42,PP,L,A,17.6,NA,NA,NA,NA,NA,NA
5/11/2016,cloudy,EK,31,FR,FU,43,PP,L,A,20.4,NA,NA,NA,NA,NA,NA
5/11/2016,cloudy,EK,31,FR,FU,44,PP,L,A,20.2,NA,NA,NA,NA,NA,NA
5/11/2016,cloudy,EK,31,FR,FU,45,PP,L,A,15.7,NA,NA,NA,NA,NA,NA
5/11/2016,cloudy,EK,31,FR,FU,46,PP,L,A,16.9,NA,NA,NA,NA,NA,NA
5/11/2016,cloudy,EK,31,FR,FU,47,PP,L,A,23.3,NA,NA,NA,NA,NA,NA
5/11/2016,cloudy,EK,31,FR,FU,48,PP,L,A,14.6,NA,NA,NA,NA,NA,NA
5/11/2016,cloudy,EK,31,FR,FU,49,PP,L,A,17.5,NA,NA,NA,NA,NA,NA
5/11/2016,cloudy,EK,31,FR,FU,50,PP,1,A,15.5,NA,NA,NA,NA,NA,NA
5/11/2016,cloudy,EK,31,FR,FU,51,PP,L,A,32.2,NA,NA,NA,NA,NA,NA
5/11/2016,cloudy,EK,31,FR,FU,52,PP,L,A,20.5,NA,NA,NA,NA,NA,NA
5/11/2016,cloudy,EK,31,FR,FU,53,PP,L,A,14.7,NA,NA,NA,NA,NA,NA
5/11/2016,cloudy,EK,31,FR,FU,54,PP,L,A,19.8,NA,NA,NA,NA,NA,NA
5/11/2016,cloudy,EK,31,FR,FU,55,PP,2,NA,6.7,NA,NA,NA,NA,NA,NA
5/11/2016,cloudy,EK,31,FR,FU,56,PP,2,NA,5.5,NA,NA,NA,NA,NA,NA
5/11/2016,cloudy,EK,31,FR,FU,57,PP,L,A,28.2,NA,NA,NA,NA,NA,NA
5/11/2016,cloudy,EK,31,FR,FU,58,PP,2,A,10.8,NA,NA,NA,NA,NA,NA
11/5/2016,Cloudy,EK,31,FR,FU,59,PP,L,A,13.1,NA,NA,NA,NA,NA,NA
11/5/2016,Cloudy,EK,31,FR,FU,60,PP,L,NA,9.9,NA,NA,NA,NA,NA,NA
11/5/2016,Cloudy,EK,31,FR,FU,61,PP,L,A,20.7,NA,NA,NA,NA,NA,NA
11/5/2016,Cloudy,EK,31,FR,FU,62,PP,1,NA,8.5,NA,NA,NA,NA,NA,NA
11/5/2016,Cloudy,EK,31,FR,FU,63,PP,1,A,12.8,NA,NA,NA,NA,NA,NA
11/5/2016,Cloudy,EK,31,FR,FU,64,PP,L,A,30.2,NA,NA,NA,NA,NA,NA
11/5/2016,Cloudy,EK,31,FR,FU,65,PP,L,A,21.2,NA,NA,NA,NA,NA,NA
11/5/2016,Cloudy,EK,31,FR,FU,66,PP,L,A,18.6,NA,NA,NA,NA,NA,NA
11/5/2016,Cloudy,EK,31,FR,FU,67,PP,L,A,10.4,NA,NA,NA,NA,NA,NA
11/5/2016,Cloudy,EK,31,FR,FU,68,PP,L,A,13.5,NA,NA,NA,NA,NA,NA
11/5/2016,Cloudy,EK,31,FR,FU,69,PP,L,NA,6.1,NA,NA,NA,NA,NA,NA
11/5/2016,Cloudy,EK,31,FR,FU,70,PP,L,A,25,NA,NA,NA,NA,NA,NA
11/5/2016,Cloudy,EK,31,FR,FU,71,PP,L,A,34.1,NA,NA,NA,NA,NA,NA
11/5/2016,Cloudy,EK,31,FR,FU,72,PP,L,NA,7.2,NA,NA,NA,NA,NA,NA
11/5/2016,Cloudy,EK,31,FR,FU,73,PP,1,NA,2,NA,NA,NA,NA,NA,NA
11/5/2016,Cloudy,EK,31,FR,FU,74,PP,L,A,24.3,NA,NA,NA,NA,NA,NA
11/5/2016,Cloudy,EK,31,FR,FU,75,PP,1,NA,8.5,NA,NA,NA,NA,NA,NA
11/5/2016,Cloudy,EK,31,FR,FU,76,PP,L,A,31,NA,NA,NA,NA,NA,NA
11/5/2016,Cloudy,EK,31,FR,FU,77,PP,L,A,15.2,NA,NA,NA,NA,NA,NA
11/5/2016,Cloudy,EK,31,FR,FU,78,PP,L,A,17,NA,NA,NA,NA,NA,NA
11/5/2016,Cloudy,EK,31,FR,FU,79,PP,L,A,14.6,NA,NA,NA,NA,NA,NA
11/5/2016,Cloudy,EK,31,FR,FU,80,PP,L,A,17.7,NA,NA,NA,NA,NA,NA
11/5/2016,Cloudy,EK,31,FR,FU,81,PP,L,A,23,NA,NA,NA,NA,NA,NA
11/5/2016,Cloudy,EK,31,FR,FU,82,PP,2,NA,5.5,NA,NA,NA,NA,NA,NA
11/5/2016,Cloudy,EK,31,FR,FU,83,PP,L,A,22,NA,NA,NA,NA,NA,NA
11/5/2016,Cloudy,EK,31,FR,FU,84,PP,L,A,22.2,NA,NA,NA,NA,NA,NA
11/5/2016,Cloudy,EK,31,FR,FU,85,PP,L,NA,7.9,NA,NA,NA,NA,NA,NA
11/5/2016,Cloudy,EK,31,FR,FU,86,PP,2,P,23.2,E,W, 1/1,6,5.8,5.9
11/5/2016,Cloudy,EK,31,FR,FU,87,PP,2,P,23.2,E,SE, 1/1,4.4,4,4.2
11/5/2016,Cloudy,EK,31,FR,FU,88,PP,L,P,23.5,N,W, 1/3,4.2,4.4,4.3
11/5/2016,Cloudy,EK,31,FR,FU,89,PP,L,A,14.5,NA,NA,NA,NA,NA,NA
11/5/2016,Cloudy,EK,31,FR,FU,90,PP,L,A,15.9,NA,NA,NA,NA,NA,NA
11/5/2016,Cloudy,EK,31,FR,FU,91,PP,L,A,21.2,NA,NA,NA,NA,NA,NA
11/5/2016,Cloudy,EK,31,FR,FU,92,PP,L,A,17.2,NA,NA,NA,NA,NA,NA
11/5/2016,Cloudy,EK,31,FR,FU,93,PP,1,A,14.2,NA,NA,NA,NA,NA,NA
11/5/2016,Cloudy,EK,31,FR,FU,94,PP,L,A,31.6,NA,NA,NA,NA,NA,NA
11/5/2016,Cloudy,EK,31,FR,FU,95,PP,2,A,15.7,NA,NA,NA,NA,NA,NA
11/5/2016,Cloudy,EK,31,FR,FU,96,PP,L,A,24.9,NA,NA,NA,NA,NA,NA
11/5/2016,Cloudy,EK,31,FR,FU,97,PP,L,A,19.1,NA,NA,NA,NA,NA,NA
11/5/2016,Cloudy,EK,31,FR,FU,98,PP,2,A,12,NA,NA,NA,NA,NA,NA
11/5/2016,Cloudy,EK,31,FR,FU,99,PP,L,A,23.2,NA,NA,NA,NA,NA,NA
11/5/2016,Cloudy,EK,31,FR,FU,100,PP,L,A,22.1,NA,NA,NA,NA,NA,NA
11/5/2016,Cloudy,EK,31,FR,FU,101,PP,2,A,22.5,NA,NA,NA,NA,NA,NA
11/5/2016,Cloudy,EK,31,FR,FU,102,PP,2,A,11.5,NA,NA,NA,NA,NA,NA
11/5/2016,Cloudy,EK,31,FR,FU,103,PP,L,A,22,NA,NA,NA,NA,NA,NA
11/5/2016,Cloudy,EK,31,FR,FU,104,PP,2,A,20.2,NA,NA,NA,NA,NA,NA
11/5/2016,Cloudy,EK,31,FR,FU,105,PP,2,A,12.7,NA,NA,NA,NA,NA,NA
11/5/2016,Cloudy,EK,31,FR,FU,106,PP,2,A,19.1,NA,NA,NA,NA,NA,NA
11/5/2016,Cloudy,EK,31,FR,FU,107,PP,2,A,26.4,NA,NA,NA,NA,NA,NA
11/5/2016,Cloudy,EK,31,FR,FU,108,PP,2,A,10.2,NA,NA,NA,NA,NA,NA
11/5/2016,Cloudy,EK,31,FR,FU,109,PP,L,A,16.5,NA,NA,NA,NA,NA,NA
11/5/2016,Cloudy,EK,31,FR,FU,110,PP,L,A,16.2,NA,NA,NA,NA,NA,NA
11/5/2016,Cloudy,EK,31,FR,FU,111,PP,2,A,17.3,NA,NA,NA,NA,NA,NA
11/5/2016,Cloudy,EK,31,FR,FU,112,PP,L,A,18.9,NA,NA,NA,NA,NA,NA
11/5/2016,Cloudy,EK,31,FR,FU,113,PP,L,A,23.5,NA,NA,NA,NA,NA,NA
11/5/2016,Cloudy,EK,31,FR,FU,114,PP,L,A,28.9,NA,NA,NA,NA,NA,NA
11/5/2016,Cloudy,EK,31,FR,FU,115,PP,L,A,31.7,NA,NA,NA,NA,NA,NA
11/5/2016,Cloudy,EK,31,FR,FU,116,PP,1,A,17.3,NA,NA,NA,NA,NA,NA
11/5/2016,Cloudy,EK,31,FR,FU,117,PP,L,A,19.9,NA,NA,NA,NA,NA,NA
11/5/2016,Cloudy,EK,31,FR,FU,118,PP,L,A,35,NA,NA,NA,NA,NA,NA
5/9/2016,rain,TD,32,FR,FU,1,PP,L,A,26.2,NA,NA,NA,NA,NA,NA
5/9/2016,rain,SN,32,FR,FU,2,PP,L,A,15.5,NA,NA,NA,NA,NA,NA
5/9/2016,rain,SN,32,FR,FU,3,PP,1,NA,8.4,NA,NA,NA,NA,NA,NA
5/9/2016,rain,SN,32,FR,FU,4,PP,L,A,19.8,NA,NA,NA,NA,NA,NA
5/9/2016,rain,SN,32,FR,FU,5,PP,2,NA,6.5,NA,NA,NA,NA,NA,NA
5/9/2016,rain,SN,32,FR,FU,6,PP,L,A,23.4,NA,NA,NA,NA,NA,NA
5/9/2016,rain,SN,32,FR,FU,7,PP,L,A,23.2,NA,NA,NA,NA,NA,NA
5/9/2016,rain,SN,32,FR,FU,8,PP,L,A,18.9,NA,NA,NA,NA,NA,NA
5/9/2016,rain,SN,32,FR,FU,9,PP,L,A,15.2,NA,NA,NA,NA,NA,NA
5/9/2016,rain,SN,32,FR,FU,10,PP,L,A,14.9,NA,NA,NA,NA,NA,NA
5/9/2016,rain,SN,32,FR,FU,11,PP,L,NA,9,NA,NA,NA,NA,NA,NA
5/9/2016,rain,SN,32,FR,FU,12,PP,L,A,19.3,NA,NA,NA,NA,NA,NA
5/9/2016,rain,SN,32,FR,FU,13,PP,L,A,16.3,NA,NA,NA,NA,NA,NA
5/9/2016,rain,SN,32,FR,FU,14,PP,L,A,18.5,NA,NA,NA,NA,NA,NA
5/9/2016,rain,SN,32,FR,FU,15,PP,L,A,16,NA,NA,NA,NA,NA,NA
5/9/2016,rain,SN,32,FR,FU,16,PP,L,A,16.5,NA,NA,NA,NA,NA,NA
5/9/2016,rain,SN,32,FR,FU,17,PP,L,A,17.4,NA,NA,NA,NA,NA,NA
5/9/2016,rain,SN,32,FR,FU,18,PP,L,A,28.6,NA,NA,NA,NA,NA,NA
5/9/2016,rain,SN,32,FR,FU,19,PP,L,A,10.4,NA,NA,NA,NA,NA,NA
5/9/2016,rain,SN,32,FR,FU,20,PP,L,A,16.4,NA,NA,NA,NA,NA,NA
5/9/2016,rain,SN,32,FR,FU,21,PP,L,A,19.9,NA,NA,NA,NA,NA,NA
5/9/2016,rain,SN,32,FR,FU,22,PP,L,A,22.2,NA,NA,NA,NA,NA,NA
5/9/2016,rain,SN,32,FR,FU,23,PP,L,A,28.6,NA,NA,NA,NA,NA,NA
5/9/2016,rain,SN,32,FR,FU,24,PP,2,A,10.8,NA,NA,NA,NA,NA,NA
5/9/2016,rain,SN,32,FR,FU,25,PP,L,A,27.3,NA,NA,NA,NA,NA,NA
5/9/2016,rain,SN,32,FR,FU,26,PP,L,A,13,NA,NA,NA,NA,NA,NA
5/9/2016,rain,SN,32,FR,FU,27,PP,L,A,24.9,NA,NA,NA,NA,NA,NA
5/9/2016,rain,SN,32,FR,FU,28,PP,L,A,13.7,NA,NA,NA,NA,NA,NA
5/9/2016,rain,SN,32,FR,FU,29,PP,L,P,23.2,N,N, 2/7,8,8.4,8.2
9/5/2016,Cloudy,SN,32,FR,FU,30,PP,L,A,26.2,NA,NA,NA,NA,NA,NA
9/5/2016,Cloudy,SN,32,FR,FU,31,PP,L,A,18.1,NA,NA,NA,NA,NA,NA
9/5/2016,Cloudy,SN,32,FR,FU,32,PP,L,A,21.1,NA,NA,NA,NA,NA,NA
9/5/2016,Cloudy,SN,32,FR,FU,33,PP,L,A,16.2,NA,NA,NA,NA,NA,NA
9/5/2016,Cloudy,SN,32,FR,FU,34,PP,L,A,13.3,NA,NA,NA,NA,NA,NA
9/5/2016,Cloudy,SN,32,FR,FU,35,PP,L,A,17.6,NA,NA,NA,NA,NA,NA
9/5/2016,Cloudy,SN,32,FR,FU,36,PP,L,A,20.8,NA,NA,NA,NA,NA,NA
9/5/2016,Cloudy,SN,32,FR,FU,37,PP,L,A,14,NA,NA,NA,NA,NA,NA
9/5/2016,Cloudy,SN,32,FR,FU,38,PP,2,NA,4.5,NA,NA,NA,NA,NA,NA
9/5/2016,Cloudy,SN,32,FR,FU,39,PP,L,A,14.6,NA,NA,NA,NA,NA,NA
9/5/2016,Cloudy,SN,32,FR,FU,40,PP,L,A,16.9,NA,NA,NA,NA,NA,NA
9/5/2016,Cloudy,SN,32,FR,FU,41,PP,L,A,13.9,NA,NA,NA,NA,NA,NA
9/5/2016,Cloudy,SN,32,FR,FU,42,PP,L,A,10.2,NA,NA,NA,NA,NA,NA
9/5/2016,Cloudy,SN,32,FR,FU,43,PP,L,A,14.1,NA,NA,NA,NA,NA,NA
9/5/2016,Cloudy,SN,32,FR,FU,44,PP,1,P,17.6,E,S,1,3.8,3.6,3.7
9/5/2016,Cloudy,SN,32,FR,FU,45,PP,L,A,16.6,NA,NA,NA,NA,NA,NA
9/5/2016,Cloudy,SN,32,FR,FU,46,PP,L,A,25.8,NA,NA,NA,NA,NA,NA
9/5/2016,Cloudy,SN,32,FR,FU,47,PP,L,A,21.2,NA,NA,NA,NA,NA,NA
9/5/2016,Cloudy,SN,32,FR,FU,48,PP,L,A,16.8,NA,NA,NA,NA,NA,NA
9/5/2016,Cloudy,SN,32,FR,FU,49,PP,L,A,13.3,NA,NA,NA,NA,NA,NA
9/5/2016,Cloudy,SN,32,FR,FU,50,PP,L,A,37.3,NA,NA,NA,NA,NA,NA
9/5/2016,Cloudy,SN,32,FR,FU,51,PP,L,A,17,NA,NA,NA,NA,NA,NA
9/5/2016,Cloudy,SN,32,FR,FU,52,PP,L,NA,9.6,NA,NA,NA,NA,NA,NA
9/5/2016,Cloudy,SN,32,FR,FU,53,PP,L,A,13.9,NA,NA,NA,NA,NA,NA
9/5/2016,Cloudy,SN,32,FR,FU,54,PP,L,A,13.9,NA,NA,NA,NA,NA,NA
9/5/2016,Cloudy,SN,32,FR,FU,55,PP,L,A,19.5,NA,NA,NA,NA,NA,NA
9/5/2016,Cloudy,SN,32,FR,FU,56,PP,L,NA,8.2,NA,NA,NA,NA,NA,NA
9/5/2016,Cloudy,SN,32,FR,FU,57,PP,L,NA,9.3,NA,NA,NA,NA,NA,NA
9/5/2016,Cloudy,SN,32,FR,FU,58,PP,1,A,10.4,NA,NA,NA,NA,NA,NA
9/5/2016,Cloudy,SN,32,FR,FU,59,PP,L,A,37.3,NA,NA,NA,NA,NA,NA
9/5/2016,Cloudy,SN,32,FR,FU,60,PP,L,A,23.5,NA,NA,NA,NA,NA,NA
9/5/2016,Cloudy,SN,32,FR,FU,61,PP,3,A,22.4,NA,NA,NA,NA,NA,NA
9/5/2016,Cloudy,EK,32,FR,FU,62,PP,L,A,23.4,NA,NA,NA,NA,NA,NA
9/5/2016,Cloudy,EK,32,FR,FU,63,PP,L,A,24.3,NA,NA,NA,NA,NA,NA
9/5/2016,Cloudy,EK,32,FR,FU,64,PP,L,A,22,NA,NA,NA,NA,NA,NA
9/5/2016,Cloudy,EK,32,FR,FU,65,PP,L,A,15.2,NA,NA,NA,NA,NA,NA
9/5/2016,Cloudy,EK,32,FR,FU,66,PP,L,A,17.2,NA,NA,NA,NA,NA,NA
9/5/2016,Cloudy,EK,32,FR,FU,67,PP,L,A,11.8,NA,NA,NA,NA,NA,NA
9/5/2016,Cloudy,EK,32,FR,FU,68,PP,L,A,18.7,NA,NA,NA,NA,NA,NA
9/5/2016,Cloudy,EK,32,FR,FU,69,PP,L,A,31,NA,NA,NA,NA,NA,NA
9/5/2016,Cloudy,EK,32,FR,FU,70,PP,L,A,23.8,NA,NA,NA,NA,NA,NA
9/5/2016,Cloudy,EK,32,FR,FU,71,PP,L,A,13.5,NA,NA,NA,NA,NA,NA
9/5/2016,Cloudy,EK,32,FR,FU,72,PP,2,NA,5,NA,NA,NA,NA,NA,NA
9/5/2016,Cloudy,EK,32,FR,FU,73,PP,L,A,22.9,NA,NA,NA,NA,NA,NA
9/5/2016,Cloudy,EK,32,FR,FU,74,PP,L,A,19.4,NA,NA,NA,NA,NA,NA
9/5/2016,Cloudy,EK,32,FR,FU,75,PP,L,A,18.3,NA,NA,NA,NA,NA,NA
9/5/2016,Cloudy,EK,32,FR,FU,76,PP,L,A,31.6,NA,NA,NA,NA,NA,NA
9/5/2016,Cloudy,EK,32,FR,FU,77,PP,L,A,18.8,NA,NA,NA,NA,NA,NA
9/5/2016,Cloudy,EK,32,FR,FU,78,PP,L,A,25.8,NA,NA,NA,NA,NA,NA
9/5/2016,Cloudy,EK,32,FR,FU,79,PP,2,A,13.8,NA,NA,NA,NA,NA,NA
9/5/2016,Cloudy,EK,32,FR,FU,80,PP,L,A,18,NA,NA,NA,NA,NA,NA
9/5/2016,Cloudy,EK,32,FR,FU,81,PP,L,A,22,NA,NA,NA,NA,NA,NA
9/5/2016,Cloudy,EK,32,FR,FU,82,PP,L,A,12.7,NA,NA,NA,NA,NA,NA
9/5/2016,Cloudy,EK,32,FR,FU,83,PP,L,A,21.8,NA,NA,NA,NA,NA,NA
9/5/2016,Cloudy,EK,32,FR,FU,84,PP,L,A,12.8,NA,NA,NA,NA,NA,NA
9/5/2016,Cloudy,EK,32,FR,FU,85,PP,1,P,26.9,E,S, 1/2,4.8,5,4.9
9/5/2016,Cloudy,EK,32,FR,FU,85,PP,1,P,26.9,E,SW, 1/1,4.4,4.2,4.3
9/5/2016,Cloudy,EK,32,FR,FU,86,PP,L,A,12.8,NA,NA,NA,NA,NA,NA
10/5/2016,Sunny,EK,32,FR,FU,87,PP,L,A,28.4,NA,NA,NA,NA,NA,NA
10/5/2016,Sunny,EK,32,FR,FU,88,PP,L,A,21.2,NA,NA,NA,NA,NA,NA
10/5/2016,Sunny,EK,32,FR,FU,89,PP,L,A,20.3,NA,NA,NA,NA,NA,NA
10/5/2016,Sunny,EK,32,FR,FU,90,PP,1,A,16.8,NA,NA,NA,NA,NA,NA
10/5/2016,Sunny,EK,32,FR,FU,91,PP,1,A,15.8,NA,NA,NA,NA,NA,NA
10/5/2016,Sunny,EK,32,FR,FU,92,PP,L,A,17.8,NA,NA,NA,NA,NA,NA
10/5/2016,Sunny,EK,32,FR,FU,93,PP,L,A,18.8,NA,NA,NA,NA,NA,NA
10/5/2016,Sunny,EK,32,FR,FU,94,PP,L,A,26.7,NA,NA,NA,NA,NA,NA
10/5/2016,Sunny,EK,32,FR,FU,95,PP,1,A,14.5,NA,NA,NA,NA,NA,NA
10/5/2016,Sunny,EK,32,FR,FU,96,PP,L,A,24.4,NA,NA,NA,NA,NA,NA
10/5/2016,Sunny,EK,32,FR,FU,97,PP,L,A,17.6,NA,NA,NA,NA,NA,NA
10/5/2016,Sunny,EK,32,FR,FU,98,PP,L,A,17.1,NA,NA,NA,NA,NA,NA
10/5/2016,Sunny,EK,32,FR,FU,99,PP,L,A,21.8,NA,NA,NA,NA,NA,NA
10/5/2016,Sunny,EK,32,FR,FU,100,PP,L,A,17.7,NA,NA,NA,NA,NA,NA
10/5/2016,Sunny,EK,32,FR,FU,101,PP,L,A,24.5,NA,NA,NA,NA,NA,NA
10/5/2016,Sunny,EK,32,FR,FU,102,PP,L,A,17.7,NA,NA,NA,NA,NA,NA
10/5/2016,Sunny,EK,32,FR,FU,103,PP,2,A,10,NA,NA,NA,NA,NA,NA
10/5/2016,Sunny,EK,32,FR,FU,104,PP,L,A,22,NA,NA,NA,NA,NA,NA
10/5/2016,Sunny,EK,32,FR,FU,105,PP,L,A,29.1,NA,NA,NA,NA,NA,NA
10/5/2016,Sunny,EK,32,FR,FU,106,PP,L,A,17.3,NA,NA,NA,NA,NA,NA
10/5/2016,Sunny,EK,32,FR,FU,107,PP,L,A,15.3,NA,NA,NA,NA,NA,NA
10/5/2016,Sunny,EK,32,FR,FU,108,PP,L,A,27.4,NA,NA,NA,NA,NA,NA
10/5/2016,Sunny,EK,32,FR,FU,109,PP,L,A,52.2,NA,NA,NA,NA,NA,NA
10/5/2016,Sunny,EK,32,FR,FU,110,PP,L,A,11.5,NA,NA,NA,NA,NA,NA
10/5/2016,Sunny,EK,32,FR,FU,111,PP,L,A,14.5,NA,NA,NA,NA,NA,NA
10/5/2016,Sunny,EK,32,FR,FU,112,PP,L,A,18,NA,NA,NA,NA,NA,NA
10/5/2016,Sunny,EK,32,FR,FU,113,PP,L,A,11.9,NA,NA,NA,NA,NA,NA
10/5/2016,Sunny,EK,32,FR,FU,114,PP,L,A,29.6,NA,NA,NA,NA,NA,NA
10/5/2016,Sunny,EK,32,FR,FU,115,PP,L,A,15,NA,NA,NA,NA,NA,NA
10/5/2016,Sunny,EK,32,FR,FU,116,PP,2,A,15.3,NA,NA,NA,NA,NA,NA
10/5/2016,Sunny,EK,32,FR,FU,117,PP,2,P,29.5,E,W, 1/1.5,1.2,1.2,1.2
10/5/2016,Sunny,EK,32,FR,FU,118,PP,2,A,27.8,NA,NA,NA,NA,NA,NA
10/5/2016,Sunny,EK,32,FR,FU,119,PP,1,NA,8.5,NA,NA,NA,NA,NA,NA
10/5/2016,Sunny,EK,32,FR,FU,120,PP,L,A,24.8,NA,NA,NA,NA,NA,NA
10/5/2016,Sunny,EK,32,FR,FU,121,PP,L,A,10.9,NA,NA,NA,NA,NA,NA
10/5/2016,Sunny,EK,32,FR,FU,122,PP,L,A,17.3,NA,NA,NA,NA,NA,NA
10/5/2016,Sunny,EK,32,FR,FU,123,PP,L,A,17.5,NA,NA,NA,NA,NA,NA
10/5/2016,Sunny,EK,32,FR,FU,124,PP,L,A,16.9,NA,NA,NA,NA,NA,NA
10/5/2016,Sunny,EK,32,FR,FU,125,PP,L,A,18.3,NA,NA,NA,NA,NA,NA
10/5/2016,Sunny,EK,32,FR,FU,126,PP,L,A,13.5,NA,NA,NA,NA,NA,NA
10/5/2016,Sunny,EK,32,FR,FU,127,PP,L,NA,2.5,NA,NA,NA,NA,NA,NA
10/5/2016,Sunny,EK,32,FR,FU,128,PP,L,NA,2.4,NA,NA,NA,NA,NA,NA
10/5/2016,Sunny,EK,32,FR,FU,129,PP,L,NA,2.5,NA,NA,NA,NA,NA,NA
10/5/2016,Sunny,TD,33,FR,FU,1,PP,L,A,14.8,NA,NA,NA,NA,NA,NA
10/5/2016,Sunny,TD,33,FR,FU,2,PP,L,A,13.8,NA,NA,NA,NA,NA,NA
10/5/2016,Sunny,TD,33,FR,FU,3,PP,L,A,17,NA,NA,NA,NA,NA,NA
10/5/2016,Sunny,TD,33,FR,FU,4,PP,L,NA,9.6,NA,NA,NA,NA,NA,NA
10/5/2016,Sunny,EK,33,FR,FU,5,PP,4,P,75.3,E,E, 1/5,2,2.2,2.1
10/5/2016,Sunny,EK,33,FR,FU,5,PP,4,P,75.3,N,W, 2/6,4.6,4.8,4.7
10/5/2016,Sunny,EK,33,FR,FU,5,PP,4,P,75.3,E,W, 1/2,5.6,5.8,5.7
10/5/2016,Sunny,EK,33,FR,FU,5,PP,4,P,75.3,E,NE,1/1.5,1.6,1.8,1.7
10/5/2016,Sunny,EK,33,FR,FU,5,PP,4,P,75.3,E,N, 1/2.5,1.4,1.4,1.4
10/5/2016,Sunny,EK,33,FR,FU,5,PP,4,P,75.3,E,E, 1/1.5,4.4,4.2,4.3
10/5/2016,Sunny,EK,33,FR,FU,5,PP,4,P,75.3,N,E, 2/8,4.2,4.6,4.4
10/5/2016,Sunny,EK,33,FR,FU,5,PP,4,P,75.3,N,NE, 1/2.5,4.8,5,4.9
10/5/2016,Sunny,EK,33,FR,FU,5,PP,4,P,75.3,N,NE, 3/24,0,0,0
10/5/2016,Sunny,TD,33,FR,FU,6,PP,L,A,14.1,NA,NA,NA,NA,NA,NA
10/5/2016,Sunny,TD,33,FR,FU,7,PP,L,A,19.1,NA,NA,NA,NA,NA,NA
10/5/2016,Sunny,TD,33,FR,FU,8,PP,L,A,10.1,NA,NA,NA,NA,NA,NA
10/5/2016,Sunny,TD,33,FR,FU,9,PP,L,A,17.8,NA,NA,NA,NA,NA,NA
10/5/2016,Sunny,TD,33,FR,FU,10,PP,L,NA,8.9,NA,NA,NA,NA,NA,NA
10/5/2016,Sunny,TD,33,FR,FU,11,PP,L,A,25.7,NA,NA,NA,NA,NA,NA
10/5/2016,Sunny,TD,33,FR,FU,12,PP,L,A,33.6,NA,NA,NA,NA,NA,NA
10/5/2016,Sunny,TD,33,FR,FU,13,PP,L,A,19.8,NA,NA,NA,NA,NA,NA
10/5/2016,Sunny,TD,33,FR,FU,14,PP,L,NA,4.9,NA,NA,NA,NA,NA,NA
10/5/2016,Sunny,TD,33,FR,FU,15,PP,L,A,36.1,NA,NA,NA,NA,NA,NA
10/5/2016,Sunny,TD,33,FR,FU,16,PP,L,A,39.7,NA,NA,NA,NA,NA,NA
10/5/2016,Sunny,TD,33,FR,FU,17,PP,L,A,32.3,NA,NA,NA,NA,NA,NA
10/5/2016,Sunny,TD,33,FR,FU,18,PP,L,A,21.1,NA,NA,NA,NA,NA,NA
10/5/2016,Sunny,TD,33,FR,FU,19,PP,L,A,12.8,NA,NA,NA,NA,NA,NA
10/5/2016,Sunny,TD,33,FR,FU,20,PP,L,A,13.7,NA,NA,NA,NA,NA,NA
10/5/2016,Sunny,TD,33,FR,FU,21,PP,L,NA,6.3,NA,NA,NA,NA,NA,NA
10/5/2016,Sunny,TD,33,FR,FU,22,PP,L,A,23.3,NA,NA,NA,NA,NA,NA
10/5/2016,Sunny,TD,33,FR,FU,23,PP,L,NA,9,NA,NA,NA,NA,NA,NA
10/5/2016,Sunny,TD,33,FR,FU,24,PP,L,A,24.1,NA,NA,NA,NA,NA,NA
10/5/2016,Sunny,TD,33,FR,FU,25,PP,L,A,29.2,NA,NA,NA,NA,NA,NA
10/5/2016,Sunny,TD,33,FR,FU,26,PP,L,A,44.8,NA,NA,NA,NA,NA,NA
10/5/2016,Sunny,TD,33,FR,FU,27,PP,L,NA,2.4,NA,NA,NA,NA,NA,NA
10/5/2016,Sunny,TD,33,FR,FU,28,PP,L,A,31.1,NA,NA,NA,NA,NA,NA
10/5/2016,Sunny,TD,33,FR,FU,29,PP,L,NA,6.2,NA,NA,NA,NA,NA,NA
10/5/2016,Sunny,TD,33,FR,FU,30,PP,L,NA,6.1,NA,NA,NA,NA,NA,NA
5/10/2016,sunny,EK,33,FR,FU,31,PP,L,NA,3.5,NA,NA,NA,NA,NA,NA
5/10/2016,sunny,EK,33,FR,FU,32,PP,L,NA,6,NA,NA,NA,NA,NA,NA
5/10/2016,sunny,EK,33,FR,FU,33,PP,L,A,20.5,NA,NA,NA,NA,NA,NA
5/10/2016,sunny,EK,33,FR,FU,34,PP,L,NA,2.8,NA,NA,NA,NA,NA,NA
5/10/2016,sunny,EK,33,FR,FU,35,PP,L,NA,4,NA,NA,NA,NA,NA,NA
5/10/2016,sunny,EK,33,FR,FU,36,PP,L,NA,3.9,NA,NA,NA,NA,NA,NA
5/10/2016,sunny,EK,33,FR,FU,37,PP,L,NA,5.7,NA,NA,NA,NA,NA,NA
5/10/2016,sunny,EK,33,FR,FU,38,PP,L,A,10.3,NA,NA,NA,NA,NA,NA
5/10/2016,sunny,EK,33,FR,FU,39,PP,L,NA,5.1,NA,NA,NA,NA,NA,NA
5/10/2016,sunny,EK,33,FR,FU,40,PP,L,NA,1.9,NA,NA,NA,NA,NA,NA
5/10/2016,sunny,EK,33,FR,FU,41,PP,L,NA,4.4,NA,NA,NA,NA,NA,NA
5/10/2016,sunny,EK,33,FR,FU,42,PP,L,NA,5.5,NA,NA,NA,NA,NA,NA
5/10/2016,sunny,EK,33,FR,FU,43,PP,L,NA,6,NA,NA,NA,NA,NA,NA
5/10/2016,sunny,EK,33,FR,FU,44,PP,L,NA,4.6,NA,NA,NA,NA,NA,NA
5/10/2016,sunny,EK,33,FR,FU,45,PP,L,NA,5.7,NA,NA,NA,NA,NA,NA
5/10/2016,sunny,EK,33,FR,FU,46,PP,L,NA,4.1,NA,NA,NA,NA,NA,NA
5/10/2016,sunny,EK,33,FR,FU,47,PP,L,NA,4.9,NA,NA,NA,NA,NA,NA
5/10/2016,sunny,EK,33,FR,FU,48,PP,L,NA,1.5,NA,NA,NA,NA,NA,NA
5/10/2016,sunny,EK,33,FR,FU,49,PP,L,NA,1.4,NA,NA,NA,NA,NA,NA
5/10/2016,sunny,EK,33,FR,FU,50,PP,L,A,23,NA,NA,NA,NA,NA,NA
5/10/2016,sunny,EK,33,FR,FU,51,PP,L,NA,3.1,NA,NA,NA,NA,NA,NA
5/10/2016,sunny,EK,33,FR,FU,52,PP,L,NA,5.9,NA,NA,NA,NA,NA,NA
5/10/2016,sunny,EK,33,FR,FU,53,PP,L,A,61.5,NA,NA,NA,NA,NA,NA
5/10/2016,sunny,EK,33,FR,FU,54,ACNE,L,NA,9.2,NA,NA,NA,NA,NA,NA
5/10/2016,sunny,EK,33,FR,FU,55,PP,L,A,11.4,NA,NA,NA,NA,NA,NA
5/10/2016,sunny,EK,33,FR,FU,56,PP,L,A,69.2,NA,NA,NA,NA,NA,NA
5/10/2016,sunny,EK,33,FR,FU,57,PP,L,A,11,NA,NA,NA,NA,NA,NA
5/10/2016,sunny,EK,33,FR,FU,58,PP,L,A,23.6,NA,NA,NA,NA,NA,NA
5/10/2016,sunny,EK,33,FR,FU,59,PP,L,NA,2.2,NA,NA,NA,NA,NA,NA
5/10/2016,sunny,SN,33,FR,FU,60,PP,L,A,19.6,NA,NA,NA,NA,NA,NA
5/10/2016,sunny,SN,33,FR,FU,61,PP,L,A,53.3,NA,NA,NA,NA,NA,NA
5/10/2016,sunny,TR,34,FR,FU,1,PP,L,A,21,NA,NA,NA,NA,NA,NA
5/10/2016,sunny,TR,34,FR,FU,2,PP,L,A,32,NA,NA,NA,NA,NA,NA
5/10/2016,sunny,TR,34,FR,FU,3,PP,L,A,21.2,NA,NA,NA,NA,NA,NA
5/10/2016,sunny,TR,34,FR,FU,4,PP,L,A,18.8,NA,NA,NA,NA,NA,NA
5/10/2016,sunny,TR,34,FR,FU,5,PP,L,NA,6.9,NA,NA,NA,NA,NA,NA
5/10/2016,sunny,TR,34,FR,FU,6,PP,L,A,16,NA,NA,NA,NA,NA,NA
5/10/2016,sunny,TR,34,FR,FU,7,ERC,L,A,10.5,NA,NA,NA,NA,NA,NA
5/10/2016,sunny,TR,34,FR,FU,8,PP,L,A,19.2,NA,NA,NA,NA,NA,NA
5/10/2016,sunny,TR,34,FR,FU,9,PP,L,A,29.1,NA,NA,NA,NA,NA,NA
5/10/2016,sunny,TR,34,FR,FU,10,PP,L,A,11.5,NA,NA,NA,NA,NA,NA
5/10/2016,sunny,TR,34,FR,FU,11,PP,L,A,24.5,NA,NA,NA,NA,NA,NA
5/10/2016,sunny,TR,34,FR,FU,12,PP,L,A,31,NA,NA,NA,NA,NA,NA
5/10/2016,sunny,TR,34,FR,FU,13,PP,L,A,15.4,NA,NA,NA,NA,NA,NA
5/10/2016,sunny,TR,34,FR,FU,14,PP,L,A,22.2,NA,NA,NA,NA,NA,NA
5/10/2016,sunny,TR,34,FR,FU,15,PP,L,A,22.1,NA,NA,NA,NA,NA,NA
5/10/2016,sunny,TR,34,FR,FU,16,PP,L,A,21.3,NA,NA,NA,NA,NA,NA
5/10/2016,sunny,TR,34,FR,FU,17,PP,L,A,14.3,NA,NA,NA,NA,NA,NA
5/10/2016,sunny,TR,34,FR,FU,18,PP,L,A,13.7,NA,NA,NA,NA,NA,NA
5/10/2016,sunny,TR,34,FR,FU,19,PP,L,A,21,NA,NA,NA,NA,NA,NA
5/10/2016,sunny,TR,34,FR,FU,20,PP,L,A,20,NA,NA,NA,NA,NA,NA
5/10/2016,sunny,TR,34,FR,FU,21,PP,L,A,26.7,NA,NA,NA,NA,NA,NA
5/10/2016,sunny,TR,34,FR,FU,22,PP,L,A,15.9,NA,NA,NA,NA,NA,NA
5/10/2016,sunny,TR,34,FR,FU,23,PP,L,A,16.4,NA,NA,NA,NA,NA,NA
5/10/2016,sunny,TR,34,FR,FU,24,PP,L,A,22.1,NA,NA,NA,NA,NA,NA
5/10/2016,sunny,TR,34,FR,FU,25,PP,L,A,19.4,NA,NA,NA,NA,NA,NA
5/10/2016,sunny,TR,34,FR,FU,26,PP,L,A,11.3,NA,NA,NA,NA,NA,NA
5/10/2016,sunny,TR,34,FR,FU,27,PP,L,A,11.6,NA,NA,NA,NA,NA,NA
5/10/2016,sunny,TR,34,FR,FU,28,PP,L,A,12.3,NA,NA,NA,NA,NA,NA
5/10/2016,sunny,TR,34,FR,FU,29,PP,L,A,11,NA,NA,NA,NA,NA,NA
5/10/2016,sunny,TR,34,FR,FU,30,PP,L,A,10.3,NA,NA,NA,NA,NA,NA
5/10/2016,sunny,TR,34,FR,FU,31,PP,5,A,22,NA,NA,NA,NA,NA,NA
5/10/2016,sunny,TR,34,FR,FU,32,PP,L,A,22.5,NA,NA,NA,NA,NA,NA
5/10/2016,sunny,TR,34,FR,FU,33,PP,L,A,19.1,NA,NA,NA,NA,NA,NA
5/10/2016,sunny,TR,34,FR,FU,34,PP,2,NA,5.7,NA,NA,NA,NA,NA,NA
5/10/2016,sunny,TR,34,FR,FU,35,PP,L,A,14.6,NA,NA,NA,NA,NA,NA
5/10/2016,sunny,SN,34,FR,FU,36,PP,L,A,18.6,NA,NA,NA,NA,NA,NA
5/10/2016,sunny,SN,34,FR,FU,37,PP,L,A,11.4,NA,NA,NA,NA,NA,NA
5/10/2016,sunny,SN,34,FR,FU,38,PP,L,A,14.4,NA,NA,NA,NA,NA,NA
5/10/2016,sunny,SN,34,FR,FU,39,PP,L,A,25,NA,NA,NA,NA,NA,NA
5/10/2016,sunny,SN,34,FR,FU,40,PP,2,A,12.7,NA,NA,NA,NA,NA,NA
5/10/2016,sunny,SN,34,FR,FU,41,PP,L,A,22.9,NA,NA,NA,NA,NA,NA
5/10/2016,sunny,SN,34,FR,FU,42,PP,2,A,10.1,NA,NA,NA,NA,NA,NA
5/10/2016,sunny,SN,34,FR,FU,43,PP,L,A,15.9,NA,NA,NA,NA,NA,NA
5/10/2016,sunny,SN,34,FR,FU,44,PP,L,A,18.1,NA,NA,NA,NA,NA,NA
5/10/2016,sunny,SN,34,FR,FU,45,PP,L,A,15.9,NA,NA,NA,NA,NA,NA
5/10/2016,sunny,SN,34,FR,FU,46,PP,L,A,12.4,NA,NA,NA,NA,NA,NA
5/10/2016,sunny,SN,34,FR,FU,47,PP,L,A,25.6,NA,NA,NA,NA,NA,NA
5/10/2016,sunny,SN,34,FR,FU,48,PP,L,A,16.2,NA,NA,NA,NA,NA,NA
5/10/2016,sunny,SN,34,FR,FU,49,PP,L,A,11,NA,NA,NA,NA,NA,NA
5/10/2016,sunny,SN,34,FR,FU,50,PP,L,NA,3.4,NA,NA,NA,NA,NA,NA
5/10/2016,sunny,SN,34,FR,FU,51,PP,L,A,20.6,NA,NA,NA,NA,NA,NA
5/10/2016,sunny,SN,34,FR,FU,52,PP,L,A,20,NA,NA,NA,NA,NA,NA
5/10/2016,sunny,SN,34,FR,FU,53,PP,L,A,21.1,NA,NA,NA,NA,NA,NA
5/10/2016,sunny,SN,34,FR,FU,54,PP,L,A,14.3,NA,NA,NA,NA,NA,NA
10/5/2016,Sunny,SN,34,FR,FU,55,PP,L,A,18.5,NA,NA,NA,NA,NA,NA
10/5/2016,Sunny,SN,34,FR,FU,56,PP,L,A,15,NA,NA,NA,NA,NA,NA
10/5/2016,Sunny,SN,34,FR,FU,57,PP,2,NA,9.3,NA,NA,NA,NA,NA,NA
10/5/2016,Sunny,TD,34,FR,FU,58,PP,L,NA,8.5,NA,NA,NA,NA,NA,NA
10/5/2016,Sunny,TD,34,FR,FU,59,PP,L,A,7.8,NA,NA,NA,NA,NA,NA
10/5/2016,Sunny,TD,34,FR,FU,60,PP,L,A,13.9,NA,NA,NA,NA,NA,NA
10/5/2016,Sunny,TD,34,FR,FU,61,PP,L,A,14.7,NA,NA,NA,NA,NA,NA
10/5/2016,Sunny,TD,34,FR,FU,62,PP,1,A,12,NA,NA,NA,NA,NA,NA
10/5/2016,Sunny,TD,34,FR,FU,63,PP,L,A,16.1,NA,NA,NA,NA,NA,NA
10/5/2016,Sunny,TD,34,FR,FU,64,PP,L,A,17.7,NA,NA,NA,NA,NA,NA
10/5/2016,Sunny,TD,34,FR,FU,65,PP,L,A,19.4,NA,NA,NA,NA,NA,NA
10/5/2016,Sunny,TD,34,FR,FU,66,PP,L,A,17.4,NA,NA,NA,NA,NA,NA
10/5/2016,Sunny,TD,34,FR,FU,67,PP,L,A,14.5,NA,NA,NA,NA,NA,NA
10/5/2016,Sunny,TD,34,FR,FU,68,PP,L,A,22.4,NA,NA,NA,NA,NA,NA
10/5/2016,Sunny,TD,34,FR,FU,69,PP,L,A,16.3,NA,NA,NA,NA,NA,NA
10/5/2016,Sunny,TD,34,FR,FU,70,PP,L,A,12.5,NA,NA,NA,NA,NA,NA
10/5/2016,Sunny,TD,34,FR,FU,71,PP,L,A,22.5,NA,NA,NA,NA,NA,NA
10/5/2016,Sunny,TD,34,FR,FU,72,PP,L,A,27.2,NA,NA,NA,NA,NA,NA
10/5/2016,Sunny,TD,34,FR,FU,73,PP,L,A,19.2,NA,NA,NA,NA,NA,NA
10/5/2016,Sunny,TD,34,FR,FU,74,PP,L,A,14.8,NA,NA,NA,NA,NA,NA
10/5/2016,Sunny,SN,34,FR,FU,75,PP,L,A,28.8,NA,NA,NA,NA,NA,NA
10/5/2016,Sunny,SN,34,FR,FU,76,PP,L,A,18.4,NA,NA,NA,NA,NA,NA
10/5/2016,Sunny,SN,34,FR,FU,77,PP,L,A,14.8,NA,NA,NA,NA,NA,NA
10/5/2016,Sunny,SN,34,FR,FU,78,PP,2,NA,7.8,NA,NA,NA,NA,NA,NA
10/5/2016,Sunny,SN,34,FR,FU,79,PP,L,A,23.2,NA,NA,NA,NA,NA,NA
10/5/2016,Sunny,SN,34,FR,FU,80,PP,L,A,23.3,NA,NA,NA,NA,NA,NA
10/5/2016,Sunny,SN,34,FR,FU,81,PP,L,A,18.4,NA,NA,NA,NA,NA,NA
10/5/2016,Sunny,SN,34,FR,FU,82,PP,L,A,26.6,NA,NA,NA,NA,NA,NA
10/5/2016,Sunny,SN,34,FR,FU,83,PP,1,A,12.3,NA,NA,NA,NA,NA,NA
10/5/2016,Sunny,SN,34,FR,FU,84,PP,L,A,27,NA,NA,NA,NA,NA,NA
10/5/2016,Sunny,SN,34,FR,FU,85,PP,L,NA,9.3,NA,NA,NA,NA,NA,NA
10/5/2016,Sunny,SN,34,FR,FU,86,PP,L,A,14.4,NA,NA,NA,NA,NA,NA
10/5/2016,Sunny,SN,34,FR,FU,87,PP,L,A,17.8,NA,NA,NA,NA,NA,NA
10/5/2016,Sunny,SN,34,FR,FU,88,PP,L,A,25.4,NA,NA,NA,NA,NA,NA
10/5/2016,Sunny,SN,34,FR,FU,89,PP,L,A,26.8,NA,NA,NA,NA,NA,NA
10/5/2016,Sunny,TD,34,FR,FU,90,PP,L,A,13.6,NA,NA,NA,NA,NA,NA
10/5/2016,Sunny,TD,34,FR,FU,91,PP,2,NA,6.6,NA,NA,NA,NA,NA,NA
10/5/2016,Sunny,TD,34,FR,FU,92,PP,2,NA,7.7,NA,NA,NA,NA,NA,NA
10/5/2016,Sunny,TD,34,FR,FU,93,PP,L,A,26.1,NA,NA,NA,NA,NA,NA
10/5/2016,Sunny,TD,34,FR,FU,94,PP,L,A,29.8,NA,NA,NA,NA,NA,NA
10/5/2016,Sunny,TD,34,FR,FU,95,PP,L,A,31.5,NA,NA,NA,NA,NA,NA
10/5/2016,Sunny,TD,34,FR,FU,96,PP,4,A,10.4,NA,NA,NA,NA,NA,NA
10/5/2016,Sunny,TD,34,FR,FU,97,PP,L,A,14,NA,NA,NA,NA,NA,NA
10/5/2016,Sunny,TD,34,FR,FU,98,PP,L,A,16.3,NA,NA,NA,NA,NA,NA
10/5/2016,Sunny,TD,34,FR,FU,99,PP,L,NA,9.6,NA,NA,NA,NA,NA,NA
10/5/2016,Sunny,TD,34,FR,FU,100,PP,L,A,23.9,NA,NA,NA,NA,NA,NA
10/5/2016,Sunny,TD,34,FR,FU,101,PP,L,A,26.8,NA,NA,NA,NA,NA,NA
10/5/2016,Sunny,TD,34,FR,FU,102,PP,L,A,22.8,NA,NA,NA,NA,NA,NA
10/5/2016,Sunny,TD,34,FR,FU,103,PP,L,A,13.9,NA,NA,NA,NA,NA,NA
10/5/2016,Sunny,TD,34,FR,FU,104,PP,4,A,13.5,NA,NA,NA,NA,NA,NA
10/5/2016,Sunny,TD,34,FR,FU,105,PP,L,A,12,NA,NA,NA,NA,NA,NA
10/5/2016,Sunny,TD,34,FR,FU,106,PP,L,A,27.1,NA,NA,NA,NA,NA,NA
10/5/2016,Sunny,TD,34,FR,FU,107,PP,L,A,15.1,NA,NA,NA,NA,NA,NA
10/5/2016,Sunny,TD,34,FR,FU,108,PP,L,A,13.8,NA,NA,NA,NA,NA,NA
10/5/2016,Sunny,TD,34,FR,FU,109,PP,L,A,21.3,NA,NA,NA,NA,NA,NA
10/5/2016,Sunny,TD,34,FR,FU,110,PP,L,A,17.2,NA,NA,NA,NA,NA,NA
10/5/2016,Sunny,TD,34,FR,FU,111,PP,L,A,27.2,NA,NA,NA,NA,NA,NA
10/5/2016,Sunny,TD,34,FR,FU,112,PP,L,A,30,NA,NA,NA,NA,NA,NA
10/5/2016,Sunny,SN,34,FR,FU,113,PP,L,NA,3,NA,NA,NA,NA,NA,NA
10/5/2016,Sunny,SN,34,FR,FU,114,PP,L,A,29.4,NA,NA,NA,NA,NA,NA
10/5/2016,Sunny,SN,34,FR,FU,115,PP,L,A,25.8,NA,NA,NA,NA,NA,NA
10/5/2016,Sunny,SN,34,FR,FU,116,PP,L,A,20.4,NA,NA,NA,NA,NA,NA
10/5/2016,Sunny,SN,34,FR,FU,117,PP,2,NA,4.1,NA,NA,NA,NA,NA,NA
10/5/2016,Sunny,SN,34,FR,FU,118,PP,L,A,25.6,NA,NA,NA,NA,NA,NA
10/5/2016,Sunny,SN,34,FR,FU,119,PP,L,A,26.6,NA,NA,NA,NA,NA,NA
10/5/2016,Sunny,SN,34,FR,FU,120,PP,L,A,25.6,NA,NA,NA,NA,NA,NA
10/5/2016,Sunny,SN,34,FR,FU,121,PP,L,A,15.1,NA,NA,NA,NA,NA,NA
10/5/2016,Sunny,SN,34,FR,FU,122,PP,L,A,11.3,NA,NA,NA,NA,NA,NA
10/5/2016,Sunny,SN,34,FR,FU,123,PP,L,A,20.5,NA,NA,NA,NA,NA,NA
10/5/2016,Sunny,SN,34,FR,FU,124,PP,L,A,12.9,NA,NA,NA,NA,NA,NA
10/5/2016,Sunny,SN,34,FR,FU,125,PP,L,A,14.2,NA,NA,NA,NA,NA,NA
10/5/2016,Sunny,SN,34,FR,FU,126,PP,L,A,19.4,NA,NA,NA,NA,NA,NA
10/5/2016,Sunny,SN,34,FR,FU,127,PP,L,A,27.2,NA,NA,NA,NA,NA,NA
10/5/2016,Sunny,SN,34,FR,FU,128,PP,L,NA,8.1,NA,NA,NA,NA,NA,NA
10/5/2016,Sunny,SN,34,FR,FU,129,PP,L,A,14.2,NA,NA,NA,NA,NA,NA
10/5/2016,Sunny,SN,34,FR,FU,130,PP,L,A,22.5,NA,NA,NA,NA,NA,NA
10/5/2016,Sunny,EK,35,FR,FU,1,PP,L,A,21.9,NA,NA,NA,NA,NA,NA
10/5/2016,Sunny,EK,35,FR,FU,2,PP,L,A,14.3,NA,NA,NA,NA,NA,NA
10/5/2016,Sunny,EK,35,FR,FU,3,PP,L,A,10,NA,NA,NA,NA,NA,NA
10/5/2016,Sunny,EK,35,FR,FU,4,PP,4,A,25.6,NA,NA,NA,NA,NA,NA
10/5/2016,Sunny,EK,35,FR,FU,5,PP,L,A,47.9,NA,NA,NA,NA,NA,NA
10/5/2016,Sunny,EK,35,FR,FU,6,PP,L,A,16.5,NA,NA,NA,NA,NA,NA
10/5/2016,Sunny,EK,35,FR,FU,7,PP,L,A,13.2,NA,NA,NA,NA,NA,NA
10/5/2016,Sunny,EK,35,FR,FU,8,PP,L,A,16.3,NA,NA,NA,NA,NA,NA
10/5/2016,Sunny,EK,35,FR,FU,9,PP,L,NA,7.7,NA,NA,NA,NA,NA,NA
10/5/2016,Sunny,EK,35,FR,FU,10,PP,L,A,17,NA,NA,NA,NA,NA,NA
10/5/2016,Sunny,EK,35,FR,FU,11,PP,L,A,12.6,NA,NA,NA,NA,NA,NA
10/5/2016,Sunny,EK,35,FR,FU,12,PP,L,A,17.7,NA,NA,NA,NA,NA,NA
10/5/2016,Sunny,EK,35,FR,FU,13,PP,L,A,16.3,NA,NA,NA,NA,NA,NA
10/5/2016,Sunny,EK,35,FR,FU,14,PP,L,A,14.9,NA,NA,NA,NA,NA,NA
10/5/2016,Sunny,EK,35,FR,FU,15,PP,L,A,22.5,NA,NA,NA,NA,NA,NA
5/10/2016,sunny,EK,35,FR,FU,16,PP,L,A,27.8,NA,NA,NA,NA,NA,NA
5/10/2016,sunny,EK,35,FR,FU,17,PP,L,A,15.6,NA,NA,NA,NA,NA,NA
5/10/2016,sunny,EK,35,FR,FU,18,PP,L,NA,6.1,NA,NA,NA,NA,NA,NA
5/10/2016,sunny,EK,35,FR,FU,19,PP,L,NA,9.5,NA,NA,NA,NA,NA,NA
5/10/2016,sunny,EK,35,FR,FU,20,PP,L,NA,8.5,NA,NA,NA,NA,NA,NA
5/10/2016,sunny,EK,35,FR,FU,21,PP,L,A,16.6,NA,NA,NA,NA,NA,NA
5/10/2016,sunny,EK,35,FR,FU,22,PP,L,A,11.2,NA,NA,NA,NA,NA,NA
5/10/2016,sunny,EK,35,FR,FU,23,PP,L,NA,8.6,NA,NA,NA,NA,NA,NA
5/10/2016,sunny,EK,35,FR,FU,24,PP,L,A,26,NA,NA,NA,NA,NA,NA
5/10/2016,sunny,EK,35,FR,FU,25,PP,L,A,19.8,NA,NA,NA,NA,NA,NA
5/10/2016,sunny,EK,35,FR,FU,26,PP,L,NA,8.8,NA,NA,NA,NA,NA,NA
5/10/2016,sunny,EK,35,FR,FU,27,PP,L,A,16.8,NA,NA,NA,NA,NA,NA
5/10/2016,sunny,EK,35,FR,FU,28,PP,2,A,10.7,NA,NA,NA,NA,NA,NA
5/10/2016,sunny,EK,35,FR,FU,29,PP,L,A,20.4,NA,NA,NA,NA,NA,NA
5/10/2016,sunny,EK,35,FR,FU,30,PP,L,A,24.3,NA,NA,NA,NA,NA,NA
5/10/2016,sunny,EK,35,FR,FU,31,PP,L,P,20.8,N,E, 1/3.5,4.2,4.4,4.3
5/10/2016,sunny,EK,35,FR,FU,32,PP,2,NA,9.1,NA,NA,NA,NA,NA,NA
5/10/2016,sunny,EK,35,FR,FU,33,PP,L,A,18.8,NA,NA,NA,NA,NA,NA
5/10/2016,sunny,EK,35,FR,FU,34,PP,L,A,37.4,NA,NA,NA,NA,NA,NA
5/10/2016,sunny,EK,35,FR,FU,35,PP,L,NA,2.5,NA,NA,NA,NA,NA,NA
5/10/2016,sunny,EK,35,FR,FU,36,PP,L,A,26.5,NA,NA,NA,NA,NA,NA
5/10/2016,sunny,EK,35,FR,FU,37,PP,L,A,21.3,NA,NA,NA,NA,NA,NA
5/10/2016,sunny,EK,35,FR,FU,38,PP,L,A,16,NA,NA,NA,NA,NA,NA
5/10/2016,sunny,EK,35,FR,FU,39,PP,L,A,13.2,NA,NA,NA,NA,NA,NA
5/10/2016,sunny,EK,35,FR,FU,40,PP,L,A,21.4,NA,NA,NA,NA,NA,NA
5/10/2016,sunny,EK,35,FR,FU,41,PP,L,A,31.6,NA,NA,NA,NA,NA,NA
5/10/2016,sunny,EK,35,FR,FU,42,PP,L,A,15.5,NA,NA,NA,NA,NA,NA
5/10/2016,sunny,EK,35,FR,FU,43,PP,L,NA,9.5,NA,NA,NA,NA,NA,NA
5/10/2016,sunny,EK,35,FR,FU,44,PP,L,A,18.4,NA,NA,NA,NA,NA,NA
5/10/2016,sunny,EK,35,FR,FU,45,PP,L,A,18.3,NA,NA,NA,NA,NA,NA
5/10/2016,sunny,EK,35,FR,FU,46,PP,L,A,21.4,NA,NA,NA,NA,NA,NA
5/10/2016,sunny,EK,35,FR,FU,47,PP,L,A,23.8,NA,NA,NA,NA,NA,NA
5/10/2016,sunny,EK,35,FR,FU,48,PP,L,A,12.1,NA,NA,NA,NA,NA,NA
5/10/2016,sunny,EK,35,FR,FU,49,PP,L,A,27,NA,NA,NA,NA,NA,NA
5/10/2016,sunny,EK,35,FR,FU,50,PP,L,A,14.1,NA,NA,NA,NA,NA,NA
5/10/2016,sunny,EK,35,FR,FU,51,PP,L,A,27,NA,NA,NA,NA,NA,NA
5/10/2016,sunny,EK,35,FR,FU,52,PP,L,A,11.5,NA,NA,NA,NA,NA,NA
5/10/2016,sunny,EK,35,FR,FU,53,PP,L,A,30.5,NA,NA,NA,NA,NA,NA
5/10/2016,sunny,EK,35,FR,FU,54,PP,L,A,23.2,NA,NA,NA,NA,NA,NA
5/10/2016,sunny,EK,35,FR,FU,55,PP,L,A,37.3,NA,NA,NA,NA,NA,NA
5/10/2016,sunny,EK,35,FR,FU,56,PP,L,A,27.1,NA,NA,NA,NA,NA,NA
5/10/2016,sunny,EK,35,FR,FU,57,PP,L,A,36,NA,NA,NA,NA,NA,NA
5/10/2016,sunny,EK,35,FR,FU,58,PP,L,A,25.9,NA,NA,NA,NA,NA,NA
5/10/2016,sunny,EK,35,FR,FU,59,PP,L,A,11.9,NA,NA,NA,NA,NA,NA
5/10/2016,sunny,EK,35,FR,FU,60,PP,L,A,24.1,NA,NA,NA,NA,NA,NA
5/10/2016,sunny,EK,35,FR,FU,61,PP,L,A,19.3,NA,NA,NA,NA,NA,NA
5/10/2016,sunny,EK,35,FR,FU,62,PP,L,NA,6.8,NA,NA,NA,NA,NA,NA
5/10/2016,sunny,EK,35,FR,FU,63,PP,L,A,22.8,NA,NA,NA,NA,NA,NA
5/10/2016,sunny,EK,35,FR,FU,64,PP,L,P,23.7,N,S, 1/2,3.2,3.2,3.2
5/10/2016,sunny,EK,35,FR,FU,65,PP,L,A,16,NA,NA,NA,NA,NA,NA
5/10/2016,sunny,EK,35,FR,FU,66,PP,L,A,22.9,NA,NA,NA,NA,NA,NA
5/10/2016,sunny,EK,35,FR,FU,67,PP,L,A,15.1,NA,NA,NA,NA,NA,NA
5/10/2016,sunny,EK,35,FR,FU,68,PP,L,A,19.6,NA,NA,NA,NA,NA,NA
5/10/2016,sunny,EK,35,FR,FU,69,PP,L,NA,4,NA,NA,NA,NA,NA,NA
5/10/2016,sunny,EK,35,FR,FU,70,PP,L,A,11.8,NA,NA,NA,NA,NA,NA
5/10/2016,sunny,EK,35,FR,FU,71,PP,L,NA,3,NA,NA,NA,NA,NA,NA
5/10/2016,sunny,EK,35,FR,FU,72,PP,L,NA,6.9,NA,NA,NA,NA,NA,NA
5/10/2016,sunny,EK,35,FR,FU,73,PP,2,A,14.1,NA,NA,NA,NA,NA,NA
5/10/2016,sunny,EK,35,FR,FU,74,PP,L,A,22.7,NA,NA,NA,NA,NA,NA
5/10/2016,sunny,EK,35,FR,FU,75,PP,L,A,17.6,NA,NA,NA,NA,NA,NA
5/10/2016,sunny,EK,35,FR,FU,76,PP,L,A,13.2,NA,NA,NA,NA,NA,NA
5/10/2016,sunny,EK,35,FR,FU,77,PP,L,A,31.7,NA,NA,NA,NA,NA,NA
11/5/2016,Cloudy,SN,36,FR,FU,1,PP,L,A,15.4,NA,NA,NA,NA,NA,NA
11/5/2016,Cloudy,SN,36,FR,FU,2,PP,L,A,15.5,NA,NA,NA,NA,NA,NA
11/5/2016,Cloudy,SN,36,FR,FU,3,PP,L,A,18.7,NA,NA,NA,NA,NA,NA
11/5/2016,Cloudy,SN,36,FR,FU,4,PP,L,A,15.3,NA,NA,NA,NA,NA,NA
11/5/2016,Cloudy,SN,36,FR,FU,5,PP,L,A,17.2,NA,NA,NA,NA,NA,NA
11/5/2016,Cloudy,SN,36,FR,FU,6,PP,L,A,13.9,NA,NA,NA,NA,NA,NA
11/5/2016,Cloudy,SN,36,FR,FU,7,PP,L,P,18.7,E,NW, 1/1,2.8,2.8,2.8
11/5/2016,Cloudy,SN,36,FR,FU,8,PP,2,A,15.3,NA,NA,NA,NA,NA,NA
11/5/2016,Cloudy,SN,36,FR,FU,9,PP,2,A,17.2,NA,NA,NA,NA,NA,NA
11/5/2016,Cloudy,SN,36,FR,FU,10,PP,2,A,13.9,NA,NA,NA,NA,NA,NA
11/5/2016,Cloudy,SN,36,FR,FU,11,PP,L,NA,9.7,NA,NA,NA,NA,NA,NA
11/5/2016,Cloudy,SN,36,FR,FU,12,PP,2,NA,4.8,NA,NA,NA,NA,NA,NA
11/5/2016,Cloudy,SN,36,FR,FU,13,PP,1,NA,9.1,NA,NA,NA,NA,NA,NA
11/5/2016,Cloudy,SN,36,FR,FU,14,PP,3,P,55,E,N, 1/3,6.6,6.8,6.7
11/5/2016,Cloudy,SN,36,FR,FU,14,PP,3,P,55,E,NW, 1/2,6.6,6.8,6.7
11/5/2016,Cloudy,SN,36,FR,FU,14,PP,3,P,55,E,NW, 1/2,6.6,6.8,6.7
11/5/2016,Cloudy,SN,36,FR,FU,14,PP,3,P,55,E,NW, 1/2,6.6,6.8,6.7
11/5/2016,Cloudy,SN,36,FR,FU,14,PP,3,P,55,E,NW, 1/2,6.6,6.8,6.7
11/5/2016,Cloudy,SN,36,FR,FU,14,PP,3,P,55,N,N, 1/4,11,11.2,11.1
11/5/2016,Cloudy,SN,36,FR,FU,14,PP,3,P,55,E,NE, 1/2,6.6,7,6.8
11/5/2016,Cloudy,SN,36,FR,FU,14,PP,3,P,55,E,NE, 1/2,6.6,7,6.8
11/5/2016,Cloudy,SN,36,FR,FU,14,PP,3,P,55,N,W, 1/4,0,0,0
11/5/2016,Cloudy,SN,36,FR,FU,15,PP,2,A,25.9,NA,NA,NA,NA,NA,NA
11/5/2016,Cloudy,SN,36,FR,FU,16,PP,L,A,25.4,NA,NA,NA,NA,NA,NA
11/5/2016,Cloudy,SN,36,FR,FU,17,PP,1,A,20,NA,NA,NA,NA,NA,NA
11/5/2016,Cloudy,SN,36,FR,FU,18,PP,L,A,29,NA,NA,NA,NA,NA,NA
11/5/2016,Cloudy,SN,36,FR,FU,19,PP,L,A,20,NA,NA,NA,NA,NA,NA
11/5/2016,Cloudy,SN,36,FR,FU,20,PP,1,A,21.2,NA,NA,NA,NA,NA,NA
11/5/2016,Cloudy,SN,36,FR,FU,21,PP,L,A,28,NA,NA,NA,NA,NA,NA
11/5/2016,Cloudy,SN,36,FR,FU,22,PP,L,A,20.4,NA,NA,NA,NA,NA,NA
11/5/2016,Cloudy,SN,36,FR,FU,23,PP,2,A,23.1,NA,NA,NA,NA,NA,NA
11/5/2016,Cloudy,SN,36,FR,FU,24,PP,L,A,28.3,NA,NA,NA,NA,NA,NA
11/5/2016,Cloudy,SN,36,FR,FU,25,PP,NA,A,27.8,NA,NA,NA,NA,NA,NA
11/5/2016,Cloudy,SN,36,FR,FU,26,PP,1,A,20.1,NA,NA,NA,NA,NA,NA
11/5/2016,Cloudy,SN,36,FR,FU,27,PP,2,A,18.8,NA,NA,NA,NA,NA,NA
11/5/2016,Cloudy,SN,36,FR,FU,28,PP,L,A,26.9,NA,NA,NA,NA,NA,NA
11/5/2016,Cloudy,SN,36,FR,FU,29,PP,L,A,16.2,NA,NA,NA,NA,NA,NA
11/5/2016,Cloudy,SN,36,FR,FU,30,PP,L,P,36.6,E,SW, 1/4,5.8,5.6,5.7
11/5/2016,Cloudy,SN,36,FR,FU,30,PP,3,P,36.6,E,W, 1/4,7.8,8,7.9
11/5/2016,Cloudy,SN,36,FR,FU,30,PP,3,P,36.6,E,W, 1/1,8.8,8.8,8.8
11/5/2016,Cloudy,SN,36,FR,FU,30,PP,3,P,36.6,E,W, 1/2.5,8.8,8.8,8.8
11/5/2016,Cloudy,SN,36,FR,FU,30,PP,3,P,36.6,E,SW, 1/1,7.2,7.2,7.2
11/5/2016,Cloudy,SN,36,FR,FU,30,PP,3,P,36.6,E,SW, 1/1.5,7.8,7.2,7.5
11/5/2016,Cloudy,SN,36,FR,FU,30,PP,3,P,36.6,E,SW, 1/1,7.2,7.6,7.4
11/5/2016,Cloudy,SN,36,FR,FU,30,PP,3,P,36.6,E,S, 1/3,4.4,4.2,4.3
11/5/2016,Cloudy,SN,36,FR,FU,30,PP,3,P,36.6,E,S, 1/3,5.2,5.2,5.2
11/5/2016,Cloudy,SN,36,FR,FU,30,PP,3,P,36.6,E,S, 1/2,5.4,5.2,5.3
11/5/2016,Cloudy,SN,36,FR,FU,30,PP,3,P,36.6,E,E,2/5.5,7.2,7,7.1
11/5/2016,Cloudy,SN,36,FR,FU,30,PP,3,P,36.6,E,NE, 3/25.5,0,0,0
11/5/2016,Cloudy,SN,36,FR,FU,31,Juniper Unknown,L,A,18.4,NA,NA,NA,NA,NA,NA
11/5/2016,Cloudy,SN,36,FR,FU,32,PP,L,A,23.6,NA,NA,NA,NA,NA,NA
11/5/2016,Cloudy,SN,36,FR,FU,33,PP,L,A,20.3,NA,NA,NA,NA,NA,NA
11/5/2016,Cloudy,SN,36,FR,FU,34,PP,L,A,17.2,NA,NA,NA,NA,NA,NA
5/9/2016,sunny,SN,37,FR,FH,NA,NA,NA,NA,NA,NA,NA,NA,NA,NA,NA
19/5/16,Sunny,EK,38,FR,FH,NA,NA,NA,NA,NA,NA,NA,NA,NA,NA,NA
5/17/2016,sunny,EK,39,FR,FH,NA,NA,NA,NA,NA,NA,NA,NA,NA,NA,NA
18/5/16,Sunny,EK,40,FR,FH,1,PP,4,P,59.8,N,NW, 1/2,2.8,2.8,2.8
18/5/16,Sunny,EK,40,FR,FH,1,PP,4,P,59.8,E,SW, 1/4,2.6,2.8,2.7
18/5/16,Sunny,EK,40,FR,FH,1,PP,4,P,59.8,N,SW, 2/8,4.2,4.2,4.2
18/5/16,Sunny,EK,40,FR,FH,1,PP,4,P,59.8,N,N, 2/8,0,0,0
18/5/16,Sunny,EK,40,FR,FH,1,PP,4,P,59.8,N,N, 1/2.5,1.5,1.5,1.5
18/5/16,Sunny,EK,40,FR,FH,1,PP,4,P,59.8,N,N, 1/3,1.9,1.9,1.9
18/5/16,Sunny,EK,40,FR,FH,1,PP,4,P,59.8,N,N, 1/3,2.3,2.3,2.3
18/5/16,Sunny,EK,40,FR,FH,1,PP,4,P,59.8,E,E, 1/1,3.4,3.6,3.5
18/5/16,Sunny,EK,40,FR,FH,1,PP,4,P,59.8,E,E, 1/1,4.2,4.2,4.2
5/12/2016,sunny,SN,41,FR,FH,1,PP,L,A,14.3,NA,NA,NA,NA,NA,NA
5/12/2016,sunny,SN,41,FR,FH,2,PP,L,A,20.4,NA,NA,NA,NA,NA,NA
5/12/2016,sunny,SN,41,FR,FH,3,PP,L,A,22,NA,NA,NA,NA,NA,NA
5/12/2016,sunny,SN,41,FR,FH,4,PP,L,A,23.9,NA,NA,NA,NA,NA,NA
5/12/2016,sunny,SN,41,FR,FH,5,PP,L,A,10.4,NA,NA,NA,NA,NA,NA
5/12/2016,sunny,SN,41,FR,FH,6,PP,L,A,17.8,NA,NA,NA,NA,NA,NA
5/12/2016,sunny,SN,41,FR,FH,7,PP,L,A,19.4,NA,NA,NA,NA,NA,NA
5/12/2016,sunny,SN,41,FR,FH,8,PP,L,A,22.3,NA,NA,NA,NA,NA,NA
5/12/2016,sunny,SN,41,FR,FH,9,PP,L,NA,9.1,NA,NA,NA,NA,NA,NA
5/12/2016,sunny,SN,41,FR,FH,10,PP,L,NA,4.1,NA,NA,NA,NA,NA,NA
5/12/2016,sunny,SN,41,FR,FH,11,PP,L,A,16.2,NA,NA,NA,NA,NA,NA
5/12/2016,sunny,SN,41,FR,FH,12,PP,L,A,12.3,NA,NA,NA,NA,NA,NA
19/5/16,Sunny,EK,42,FR,FH,NA,NA,NA,NA,NA,NA,NA,NA,NA,NA,NA
19/5/16,Sunny,EK,43,FR,FL,1,PP,L,A,23.8,NA,NA,NA,NA,NA,NA
19/5/16,Sunny,EK,43,FR,FL,2,PP,L,A,33.9,NA,NA,NA,NA,NA,NA
19/5/16,Sunny,EK,43,FR,FL,3,PP,L,A,20,NA,NA,NA,NA,NA,NA
19/5/16,Sunny,EK,43,FR,FL,4,PP,L,A,20.1,NA,NA,NA,NA,NA,NA
19/5/16,Sunny,EK,43,FR,FL,5,PP,1,A,14,NA,NA,NA,NA,NA,NA
19/5/16,Sunny,EK,43,FR,FL,6,PP,L,A,25.4,NA,NA,NA,NA,NA,NA
19/5/16,Sunny,EK,43,FR,FL,7,PP,L,A,26.5,NA,NA,NA,NA,NA,NA
19/5/16,Sunny,EK,43,FR,FL,8,PP,L,A,25.4,NA,NA,NA,NA,NA,NA
19/5/16,Sunny,EK,43,FR,FL,9,PP,L,A,26.5,NA,NA,NA,NA,NA,NA
19/5/16,Sunny,EK,43,FR,FL,10,PP,L,A,39.7,NA,NA,NA,NA,NA,NA
19/5/16,Sunny,EK,43,FR,FL,11,PP,L,A,13,NA,NA,NA,NA,NA,NA
19/5/16,Sunny,EK,43,FR,FL,12,PP,L,A,16.5,NA,NA,NA,NA,NA,NA
5/13/2016,cloudy,TD,44,FR,FL,NA,NA,NA,NA,NA,NA,NA,NA,NA,NA,NA
5/18/2016,sunny,EK,45,FR,FL,1,PP,L,A,23.1,NA,NA,NA,NA,NA,NA
5/18/2016,sunny,EK,45,FR,FL,2,PP,L,A,36,NA,NA,NA,NA,NA,NA
5/18/2016,sunny,EK,45,FR,FL,3,PP,L,A,28.2,NA,NA,NA,NA,NA,NA
5/18/2016,sunny,EK,45,FR,FL,4,PP,L,A,29.5,NA,NA,NA,NA,NA,NA
5/18/2016,sunny,EK,45,FR,FL,5,PP,L,A,20.7,NA,NA,NA,NA,NA,NA
5/18/2016,sunny,SN,45,FR,FL,6,PP,L,A,21.1,NA,NA,NA,NA,NA,NA
5/18/2016,sunny,SN,45,FR,FL,7,PP,L,A,29.3,NA,NA,NA,NA,NA,NA
5/18/2016,sunny,SN,45,FR,FL,8,PP,L,A,18.2,NA,NA,NA,NA,NA,NA
5/18/2016,sunny,SN,45,FR,FL,9,PP,L,A,10.5,NA,NA,NA,NA,NA,NA
5/18/2016,sunny,SN,45,FR,FL,10,PP,L,A,14.5,NA,NA,NA,NA,NA,NA
5/18/2016,sunny,SN,45,FR,FL,11,PP,L,A,22.1,NA,NA,NA,NA,NA,NA
5/18/2016,sunny,SN,45,FR,FL,12,PP,L,A,14.8,NA,NA,NA,NA,NA,NA
5/18/2016,sunny,SN,45,FR,FL,13,PP,L,A,31.1,NA,NA,NA,NA,NA,NA
5/18/2016,sunny,SN,45,FR,FL,14,PP,L,NA,6.7,NA,NA,NA,NA,NA,NA
5/18/2016,sunny,SN,45,FR,FL,15,PP,L,A,10.7,NA,NA,NA,NA,NA,NA
5/18/2016,sunny,SN,45,FR,FL,16,PP,L,A,14.8,NA,NA,NA,NA,NA,NA
5/18/2016,sunny,SN,45,FR,FL,17,PP,L,NA,9.4,NA,NA,NA,NA,NA,NA
5/18/2016,sunny,SN,45,FR,FL,18,PP,L,A,13.4,NA,NA,NA,NA,NA,NA
5/18/2016,sunny,SN,45,FR,FL,19,PP,L,A,14.9,NA,NA,NA,NA,NA,NA
5/18/2016,sunny,SN,45,FR,FL,20,PP,L,A,33.7,NA,NA,NA,NA,NA,NA
5/18/2016,sunny,SN,45,FR,FL,21,PP,L,A,33.4,NA,NA,NA,NA,NA,NA
5/18/2016,sunny,SN,45,FR,FL,22,PP,L,A,31.2,NA,NA,NA,NA,NA,NA
5/18/2016,sunny,SN,45,FR,FL,23,PP,1,P,39.6,E,N, 1/2,2.4,2.8,2.6
5/18/2016,sunny,SN,45,FR,FL,23,PP,1,P,39.6,E,E, 1/1,4.4,4.6,4.5
5/18/2016,sunny,SN,45,FR,FL,23,PP,1,P,39.6,E,S, 1/2,1.8,2,1.9
5/18/2016,sunny,SN,45,FR,FL,23,PP,1,P,39.6,E,W, 1/1,5.4,5.8,5.6
5/18/2016,sunny,SN,45,FR,FL,23,PP,1,P,39.6,E,NE, 1/2.5,1.3,1.3,1.3
5/18/2016,sunny,SN,45,FR,FL,24,PP,L,A,24.5,NA,NA,NA,NA,NA,NA
5/18/2016,sunny,SN,45,FR,FL,25,PP,L,A,25.5,NA,NA,NA,NA,NA,NA
5/18/2016,sunny,SN,45,FR,FL,26,PP,L,A,24.3,NA,NA,NA,NA,NA,NA
5/18/2016,sunny,SN,45,FR,FL,27,PP,L,A,21.7,NA,NA,NA,NA,NA,NA
5/18/2016,sunny,SN,45,FR,FL,28,PP,L,A,20.9,NA,NA,NA,NA,NA,NA
5/18/2016,sunny,SN,45,FR,FL,29,PP,L,P,31.1,N,N, 2/5,1.6,1.6,1.6
5/18/2016,sunny,SN,45,FR,FL,30,PP,L,A,11.8,NA,NA,NA,NA,NA,NA
18/5/16,Sunny,EK,45,FR,FL,31,PP,L,A,13.5,NA,NA,NA,NA,NA,NA
18/5/16,Sunny,EK,45,FR,FL,32,PP,L,A,21.2,NA,NA,NA,NA,NA,NA
18/5/16,Sunny,EK,45,FR,FL,33,PP,L,A,22.1,NA,NA,NA,NA,NA,NA
18/5/16,Sunny,EK,45,FR,FL,34,PP,L,A,37.3,NA,NA,NA,NA,NA,NA
18/5/16,Sunny,EK,45,FR,FL,35,PP,2,A,17.1,NA,NA,NA,NA,NA,NA
5/13/2016,cloudy,TD,46,FR,FL,1,PP,L,A,40.3,NA,NA,NA,NA,NA,NA
10/5/2016,Sunny,TD,50,FR,GU,0,NA,NA,NA,NA,NA,NA,NA,NA,NA,NA
5/9/2016,sunny,SN,51,FR,GU,NA,NA,NA,NA,NA,NA,NA,NA,NA,NA,NA
5/9/2016,sunny,SN,52,FR,GU,NA,NA,NA,NA,NA,NA,NA,NA,NA,NA,NA
5/9/2016,sunny,SN,53,FR,GU,NA,NA,NA,NA,NA,NA,NA,NA,NA,NA,NA
5/9/2016,sunny,SN,54,FR,GU,NA,NA,NA,NA,NA,NA,NA,NA,NA,NA,NA
18/5/16,Sunny,EK,55,FR,GB,1,JUNIPER(U),2,A,11.3,NA,NA,NA,NA,NA,NA
5/13/2016,cloudy,TD,56,FR,GB,NA,NA,NA,NA,NA,NA,NA,NA,NA,NA,NA
19/5/16,Sunny,EK,57,FR,GB,1,PP,L,A,18.1,NA,NA,NA,NA,NA,NA
5/17/2016,sunny,EK,58,FR,GB,NA,NA,NA,NA,NA,NA,NA,NA,NA,NA,NA
5/17/2016,sunny,EK,59,FR,GB,NA,NA,NA,NA,NA,NA,NA,NA,NA,NA,NA
5/13/2016,cloudy,TD,61,FR,FM,NA,NA,NA,NA,NA,NA,NA,NA,NA,NA,NA
5/17/2016,sunny,EK,62,FR,FM,1,PP,L,NA,4,NA,NA,NA,NA,NA,NA
19/5/16,Sunny,EK,63,FR,FM,1,PP,5,P,23.5,E,S, 1/3,1,1,1
19/5/16,Sunny,EK,63,FR,FM,1,PP,5,P,23.5,E,S, 1/1,1.4,1.4,1.4
19/5/16,Sunny,EK,63,FR,FM,1,PP,5,P,23.5,E,S, 1/1,1.4,1.4,1.4
19/5/16,Sunny,EK,63,FR,FM,1,PP,5,P,23.5,E,E, 2/5,1,1,1
19/5/16,Sunny,EK,63,FR,FM,1,PP,5,P,23.5,E,E, 1/3,1.4,1.4,1.4
19/5/16,Sunny,EK,63,FR,FM,1,PP,5,P,23.5,E,N, 1/2,0.8,0.8,0.8
19/5/16,Sunny,EK,63,FR,FM,1,PP,5,P,23.5,E,S, 1/1,0.4,0.4,0.4
5/18/2016,sunny,EK,64,FR,FM,1,JUNI,L,NA,3.1,NA,NA,NA,NA,NA,NA
5/18/2016,sunny,EK,64,FR,FM,2,PP,3,P,45.7,N,SE, 3/13,4,3.8,3.9
5/18/2016,sunny,EK,64,FR,FM,2,PP,3,P,45.7,N,N, 1/4,2.2,2.2,2.2
5/18/2016,sunny,EK,64,FR,FM,3,PP,3,P,38.9,N,N, 1/4,1.8,1.8,1.8
5/18/2016,sunny,EK,64,FR,FM,3,PP,3,P,38.9,N,N, 1/2,3.2,3.2,3.2
5/18/2016,sunny,EK,64,FR,FM,3,PP,3,P,38.9,N,SE, 1/5,4,3.6,3.8
19/5/16,Sunny,EK,65,FR,FM,NA,NA,NA,NA,NA,NA,NA,NA,NA,NA,NA
5/17/2016,sunny,EK,66,FR,FM,1,PP,5,A,39.8,NA,NA,NA,NA,NA,NA
5/17/2016,sunny,EK,66,FR,FM,2,PP,4,A,39,NA,NA,NA,NA,NA,NA
5/9/2016,cloudy/mixed sun,TD,105,FR,FU,1,PP,L,A,21.8,NA,NA,NA,NA,NA,NA
5/9/2016,cloudy/mixed sun,EK,105,FR,FU,2,PP,L,A,17.1,NA,NA,NA,NA,NA,NA
5/9/2016,cloudy/mixed sun,TD,105,FR,FU,3,PP,L,A,28,NA,NA,NA,NA,NA,NA
5/9/2016,cloudy/mixed sun,TD,105,FR,FU,4,PP,L,A,13.5,NA,NA,NA,NA,NA,NA
5/9/2016,cloudy/mixed sun,TD,105,FR,FU,5,PP,2,P,37.6,E,N, 1/2.5,2.6,2.6,2.6
5/9/2016,cloudy/mixed sun,TD,105,FR,FU,5,PP,2,P,37.6,E,N, 1/1,2.7,2.7,2.7
5/9/2016,cloudy/mixed sun,TD,105,FR,FU,5,PP,2,P,37.6,E,N, 1/2.5,2.7,2.7,2.7
5/9/2016,cloudy/mixed sun,TD,105,FR,FU,5,PP,2,P,37.6,E,SE, 1/2,2.2,2,2.1
5/9/2016,cloudy/mixed sun,TD,105,FR,FU,5,PP,2,P,37.6,E,SE, 1/2,0.31,0.31,0.31
5/9/2016,cloudy/mixed sun,TD,105,FR,FU,6,PP,L,A,22.2,NA,NA,NA,NA,NA,NA
5/9/2016,cloudy/mixed sun,TD,105,FR,FU,7,PP,L,A,14.1,NA,NA,NA,NA,NA,NA
5/9/2016,cloudy/mixed sun,TD,105,FR,FU,8,PP,L,NA,2.9,NA,NA,NA,NA,NA,NA
5/9/2016,cloudy/mixed sun,TD,105,FR,FU,9,PP,L,A,12.8,NA,NA,NA,NA,NA,NA
5/9/2016,cloudy/mixed sun,TD,105,FR,FU,10,PP,L,NA,2.2,NA,NA,NA,NA,NA,NA
5/9/2016,cloudy/mixed sun,TD,105,FR,FU,11,PP,L,A,22.8,NA,NA,NA,NA,NA,NA
5/9/2016,cloudy/mixed sun,TD,105,FR,FU,12,PP,L,A,33.5,NA,NA,NA,NA,NA,NA
5/9/2016,cloudy/mixed sun,TD,105,FR,FU,13,PP,L,A,23.9,NA,NA,NA,NA,NA,NA
5/9/2016,cloudy/mixed sun,TD,105,FR,FU,14,PP,L,P,32.4,G,S, 3/24,0,0,0
5/9/2016,cloudy/mixed sun,TD,105,FR,FU,15,PP,L,NA,3.5,NA,NA,NA,NA,NA,NA
5/9/2016,cloudy/mixed sun,TD,105,FR,FU,16,PP,L,A,32.4,NA,NA,NA,NA,NA,NA
5/9/2016,cloudy/mixed sun,TD,105,FR,FU,17,PP,2,A,14.9,NA,NA,NA,NA,NA,NA
5/9/2016,cloudy/mixed sun,TD,105,FR,FU,18,PP,L,A,24.2,NA,NA,NA,NA,NA,NA
5/9/2016,cloudy/mixed sun,TD,105,FR,FU,19,PP,2,P,22.3,E,SE, 1/1,1.8,1.8,1.8
5/9/2016,cloudy/mixed sun,TD,105,FR,FU,20,PP,L,A,27.3,NA,NA,NA,NA,NA,NA
5/9/2016,cloudy/mixed sun,TD,105,FR,FU,21,PP,L,A,19.5,NA,NA,NA,NA,NA,NA
5/9/2016,cloudy/mixed sun,TD,105,FR,FU,22,PP,L,A,16.3,NA,NA,NA,NA,NA,NA
5/9/2016,cloudy/mixed sun,TD,105,FR,FU,23,PP,2,NA,5,NA,NA,NA,NA,NA,NA
5/9/2016,cloudy/mixed sun,TD,105,FR,FU,24,PP,L,NA,6.8,NA,NA,NA,NA,NA,NA
5/18/2016,sunny,SN,106,FR,FH,1,PP,L,NA,5.9,NA,NA,NA,NA,NA,NA
5/18/2016,sunny,SN,106,FR,FH,2,PP,L,NA,4.5,NA,NA,NA,NA,NA,NA
10/5/2016,Sunny,TD,108,FR,GU,0,NA,NA,NA,NA,NA,NA,NA,NA,NA,NA
5/17/2016,sunny,EK,109,FR,GB,1,PP,L,NA,7.2,NA,NA,NA,NA,NA,NA
5/12/2016,sunny,TD,110,FR,FM,1,PP,L,NA,4.6,NA,NA,NA,NA,NA,NA
5/12/2016,sunny,TD,110,FR,FM,2,PP,L,NA,2.5,NA,NA,NA,NA,NA,NA
19/5/16,Sunny,EK,200,FR,FH,NA,NA,NA,NA,NA,NA,NA,NA,NA,NA,NA
19/5/16,Sunny,EK,201,FR,FH,1,PP,5,A,16,NA,NA,NA,NA,NA,NA
19/5/16,Sunny,EK,202,FR,FH,NA,NA,NA,NA,NA,NA,NA,NA,NA,NA,NA
5/17/2016,sunny,EK,203,FR,FM,NA,NA,NA,NA,NA,NA,NA,NA,NA,NA,NA
19/5/16,Sunny,EK,204,FR,FM,NA,NA,NA,NA,NA,NA,NA,NA,NA,NA,NA
5/17/2016,sunny,EK,205,FR,FM,1,PP,L,NA,3.9,NA,NA,NA,NA,NA,NA
5/17/2016,sunny,EK,205,FR,FM,2,PP,L,A,13.7,NA,NA,NA,NA,NA,NA
5/13/2016,cloudy,SN,206,FR,FL,1,PP,L,A,30.6,NA,NA,NA,NA,NA,NA
5/13/2016,cloudy,Sn,206,FR,FL,2,PP,L,A,20.3,NA,NA,NA,NA,NA,NA
5/13/2016,cloudy,SN,206,FR,FL,3,PP,L,NA,2.4,NA,NA,NA,NA,NA,NA
19/5/16,Sunny,EK,207,FR,FL,NA,NA,NA,NA,NA,NA,NA,NA,NA,NA,NA
5/13/2016,cloudy,EK,208,FR,FL,1,PP,L,A,36.1,NA,NA,NA,NA,NA,NA
5/13/2016,cloudy,EK,208,FR,FL,2,PP,L,NA,4,NA,NA,NA,NA,NA,NA
5/13/2016,cloudy,EK,208,FR,FL,3,PP,L,A,25,NA,NA,NA,NA,NA,NA
5/13/2016,cloudy,EK,208,FR,FL,4,PP,2,P,29.4,E,NE, 1/1,3,3.4,3.2
5/13/2016,cloudy,EK,208,FR,FL,5,PP,L,A,26.5,NA,NA,NA,NA,NA,NA
5/13/2016,cloudy,EK,208,FR,FL,6,PP,2,A,22.8,NA,NA,NA,NA,NA,NA
5/13/2016,cloudy,EK,208,FR,FL,7,PP,L,NA,6,NA,NA,NA,NA,NA,NA
5/13/2016,cloudy,EK,208,FR,FL,8,PP,L,A,35.5,NA,NA,NA,NA,NA,NA
5/13/2016,cloudy,EK,208,FR,FL,9,PP,L,A,22.6,NA,NA,NA,NA,NA,NA
5/13/2016,cloudy,EK,208,FR,FL,10,PP,L,A,23.3,NA,NA,NA,NA,NA,NA
5/13/2016,cloudy,EK,208,FR,FL,11,PP,L,A,29.6,NA,NA,NA,NA,NA,NA
5/13/2016,cloudy,EK,208,FR,FL,12,PP,L,A,35.8,NA,NA,NA,NA,NA,NA
5/13/2016,cloudy,EK,208,FR,FL,13,PP,L,A,32.3,NA,NA,NA,NA,NA,NA
5/13/2016,cloudy,EK,208,FR,FL,14,PP,L,NA,6,NA,NA,NA,NA,NA,NA
5/13/2016,cloudy,EK,208,FR,FL,15,PP,L,NA,4,NA,NA,NA,NA,NA,NA
5/13/2016,cloudy,EK,208,FR,FL,16,PP,L,NA,3.1,NA,NA,NA,NA,NA,NA
5/13/2016,cloudy,EK,208,FR,FL,17,PP,L,NA,2.4,NA,NA,NA,NA,NA,NA
5/13/2016,cloudy,EK,208,FR,FL,18,PP,L,NA,2.7,NA,NA,NA,NA,NA,NA
5/13/2016,cloudy,EK,208,FR,FL,19,PP,L,NA,2.2,NA,NA,NA,NA,NA,NA
5/13/2016,cloudy,EK,208,FR,FL,20,PP,L,NA,5.3,NA,NA,NA,NA,NA,NA
5/13/2016,cloudy,EK,208,FR,FL,21,PP,L,NA,4.2,NA,NA,NA,NA,NA,NA
5/13/2016,cloudy,EK,208,FR,FL,22,PP,L,NA,4.7,NA,NA,NA,NA,NA,NA
5/13/2016,cloudy,EK,208,FR,FL,23,PP,4,P,30.5,N,N, 1/4,0.1,0.1,0.1
5/13/2016,cloudy,EK,208,FR,FL,24,PP,L,NA,2,NA,NA,NA,NA,NA,NA
5/13/2016,cloudy,EK,208,FR,FL,25,PP,L,A,40,NA,NA,NA,NA,NA,NA
5/13/2016,cloudy,EK,208,FR,FL,26,PP,3,A,20,NA,NA,NA,NA,NA,NA
5/13/2016,cloudy,EK,208,FR,FL,27,PP,L,NA,2.2,NA,NA,NA,NA,NA,NA
5/13/2016,cloudy,EK,208,FR,FL,28,PP,L,NA,2.5,NA,NA,NA,NA,NA,NA
5/13/2016,cloudy,EK,208,FR,FL,29,PP,L,NA,3.3,NA,NA,NA,NA,NA,NA
5/13/2016,cloudy,EK,208,FR,FL,30,PP,L,A,31.8,NA,NA,NA,NA,NA,NA
5/13/2016,cloudy,EK,208,FR,FL,31,PP,L,NA,2.5,NA,NA,NA,NA,NA,NA
5/17/2016,sunny,EK,209,FR,FL,1,PP,4,A,34.9,NA,NA,NA,NA,NA,NA
5/17/2016,sunny,EK,209,FR,FL,2,PP,4,P,34,E,E, 2/6,0.68,0.68,0.68
5/17/2016,sunny,EK,209,FR,FL,3,PP,4,P,34.5,N,NW, 2/6,0,0,0
5/17/2016,sunny,EK,209,FR,FL,4,PP,5,A,25.2,NA,NA,NA,NA,NA,NA
19/5/16,Sunny,EK,210,FR,FL,NA,NA,NA,NA,NA,NA,NA,NA,NA,NA,NA
5/17/2016,sunny,EK,211,FR,GB,NA,NA,NA,NA,NA,NA,NA,NA,NA,NA,NA
5/17/2016,sunny,EK,212,FR,GB,NA,NA,NA,NA,NA,NA,NA,NA,NA,NA,NA
5/13/2016,cloudy,TD,213,FR,GB,NA,NA,NA,NA,NA,NA,NA,NA,NA,NA,NA
18/5/16,Sunny,EK,214,FR,GB,NA,NA,NA,NA,NA,NA,NA,NA,NA,NA,NA
18/5/16,Sunny,EK,215,FR,FL,1,PP,L,A,37.9,NA,NA,NA,NA,NA,NA
18/5/16,Sunny,EK,215,FR,FL,2,PP,L,A,15.8,NA,NA,NA,NA,NA,NA
18/5/16,Sunny,EK,215,FR,FL,3,PP,L,A,31.7,NA,NA,NA,NA,NA,NA
18/5/16,Sunny,EK,215,FR,FL,4,PP,L,A,42.4,NA,NA,NA,NA,NA,NA
18/5/16,Sunny,EK,215,FR,FL,5,PP,L,A,33.1,NA,NA,NA,NA,NA,NA
18/5/16,Sunny,EK,215,FR,FL,6,PP,L,A,16.3,NA,NA,NA,NA,NA,NA
18/5/16,Sunny,EK,215,FR,FL,7,PP,L,A,37.8,NA,NA,NA,NA,NA,NA
18/5/16,Sunny,EK,215,FR,FL,8,PP,L,A,11.5,NA,NA,NA,NA,NA,NA
18/5/16,Sunny,EK,215,FR,FL,9,PP,L,A,23.7,NA,NA,NA,NA,NA,NA
6/17/2016,Sunny,SN,216,FR,FM,1,PP,L,A,28.8,NA,NA,NA,NA,NA,NA
6/17/2016,Sunny,SN,216,FR,FM,2,PP,L,NA,3.4,NA,NA,NA,NA,NA,NA
6/17/2016,Sunny,SN,216,FR,FM,3,PP,L,NA,3.4,NA,NA,NA,NA,NA,NA
6/17/2016,Sunny,SN,216,FR,FM,4,PP,L,A,27.7,NA,NA,NA,NA,NA,NA
6/17/2016,Sunny,SN,216,FR,FM,5,PP,L,NA,4.2,NA,NA,NA,NA,NA,NA
6/17/2016,Sunny,SN,216,FR,FM,6,PP,L,A,53.5,NA,NA,NA,NA,NA,NA
6/17/2016,Sunny,SN,216,FR,FM,7,PP,L,NA,4,NA,NA,NA,NA,NA,NA
6/17/2016,Sunny,SN,216,FR,FM,8,PP,L,NA,2.6,NA,NA,NA,NA,NA,NA
6/17/2016,Sunny,SN,216,FR,FM,9,PP,L,NA,4.7,NA,NA,NA,NA,NA,NA
6/17/2016,Sunny,SN,216,FR,FM,10,PP,L,NA,2,NA,NA,NA,NA,NA,NA
6/17/2016,sunny,SN,216,FR,FM,11,PP,L,NA,3.2,NA,NA,NA,NA,NA,NA
6/17/2016,sunny,SN,216,FR,FM,12,PP,1,NA,2.5,NA,NA,NA,NA,NA,NA
6/15/2016,Sunny,SN,217,FR,FH,1,PP,5,P,39.5,N,W, 3/36,1.5,1.5,1.5
6/17/2016,sunny,SN,218,FR,GB,NA,NA,NA,NA,NA,NA,NA,NA,NA,NA,NA
6/16/2016,Sunny,SN,219,FR,FL,NA,NA,NA,NA,NA,NA,NA,NA,NA,NA,NA
20/5/16,Sunny,SN,300,FR,FU,1,PP,L,A,17.8,NA,NA,NA,NA,NA,NA
20/5/16,Sunny,SN,300,FR,FU,2,PP,L,A,21.4,NA,NA,NA,NA,NA,NA
23/5/17,Sunny,SN,300,FR,FU,3,PP,L,A,32.4,NA,NA,NA,NA,NA,NA
20/5/16,Sunny,SN,300,FR,FU,4,PP,1,A,18.4,NA,NA,NA,NA,NA,NA
20/5/16,Sunny,SN,300,FR,FU,5,PP,L,A,29.3,NA,NA,NA,NA,NA,NA
20/5/16,Sunny,SN,300,FR,FU,6,PP,L,A,31,NA,NA,NA,NA,NA,NA
20/5/16,Sunny,SN,300,FR,FU,7,PP,L,A,24.3,NA,NA,NA,NA,NA,NA
20/5/16,Sunny,SN,300,FR,FU,8,PP,L,A,21.2,NA,NA,NA,NA,NA,NA
20/5/16,Sunny,SN,300,FR,FU,9,PP,L,A,35,NA,NA,NA,NA,NA,NA
20/5/16,Sunny,SN,300,FR,FU,10,PP,L,A,47.9,NA,NA,NA,NA,NA,NA
20/5/16,Sunny,SN,300,FR,FU,11,PP,L,A,17,NA,NA,NA,NA,NA,NA
20/5/16,Sunny,SN,300,FR,FU,12,PP,L,A,31.9,NA,NA,NA,NA,NA,NA
20/5/16,Sunny,SN,300,FR,FU,13,PP,L,A,35.6,NA,NA,NA,NA,NA,NA
20/5/16,Sunny,SN,300,FR,FU,14,PP,L,A,23.6,NA,NA,NA,NA,NA,NA
20/5/16,Sunny,SN,300,FR,FU,15,PP,L,A,15,NA,NA,NA,NA,NA,NA
20/5/16,Sunny,SN,300,FR,FU,16,PP,L,A,25.3,NA,NA,NA,NA,NA,NA
20/5/16,Sunny,SN,300,FR,FU,17,PP,L,A,25.7,NA,NA,NA,NA,NA,NA
20/5/16,Sunny,SN,300,FR,FU,18,PP,L,A,19.2,NA,NA,NA,NA,NA,NA
20/5/16,Sunny,SN,300,FR,FU,19,PP,L,A,21.7,NA,NA,NA,NA,NA,NA
20/5/16,Sunny,SN,300,FR,FU,20,PP,L,A,25,NA,NA,NA,NA,NA,NA
20/5/16,Sunny,SN,300,FR,FU,21,PP,L,A,18.8,NA,NA,NA,NA,NA,NA
20/5/16,Sunny,SN,300,FR,FU,22,PP,L,A,20.4,NA,NA,NA,NA,NA,NA
20/5/16,Sunny,SN,300,FR,FU,23,PP,L,A,14.4,NA,NA,NA,NA,NA,NA
20/5/16,Sunny,SN,300,FR,FU,24,PP,L,A,15,NA,NA,NA,NA,NA,NA
20/5/16,Sunny,SN,300,FR,FU,25,PP,L,A,26.1,NA,NA,NA,NA,NA,NA
20/5/16,Sunny,SN,300,FR,FU,26,PP,L,A,33.6,NA,NA,NA,NA,NA,NA
20/5/16,Sunny,SN,300,FR,FU,27,PP,L,A,28,NA,NA,NA,NA,NA,NA
20/5/16,Sunny,SN,300,FR,FU,28,PP,L,A,17,NA,NA,NA,NA,NA,NA
20/5/16,Sunny,SN,300,FR,FU,29,PP,L,A,29.7,NA,NA,NA,NA,NA,NA
20/5/16,Sunny,SN,300,FR,FU,30,PP,L,A,16.5,NA,NA,NA,NA,NA,NA
20/5/16,Sunny,SN,300,FR,FU,31,PP,L,A,13.1,NA,NA,NA,NA,NA,NA
20/5/16,Sunny,SN,300,FR,FU,32,PP,L,A,13.7,NA,NA,NA,NA,NA,NA
20/5/16,Sunny,SN,300,FR,FU,33,PP,L,A,21.2,NA,NA,NA,NA,NA,NA
20/5/16,Sunny,SN,300,FR,FU,34,PP,L,A,15,NA,NA,NA,NA,NA,NA
20/5/16,Sunny,SN,300,FR,FU,35,PP,L,A,10.5,NA,NA,NA,NA,NA,NA
20/5/16,Sunny,SN,300,FR,FU,36,PP,L,NA,8.4,NA,NA,NA,NA,NA,NA
20/5/16,Sunny,SN,300,FR,FU,37,PP,L,A,24.2,NA,NA,NA,NA,NA,NA
20/5/16,Sunny,SN,300,FR,FU,38,PP,L,A,25.6,NA,NA,NA,NA,NA,NA
20/5/16,Sunny,SN,300,FR,FU,39,PP,1,NA,8.2,NA,NA,NA,NA,NA,NA
20/5/16,Sunny,SN,300,FR,FU,40,PP,L,A,22,NA,NA,NA,NA,NA,NA
20/5/16,Sunny,SN,300,FR,FU,41,PP,L,A,13.7,NA,NA,NA,NA,NA,NA
20/5/16,Sunny,SN,300,FR,FU,42,PP,L,A,35,NA,NA,NA,NA,NA,NA
20/5/16,Sunny,SN,300,FR,FU,43,PP,L,NA,5.3,NA,NA,NA,NA,NA,NA
20/5/16,Sunny,SN,300,FR,FU,44,PP,L,A,14.4,NA,NA,NA,NA,NA,NA
20/5/16,Sunny,SN,300,FR,FU,45,PP,L,A,47.2,NA,NA,NA,NA,NA,NA
20/5/16,Sunny,SN,300,FR,FU,46,PP,L,A,16.4,NA,NA,NA,NA,NA,NA
20/5/16,Sunny,SN,300,FR,FU,47,PP,L,A,16.5,NA,NA,NA,NA,NA,NA
20/5/16,Sunny,SN,300,FR,FU,48,PP,1,NA,6.5,NA,NA,NA,NA,NA,NA
20/5/16,Sunny,SN,300,FR,FU,49,PP,L,A,23.6,NA,NA,NA,NA,NA,NA
20/5/16,Sunny,SN,300,FR,FU,50,PP,L,A,18.8,NA,NA,NA,NA,NA,NA
20/5/16,Sunny,SN,300,FR,FU,51,PP,L,NA,9.5,NA,NA,NA,NA,NA,NA
20/5/16,Sunny,SN,300,FR,FU,52,PP,L,A,18.8,NA,NA,NA,NA,NA,NA
20/5/16,Sunny,SN,300,FR,FU,53,PP,L,A,28.9,NA,NA,NA,NA,NA,NA
20/5/16,Sunny,SN,300,FR,FU,54,PP,L,A,33.5,NA,NA,NA,NA,NA,NA
20/5/16,Sunny,SN,300,FR,FU,55,PP,L,NA,9.2,NA,NA,NA,NA,NA,NA
5/20/2016,sunny,EK,300,FR,FU,56,PP,L,A,10.5,NA,NA,NA,NA,NA,NA
5/20/2016,sunny,EK,300,FR,FU,57,PP,L,A,14.4,NA,NA,NA,NA,NA,NA
5/20/2016,sunny,EK,300,FR,FU,58,PP,L,A,12.7,NA,NA,NA,NA,NA,NA
5/20/2016,sunny,EK,300,FR,FU,59,PP,L,A,15,NA,NA,NA,NA,NA,NA
5/20/2016,sunny,EK,300,FR,FU,60,PP,L,A,17.5,NA,NA,NA,NA,NA,NA
5/20/2016,sunny,EK,300,FR,FU,61,PP,L,A,25.1,NA,NA,NA,NA,NA,NA
5/20/2016,sunny,EK,300,FR,FU,62,PP,1,NA,9.8,NA,NA,NA,NA,NA,NA
5/20/2016,sunny,EK,300,FR,FU,63,PP,1,NA,3.6,NA,NA,NA,NA,NA,NA
5/20/2016,sunny,EK,300,FR,FU,64,PP,L,A,19.7,NA,NA,NA,NA,NA,NA
5/20/2016,sunny,EK,300,FR,FU,65,PP,L,A,13.3,NA,NA,NA,NA,NA,NA
5/20/2016,sunny,EK,300,FR,FU,66,PP,L,A,11.8,NA,NA,NA,NA,NA,NA
5/20/2016,sunny,EK,300,FR,FU,67,PP,L,NA,7.6,NA,NA,NA,NA,NA,NA
5/20/2016,sunny,EK,300,FR,FU,68,PP,L,A,20.3,NA,NA,NA,NA,NA,NA
5/20/2016,sunny,EK,300,FR,FU,69,PP,L,A,15.8,NA,NA,NA,NA,NA,NA
5/20/2016,sunny,EK,300,FR,FU,70,PP,L,A,25.2,NA,NA,NA,NA,NA,NA
5/20/2016,sunny,EK,300,FR,FU,71,PP,2,NA,2,NA,NA,NA,NA,NA,NA
5/20/2016,sunny,EK,300,FR,FU,72,PP,L,A,24,NA,NA,NA,NA,NA,NA
5/20/2016,sunny,EK,300,FR,FU,73,PP,1,A,14.3,NA,NA,NA,NA,NA,NA
5/20/2016,sunny,EK,300,FR,FU,74,PP,L,A,27.7,NA,NA,NA,NA,NA,NA
5/20/2016,sunny,EK,300,FR,FU,75,PP,L,A,31,NA,NA,NA,NA,NA,NA
5/20/2016,sunny,EK,300,FR,FU,76,PP,L,A,21,NA,NA,NA,NA,NA,NA
5/20/2016,sunny,EK,300,FR,FU,77,PP,L,A,20,NA,NA,NA,NA,NA,NA
5/20/2016,sunny,EK,300,FR,FU,78,PP,L,A,19.2,NA,NA,NA,NA,NA,NA
5/20/2016,sunny,EK,300,FR,FU,79,PP,L,A,15.6,NA,NA,NA,NA,NA,NA
5/20/2016,sunny,EK,300,FR,FU,80,PP,L,A,22.6,NA,NA,NA,NA,NA,NA
5/20/2016,sunny,EK,300,FR,FU,81,PP,L,A,36.4,NA,NA,NA,NA,NA,NA
5/20/2016,sunny,EK,300,FR,FU,82,PP,L,A,18,NA,NA,NA,NA,NA,NA
5/20/2016,sunny,EK,300,FR,FU,83,PP,L,A,20.5,NA,NA,NA,NA,NA,NA
5/20/2016,sunny,EK,300,FR,FU,84,PP,L,A,26.5,NA,NA,NA,NA,NA,NA
5/20/2016,sunny,EK,300,FR,FU,85,PP,L,A,35.6,NA,NA,NA,NA,NA,NA
5/20/2016,sunny,EK,300,FR,FU,86,PP,L,A,30.4,NA,NA,NA,NA,NA,NA
5/20/2016,sunny,EK,300,FR,FU,87,PP,L,A,41.2,NA,NA,NA,NA,NA,NA
5/20/2016,sunny,EK,300,FR,FU,88,PP,L,A,14.2,NA,NA,NA,NA,NA,NA
19/5/16,Sunny,EK,301,FR,FU,1,PP,L,A,21.4,NA,NA,NA,NA,NA,NA
19/5/16,Sunny,EK,301,FR,FU,2,PP,L,A,15.8,NA,NA,NA,NA,NA,NA
19/5/16,Sunny,EK,301,FR,FU,3,PP,L,A,17.3,NA,NA,NA,NA,NA,NA
19/5/16,Sunny,EK,301,FR,FU,4,PP,L,A,19.4,NA,NA,NA,NA,NA,NA
20/5/16,Sunny,SN,301,FR,FU,5,PP,L,A,32,NA,NA,NA,NA,NA,NA
20/5/16,Sunny,SN,301,FR,FU,6,PP,L,A,22.3,NA,NA,NA,NA,NA,NA
20/5/16,Sunny,SN,301,FR,FU,7,PP,L,A,20.7,NA,NA,NA,NA,NA,NA
20/5/16,Sunny,SN,301,FR,FU,8,PP,L,A,28.6,NA,NA,NA,NA,NA,NA
20/5/16,Sunny,SN,301,FR,FU,9,PP,3,NA,5.5,NA,NA,NA,NA,NA,NA
20/5/16,Sunny,SN,301,FR,FU,10,PP,L,A,26,NA,NA,NA,NA,NA,NA
20/5/16,Sunny,SN,301,FR,FU,11,PP,L,A,11.1,NA,NA,NA,NA,NA,NA
20/5/16,Sunny,SN,301,FR,FU,12,PP,L,A,31,NA,NA,NA,NA,NA,NA
20/5/16,Sunny,SN,301,FR,FU,13,PP,L,A,25.4,NA,NA,NA,NA,NA,NA
20/5/16,Sunny,SN,301,FR,FU,14,PP,L,A,14.1,NA,NA,NA,NA,NA,NA
20/5/16,Sunny,SN,301,FR,FU,15,PP,L,A,21,NA,NA,NA,NA,NA,NA
20/5/16,Sunny,SN,301,FR,FU,16,PP,L,A,17.5,NA,NA,NA,NA,NA,NA
20/5/16,Sunny,SN,301,FR,FU,17,PP,L,A,14.6,NA,NA,NA,NA,NA,NA
20/5/16,Sunny,SN,301,FR,FU,18,PP,L,A,11,NA,NA,NA,NA,NA,NA
20/5/16,Sunny,SN,301,FR,FU,19,PP,L,A,30.2,NA,NA,NA,NA,NA,NA
20/5/16,Sunny,SN,301,FR,FU,20,PP,L,A,13.8,NA,NA,NA,NA,NA,NA
20/5/16,Sunny,SN,301,FR,FU,21,PP,L,A,17.7,NA,NA,NA,NA,NA,NA
20/5/16,Sunny,SN,301,FR,FU,22,PP,L,A,22.8,NA,NA,NA,NA,NA,NA
20/5/16,Sunny,SN,301,FR,FU,23,PP,L,A,27.6,NA,NA,NA,NA,NA,NA
20/5/16,Sunny,SN,301,FR,FU,24,PP,L,A,11,NA,NA,NA,NA,NA,NA
20/5/16,Sunny,SN,301,FR,FU,25,PP,L,A,34,NA,NA,NA,NA,NA,NA
20/5/16,Sunny,SN,301,FR,FU,26,PP,L,A,21.4,NA,NA,NA,NA,NA,NA
20/5/16,Sunny,SN,301,FR,FU,27,PP,L,A,13.6,NA,NA,NA,NA,NA,NA
20/5/16,Sunny,SN,301,FR,FU,28,PP,L,A,29.3,NA,NA,NA,NA,NA,NA
20/5/16,Sunny,SN,301,FR,FU,29,PP,L,A,11.1,NA,NA,NA,NA,NA,NA
20/5/16,Sunny,SN,301,FR,FU,30,PP,L,A,24.4,NA,NA,NA,NA,NA,NA
20/5/16,Sunny,SN,301,FR,FU,31,PP,L,A,22.6,NA,NA,NA,NA,NA,NA
20/5/16,Sunny,SN,301,FR,FU,32,PP,L,A,25,NA,NA,NA,NA,NA,NA
20/5/16,Sunny,SN,301,FR,FU,33,PP,L,A,15,NA,NA,NA,NA,NA,NA
20/5/16,Sunny,SN,301,FR,FU,34,PP,L,A,28.5,NA,NA,NA,NA,NA,NA
20/5/16,Sunny,SN,301,FR,FU,35,PP,L,A,21.1,NA,NA,NA,NA,NA,NA
20/5/16,Sunny,SN,301,FR,FU,36,PP,L,A,14,NA,NA,NA,NA,NA,NA
20/5/16,Sunny,SN,301,FR,FU,37,PP,L,A,32.6,NA,NA,NA,NA,NA,NA
20/5/16,Sunny,SN,301,FR,FU,38,PP,L,A,17,NA,NA,NA,NA,NA,NA
20/5/16,Sunny,SN,301,FR,FU,39,PP,L,A,29.2,NA,NA,NA,NA,NA,NA
20/5/16,Sunny,SN,301,FR,FU,40,PP,L,A,25,NA,NA,NA,NA,NA,NA
20/5/16,Sunny,SN,301,FR,FU,41,PP,L,A,18.9,NA,NA,NA,NA,NA,NA
20/5/16,Sunny,SN,301,FR,FU,42,PP,L,A,30.4,NA,NA,NA,NA,NA,NA
20/5/16,Sunny,SN,301,FR,FU,43,PP,L,A,28.1,NA,NA,NA,NA,NA,NA
20/5/16,Sunny,SN,301,FR,FU,44,PP,L,A,22.4,NA,NA,NA,NA,NA,NA
20/5/16,Sunny,SN,301,FR,FU,45,PP,L,A,16.2,NA,NA,NA,NA,NA,NA
20/5/16,Sunny,SN,301,FR,FU,46,PP,L,A,31.2,NA,NA,NA,NA,NA,NA
20/5/16,Sunny,SN,301,FR,FU,47,PP,L,NA,2.5,NA,NA,NA,NA,NA,NA
20/5/16,Sunny,SN,301,FR,FU,48,PP,L,A,20.7,NA,NA,NA,NA,NA,NA
20/5/16,Sunny,SN,301,FR,FU,49,PP,L,A,27.2,NA,NA,NA,NA,NA,NA
20/5/16,Sunny,SN,301,FR,FU,50,PP,L,A,38,NA,NA,NA,NA,NA,NA
20/5/16,Sunny,SN,301,FR,FU,51,PP,L,A,19.7,NA,NA,NA,NA,NA,NA
20/5/16,Sunny,SN,301,FR,FU,52,PP,L,A,26.8,NA,NA,NA,NA,NA,NA
20/5/16,Sunny,SN,301,FR,FU,53,PP,L,A,19.1,NA,NA,NA,NA,NA,NA
20/5/16,Sunny,SN,301,FR,FU,54,PP,L,A,20.8,NA,NA,NA,NA,NA,NA
20/5/16,Sunny,SN,301,FR,FU,55,PP,L,A,28,NA,NA,NA,NA,NA,NA
20/5/16,Sunny,SN,301,FR,FU,56,PP,L,A,21,NA,NA,NA,NA,NA,NA
20/5/16,Sunny,SN,301,FR,FU,57,PP,L,A,22.5,NA,NA,NA,NA,NA,NA
20/5/16,Sunny,SN,301,FR,FU,58,PP,L,A,16.9,NA,NA,NA,NA,NA,NA
20/5/16,Sunny,SN,301,FR,FU,59,PP,L,A,35.8,NA,NA,NA,NA,NA,NA
20/5/16,Sunny,SN,301,FR,FU,60,PP,L,A,13,NA,NA,NA,NA,NA,NA
20/5/16,Sunny,SN,301,FR,FU,61,PP,L,A,19.6,NA,NA,NA,NA,NA,NA
20/5/16,Sunny,SN,301,FR,FU,62,PP,L,A,12.7,NA,NA,NA,NA,NA,NA
20/5/16,Sunny,EK,301,FR,FU,63,PP,L,A,28.2,NA,NA,NA,NA,NA,NA
20/5/16,Sunny,EK,301,FR,FU,64,PP,L,A,28.7,NA,NA,NA,NA,NA,NA
20/5/16,Sunny,EK,301,FR,FU,65,PP,L,A,19.7,NA,NA,NA,NA,NA,NA
5/20/2016,sunny,SN,302,FR,FU,1,PP,L,NA,8.7,NA,NA,NA,NA,NA,NA
5/20/2016,sunny,SN,302,FR,FU,2,PP,L,A,11,NA,NA,NA,NA,NA,NA
5/20/2016,sunny,SN,302,FR,FU,3,PP,L,NA,6.8,NA,NA,NA,NA,NA,NA
5/20/2016,sunny,SN,302,FR,FU,4,PP,L,NA,6.2,NA,NA,NA,NA,NA,NA
5/20/2016,sunny,SN,302,FR,FU,5,PP,L,A,41.3,NA,NA,NA,NA,NA,NA
5/20/2016,sunny,SN,302,FR,FU,6,PP,L,NA,7.8,NA,NA,NA,NA,NA,NA
5/20/2016,sunny,SN,302,FR,FU,7,PP,L,NA,2.7,NA,NA,NA,NA,NA,NA
5/20/2016,sunny,SN,302,FR,FU,8,PP,L,NA,7,NA,NA,NA,NA,NA,NA
5/20/2016,sunny,SN,302,FR,FU,9,PP,L,NA,4,NA,NA,NA,NA,NA,NA
5/20/2016,sunny,SN,302,FR,FU,10,PP,L,A,30.4,NA,NA,NA,NA,NA,NA
5/20/2016,sunny,SN,302,FR,FU,11,PP,L,NA,2.6,NA,NA,NA,NA,NA,NA
5/20/2016,sunny,SN,302,FR,FU,12,PP,L,NA,7.2,NA,NA,NA,NA,NA,NA
5/20/2016,sunny,SN,302,FR,FU,13,PP,L,NA,4.9,NA,NA,NA,NA,NA,NA
5/20/2016,sunny,SN,302,FR,FU,14,PP,L,NA,2.1,NA,NA,NA,NA,NA,NA
5/20/2016,sunny,SN,302,FR,FU,15,PP,L,A,10.2,NA,NA,NA,NA,NA,NA
5/20/2016,sunny,SN,302,FR,FU,16,PP,L,NA,6,NA,NA,NA,NA,NA,NA
5/20/2016,sunny,SN,302,FR,FU,17,PP,L,NA,5.5,NA,NA,NA,NA,NA,NA
5/20/2016,sunny,SN,302,FR,FU,18,PP,L,NA,6.5,NA,NA,NA,NA,NA,NA
5/20/2016,sunny,SN,302,FR,FU,19,PP,L,NA,5.9,NA,NA,NA,NA,NA,NA
5/20/2016,sunny,SN,302,FR,FU,20,PP,L,A,29.8,NA,NA,NA,NA,NA,NA
5/20/2016,sunny,SN,302,FR,FU,21,PP,L,A,11.2,NA,NA,NA,NA,NA,NA
5/20/2016,sunny,SN,302,FR,FU,22,PP,L,A,11.5,NA,NA,NA,NA,NA,NA
5/20/2016,sunny,SN,302,FR,FU,23,PP,L,A,11.5,NA,NA,NA,NA,NA,NA
5/20/2016,sunny,SN,302,FR,FU,24,PP,L,A,10.9,NA,NA,NA,NA,NA,NA
5/20/2016,sunny,SN,302,FR,FU,25,PP,L,A,14.2,NA,NA,NA,NA,NA,NA
5/20/2016,sunny,SN,302,FR,FU,26,PP,L,A,11.8,NA,NA,NA,NA,NA,NA
5/20/2016,sunny,SN,302,FR,FU,27,PP,L,NA,4.6,NA,NA,NA,NA,NA,NA
5/20/2016,sunny,SN,302,FR,FU,28,PP,L,A,12.2,NA,NA,NA,NA,NA,NA
5/20/2016,sunny,SN,302,FR,FU,29,PP,L,A,17.4,NA,NA,NA,NA,NA,NA
5/20/2016,sunny,SN,302,FR,FU,30,PP,L,NA,4.7,NA,NA,NA,NA,NA,NA
5/20/2016,sunny,SN,302,FR,FU,31,PP,L,NA,8.7,NA,NA,NA,NA,NA,NA
5/20/2016,sunny,SN,302,FR,FU,32,PP,L,NA,9.9,NA,NA,NA,NA,NA,NA
5/20/2016,sunny,SN,302,FR,FU,33,PP,L,NA,6,NA,NA,NA,NA,NA,NA
5/20/2016,sunny,SN,302,FR,FU,34,PP,L,A,15.4,NA,NA,NA,NA,NA,NA
5/20/2016,sunny,SN,302,FR,FU,35,PP,L,NA,5.7,NA,NA,NA,NA,NA,NA
5/20/2016,sunny,SN,302,FR,FU,36,PP,L,NA,9.4,NA,NA,NA,NA,NA,NA
5/20/2016,sunny,SN,302,FR,FU,37,PP,L,NA,9,NA,NA,NA,NA,NA,NA
5/20/2016,sunny,SN,302,FR,FU,38,PP,L,A,18.8,NA,NA,NA,NA,NA,NA
5/20/2016,sunny,SN,302,FR,FU,39,PP,L,NA,9.5,NA,NA,NA,NA,NA,NA
5/20/2016,sunny,SN,302,FR,FU,40,PP,L,A,15.1,NA,NA,NA,NA,NA,NA
5/20/2016,sunny,SN,302,FR,FU,41,PP,L,A,13.8,NA,NA,NA,NA,NA,NA
5/20/2016,sunny,SN,302,FR,FU,42,PP,L,A,10.2,NA,NA,NA,NA,NA,NA
5/20/2016,sunny,SN,302,FR,FU,43,PP,1,A,15.4,NA,NA,NA,NA,NA,NA
5/20/2016,sunny,SN,302,FR,FU,44,PP,L,A,14.3,NA,NA,NA,NA,NA,NA
5/20/2016,sunny,SN,302,FR,FU,45,PP,L,NA,7.8,NA,NA,NA,NA,NA,NA
5/20/2016,sunny,SN,302,FR,FU,46,PP,L,A,11.4,NA,NA,NA,NA,NA,NA
5/20/2016,sunny,SN,302,FR,FU,47,PP,L,NA,9.5,NA,NA,NA,NA,NA,NA
5/20/2016,sunny,SN,302,FR,FU,48,PP,L,NA,9.3,NA,NA,NA,NA,NA,NA
5/20/2016,sunny,SN,302,FR,FU,49,PP,L,NA,8,NA,NA,NA,NA,NA,NA
5/20/2016,sunny,SN,302,FR,FU,50,PP,L,NA,9,NA,NA,NA,NA,NA,NA
5/20/2016,sunny,SN,302,FR,FU,51,PP,L,A,12,NA,NA,NA,NA,NA,NA
5/20/2016,sunny,SN,302,FR,FU,52,PP,L,A,36.7,NA,NA,NA,NA,NA,NA
5/20/2016,sunny,SN,302,FR,FU,53,PP,L,NA,5.5,NA,NA,NA,NA,NA,NA
5/20/2016,sunny,SN,302,FR,FU,54,PP,L,NA,9.7,NA,NA,NA,NA,NA,NA
5/20/2016,sunny,SN,302,FR,FU,55,PP,L,A,11.4,NA,NA,NA,NA,NA,NA
5/20/2016,sunny,SN,302,FR,FU,56,PP,L,A,15,NA,NA,NA,NA,NA,NA
5/20/2016,sunny,SN,302,FR,FU,57,PP,1,NA,5.1,NA,NA,NA,NA,NA,NA
5/20/2016,sunny,SN,302,FR,FU,58,PP,L,A,10.2,NA,NA,NA,NA,NA,NA
5/20/2016,sunny,SN,302,FR,FU,59,PP,L,NA,8.8,NA,NA,NA,NA,NA,NA
5/20/2016,sunny,SN,302,FR,FU,60,PP,L,NA,6.3,NA,NA,NA,NA,NA,NA
5/20/2016,sunny,SN,302,FR,FU,61,PP,L,NA,9,NA,NA,NA,NA,NA,NA
5/20/2016,sunny,SN,302,FR,FU,62,PP,L,A,19.3,NA,NA,NA,NA,NA,NA
5/20/2016,sunny,SN,302,FR,FU,63,PP,L,A,17.4,NA,NA,NA,NA,NA,NA
5/20/2016,sunny,SN,302,FR,FU,64,PP,L,NA,5.1,NA,NA,NA,NA,NA,NA
5/20/2016,sunny,SN,302,FR,FU,65,PP,L,A,11.3,NA,NA,NA,NA,NA,NA
5/20/2016,sunny,SN,302,FR,FU,66,PP,L,A,13.2,NA,NA,NA,NA,NA,NA
5/20/2016,sunny,SN,302,FR,FU,67,PP,L,A,10.4,NA,NA,NA,NA,NA,NA
5/20/2016,sunny,SN,302,FR,FU,68,PP,L,NA,6.4,NA,NA,NA,NA,NA,NA
5/20/2016,sunny,SN,302,FR,FU,69,PP,3,A,13.9,NA,NA,NA,NA,NA,NA
5/20/2016,sunny,SN,302,FR,FU,70,PP,L,A,14,NA,NA,NA,NA,NA,NA
5/20/2016,sunny,SN,302,FR,FU,71,PP,2,A,10.5,NA,NA,NA,NA,NA,NA
5/20/2016,sunny,SN,302,FR,FU,72,PP,L,A,25,NA,NA,NA,NA,NA,NA
5/20/2016,sunny,SN,302,FR,FU,73,PP,L,A,18.2,NA,NA,NA,NA,NA,NA
5/20/2016,sunny,SN,302,FR,FU,74,PP,L,A,14.6,NA,NA,NA,NA,NA,NA
5/20/2016,sunny,SN,302,FR,FU,75,PP,L,NA,5.5,NA,NA,NA,NA,NA,NA
5/20/2016,sunny,SN,302,FR,FU,76,PP,L,NA,5,NA,NA,NA,NA,NA,NA
5/20/2016,sunny,SN,302,FR,FU,77,PP,L,A,12.1,NA,NA,NA,NA,NA,NA
5/20/2016,sunny,SN,302,FR,FU,78,PP,L,A,15.9,NA,NA,NA,NA,NA,NA
5/20/2016,sunny,SN,302,FR,FU,79,PP,L,A,45.8,NA,NA,NA,NA,NA,NA
5/20/2016,sunny,SN,302,FR,FU,80,PP,L,A,26,NA,NA,NA,NA,NA,NA
5/20/2016,sunny,SN,302,FR,FU,81,PP,L,A,18.5,NA,NA,NA,NA,NA,NA
5/20/2016,sunny,SN,302,FR,FU,82,PP,L,A,10.5,NA,NA,NA,NA,NA,NA
20/5/16,Sunny,SN,302,FR,FU,84,PP,L,A,26.8,NA,NA,NA,NA,NA,NA
20/5/16,Sunny,SN,302,FR,FU,85,PP,L,NA,7.3,NA,NA,NA,NA,NA,NA
20/5/16,Sunny,SN,302,FR,FU,86,PP,L,A,22.3,NA,NA,NA,NA,NA,NA
20/5/16,Sunny,SN,302,FR,FU,87,PP,L,NA,9.3,NA,NA,NA,NA,NA,NA
20/5/16,Sunny,SN,302,FR,FU,88,PP,L,A,20.4,NA,NA,NA,NA,NA,NA
20/5/16,Sunny,SN,302,FR,FU,89,PP,L,A,17.7,NA,NA,NA,NA,NA,NA
20/5/16,Sunny,SN,302,FR,FU,90,PP,L,A,37,NA,NA,NA,NA,NA,NA
20/5/16,Sunny,SN,302,FR,FU,91,PP,L,A,12,NA,NA,NA,NA,NA,NA
20/5/16,Sunny,SN,302,FR,FU,92,PP,L,NA,5.8,NA,NA,NA,NA,NA,NA
20/5/16,Sunny,SN,302,FR,FU,93,PP,L,NA,21.1,NA,NA,NA,NA,NA,NA
20/5/16,Sunny,SN,302,FR,FU,94,PP,L,A,17.2,NA,NA,NA,NA,NA,NA
20/5/16,Sunny,SN,302,FR,FU,95,PP,1,NA,8.8,NA,NA,NA,NA,NA,NA
20/5/16,Sunny,SN,302,FR,FU,96,PP,L,A,12.1,NA,NA,NA,NA,NA,NA
20/5/16,Sunny,SN,302,FR,FU,97,PP,L,A,21.3,NA,NA,NA,NA,NA,NA
20/5/16,Sunny,SN,302,FR,FU,98,PP,L,NA,7.4,NA,NA,NA,NA,NA,NA
20/5/16,Sunny,SN,302,FR,FU,99,PP,L,NA,9.3,NA,NA,NA,NA,NA,NA
20/5/16,Sunny,SN,302,FR,FU,100,PP,L,NA,8,NA,NA,NA,NA,NA,NA
20/5/16,Sunny,SN,302,FR,FU,101,PP,L,A,13.9,NA,NA,NA,NA,NA,NA
20/5/16,Sunny,SN,302,FR,FU,102,PP,L,A,22,NA,NA,NA,NA,NA,NA
20/5/16,Sunny,SN,302,FR,FU,103,PP,L,NA,4.2,NA,NA,NA,NA,NA,NA
20/5/16,Sunny,SN,302,FR,FU,104,PP,L,NA,3.4,NA,NA,NA,NA,NA,NA
20/5/16,Sunny,SN,302,FR,FU,105,PP,L,NA,7.9,NA,NA,NA,NA,NA,NA
20/5/16,Sunny,SN,302,FR,FU,106,PP,L,A,29.6,NA,NA,NA,NA,NA,NA
20/5/16,Sunny,SN,302,FR,FU,107,PP,L,NA,7.4,NA,NA,NA,NA,NA,NA
20/5/16,Sunny,SN,302,FR,FU,108,PP,L,NA,1.5,NA,NA,NA,NA,NA,NA
20/5/16,Sunny,SN,302,FR,FU,109,PP,L,NA,3.8,NA,NA,NA,NA,NA,NA
20/5/16,Sunny,SN,302,FR,FU,110,PP,L,A,13.6,NA,NA,NA,NA,NA,NA
20/5/16,Sunny,SN,302,FR,FU,111,PP,L,NA,6.6,NA,NA,NA,NA,NA,NA
20/5/16,Sunny,SN,302,FR,FU,112,PP,L,NA,2.5,NA,NA,NA,NA,NA,NA
20/5/16,Sunny,SN,302,FR,FU,113,PP,L,A,22.3,NA,NA,NA,NA,NA,NA
20/5/16,Sunny,SN,302,FR,FU,114,PP,L,A,44,NA,NA,NA,NA,NA,NA
20/5/16,Sunny,SN,302,FR,FU,115,PP,L,NA,9.6,NA,NA,NA,NA,NA,NA
20/5/16,Sunny,SN,302,FR,FU,116,PP,L,A,14.2,NA,NA,NA,NA,NA,NA
20/5/16,Sunny,SN,302,FR,FU,117,PP,1,NA,10,NA,NA,NA,NA,NA,NA
20/5/16,Sunny,SN,302,FR,FU,118,PP,L,NA,9.2,NA,NA,NA,NA,NA,NA
20/5/16,Sunny,SN,302,FR,FU,119,PP,L,NA,5,NA,NA,NA,NA,NA,NA
20/5/16,Sunny,SN,302,FR,FU,120,PP,L,A,32.7,NA,NA,NA,NA,NA,NA
20/5/16,Sunny,SN,302,FR,FU,121,PP,1,NA,41,NA,NA,NA,NA,NA,NA
20/5/16,Sunny,SN,302,FR,FU,122,PP,L,NA,5.6,NA,NA,NA,NA,NA,NA
20/5/16,Sunny,SN,302,FR,FU,123,PP,L,NA,8.3,NA,NA,NA,NA,NA,NA
20/5/16,Sunny,SN,302,FR,FU,124,PP,L,A,16.4,NA,NA,NA,NA,NA,NA
20/5/16,Sunny,SN,302,FR,FU,125,PP,3,A,10.8,NA,NA,NA,NA,NA,NA
20/5/16,Sunny,SN,302,FR,FU,126,PP,L,NA,7.7,NA,NA,NA,NA,NA,NA
20/5/16,Sunny,SN,302,FR,FU,127,PP,L,A,36.3,NA,NA,NA,NA,NA,NA
20/5/16,Sunny,SN,302,FR,FU,128,PP,L,A,20.1,NA,NA,NA,NA,NA,NA
20/5/16,Sunny,SN,302,FR,FU,129,JUNIPER(U),L,NA,2.5,NA,NA,NA,NA,NA,NA
20/5/16,Sunny,SN,302,FR,FU,130,PP,L,A,11,NA,NA,NA,NA,NA,NA
20/5/16,Sunny,SN,302,FR,FU,131,PP,L,A,23.8,NA,NA,NA,NA,NA,NA
20/5/16,Sunny,SN,302,FR,FU,132,PP,2,A,12.5,NA,NA,NA,NA,NA,NA
20/5/16,Sunny,SN,302,FR,FU,133,PP,2,A,18,NA,NA,NA,NA,NA,NA
20/5/16,Sunny,SN,302,FR,FU,134,PP,L,A,11,NA,NA,NA,NA,NA,NA
20/5/16,Sunny,SN,302,FR,FU,135,JUNIPER(U),L,NA,3.9,NA,NA,NA,NA,NA,NA
20/5/16,Sunny,SN,302,FR,FU,136,PP,L,A,31.3,NA,NA,NA,NA,NA,NA
6/9/2016,sunny,SN,303,FR,FU,1,PP,L,A,12.7,NA,NA,NA,NA,NA,NA
6/9/2016,sunny,SN,303,FR,FU,2,PP,L,A,17.7,NA,NA,NA,NA,NA,NA
6/9/2016,sunny,SN,303,FR,FU,3,PP,L,A,21,NA,NA,NA,NA,NA,NA
6/9/2016,sunny,SN,303,FR,FU,4,PP,L,A,37,NA,NA,NA,NA,NA,NA
6/9/2016,sunny,SN,303,FR,FU,5,PP,L,A,19.3,NA,NA,NA,NA,NA,NA
6/9/2016,sunny,SN,303,FR,FU,6,PP,L,A,12.9,NA,NA,NA,NA,NA,NA
6/9/2016,sunny,SN,303,FR,FU,7,PP,L,A,29.4,NA,NA,NA,NA,NA,NA
6/9/2016,sunny,SN,303,FR,FU,8,PP,1,NA,9.1,NA,NA,NA,NA,NA,NA
6/9/2016,sunny,SN,303,FR,FU,9,PP,L,A,35.2,NA,NA,NA,NA,NA,NA
6/9/2016,sunny,SN,303,FR,FU,10,PP,L,A,27.5,NA,NA,NA,NA,NA,NA
6/9/2016,sunny,SN,303,FR,FU,11,PP,L,A,28.6,NA,NA,NA,NA,NA,NA
6/9/2016,sunny,SN,303,FR,FU,12,PP,L,A,22.2,NA,NA,NA,NA,NA,NA
6/9/2016,sunny,SN,303,FR,FU,13,PP,L,A,27.2,NA,NA,NA,NA,NA,NA
6/9/2016,sunny,SN,303,FR,FU,14,PP,L,A,12.4,NA,NA,NA,NA,NA,NA
6/9/2016,sunny,SN,303,FR,FU,15,PP,L,A,10.5,NA,NA,NA,NA,NA,NA
6/9/2016,sunny,SN,303,FR,FU,16,PP,L,A,38.3,NA,NA,NA,NA,NA,NA
6/9/2016,sunny,SN,303,FR,FU,17,PP,L,A,28.4,NA,NA,NA,NA,NA,NA
6/9/2016,sunny,SN,303,FR,FU,18,PP,L,A,14.5,NA,NA,NA,NA,NA,NA
6/9/2016,sunny,SN,303,FR,FU,19,PP,L,A,22,NA,NA,NA,NA,NA,NA
6/9/2016,sunny,SN,303,FR,FU,20,PP,L,A,27.5,NA,NA,NA,NA,NA,NA
6/9/2016,sunny,SN,303,FR,FU,21,PP,L,A,28,NA,NA,NA,NA,NA,NA
6/9/2016,sunny,SN,303,FR,FU,22,PP,L,A,40.3,NA,NA,NA,NA,NA,NA
6/9/2016,sunny,SN,303,FR,FU,23,PP,L,A,42.5,NA,NA,NA,NA,NA,NA
6/9/2016,sunny,SN,303,FR,FU,24,PP,L,NA,2.9,NA,NA,NA,NA,NA,NA
6/9/2016,sunny,SN,303,FR,FU,25,PP,L,NA,2.5,NA,NA,NA,NA,NA,NA
6/9/2016,sunny,SN,303,FR,FU,26,PP,L,NA,1.8,NA,NA,NA,NA,NA,NA
6/9/2016,sunny,SN,303,FR,FU,27,PP,L,NA,2.9,NA,NA,NA,NA,NA,NA
6/9/2016,sunny,SN,303,FR,FU,28,PP,L,NA,2,NA,NA,NA,NA,NA,NA
6/9/2016,sunny,SN,303,FR,FU,29,PP,L,NA,3.1,NA,NA,NA,NA,NA,NA
6/9/2016,sunny,SN,303,FR,FU,30,PP,L,NA,2.3,NA,NA,NA,NA,NA,NA
6/9/2016,sunny,SN,303,FR,FU,31,PP,L,NA,2.3,NA,NA,NA,NA,NA,NA
6/9/2016,sunny,SN,303,FR,FU,32,PP,L,NA,2,NA,NA,NA,NA,NA,NA
6/9/2016,sunny,SN,303,FR,FU,33,PP,L,NA,2,NA,NA,NA,NA,NA,NA
6/9/2016,sunny,SN,303,FR,FU,34,PP,L,NA,3.3,NA,NA,NA,NA,NA,NA
6/9/2016,sunny,SN,303,FR,FU,35,PP,L,NA,2.6,NA,NA,NA,NA,NA,NA
6/9/2016,sunny,SN,303,FR,FU,36,PP,L,NA,3,NA,NA,NA,NA,NA,NA
6/9/2016,sunny,SN,303,FR,FU,37,PP,L,NA,3.5,NA,NA,NA,NA,NA,NA
6/9/2016,sunny,SN,303,FR,FU,38,PP,L,NA,2.1,NA,NA,NA,NA,NA,NA
6/9/2016,sunny,SN,303,FR,FU,39,PP,L,NA,2.1,NA,NA,NA,NA,NA,NA
6/9/2016,sunny,SN,303,FR,FU,40,PP,L,NA,2.6,NA,NA,NA,NA,NA,NA
6/9/2016,sunny,SN,303,FR,FU,41,PP,L,NA,2,NA,NA,NA,NA,NA,NA
6/9/2016,sunny,SN,303,FR,FU,42,PP,L,NA,2.3,NA,NA,NA,NA,NA,NA
6/9/2016,sunny,SN,303,FR,FU,43,PP,L,NA,1.2,NA,NA,NA,NA,NA,NA
6/9/2016,sunny,SN,303,FR,FU,44,PP,L,NA,2.1,NA,NA,NA,NA,NA,NA
6/9/2016,sunny,SN,303,FR,FU,45,PP,L,NA,2.9,NA,NA,NA,NA,NA,NA
6/9/2016,sunny,SN,303,FR,FU,46,PP,L,A,33.7,NA,NA,NA,NA,NA,NA
6/9/2016,sunny,SN,303,FR,FU,47,PP,L,NA,5.5,NA,NA,NA,NA,NA,NA
6/9/2016,sunny,SN,303,FR,FU,48,PP,L,NA,2,NA,NA,NA,NA,NA,NA
6/9/2016,sunny,SN,303,FR,FU,49,PP,L,NA,2,NA,NA,NA,NA,NA,NA
6/9/2016,sunny,SN,303,FR,FU,50,PP,L,NA,4.1,NA,NA,NA,NA,NA,NA
6/9/2016,sunny,SN,303,FR,FU,51,PP,L,NA,3.5,NA,NA,NA,NA,NA,NA
6/9/2016,sunny,SN,303,FR,FU,52,PP,L,A,15.2,NA,NA,NA,NA,NA,NA
6/9/2016,sunny,SN,303,FR,FU,53,PP,L,A,14.9,NA,NA,NA,NA,NA,NA
6/9/2016,sunny,SN,303,FR,FU,54,PP,L,NA,2.6,NA,NA,NA,NA,NA,NA
6/9/2016,sunny,SN,303,FR,FU,55,PP,1,NA,1.7,NA,NA,NA,NA,NA,NA
6/9/2016,sunny,SN,303,FR,FU,56,PP,L,NA,2,NA,NA,NA,NA,NA,NA
6/9/2016,sunny,SN,303,FR,FU,57,PP,L,NA,2,NA,NA,NA,NA,NA,NA
6/9/2016,sunny,SN,303,FR,FU,58,PP,L,NA,1.4,NA,NA,NA,NA,NA,NA
6/9/2016,sunny,SN,303,FR,FU,59,PP,L,NA,2.5,NA,NA,NA,NA,NA,NA
6/9/2016,sunny,SN,303,FR,FU,60,PP,L,NA,2,NA,NA,NA,NA,NA,NA
6/9/2016,sunny,SN,303,FR,FU,61,PP,L,NA,3,NA,NA,NA,NA,NA,NA
6/9/2016,sunny,SN,303,FR,FU,62,PP,L,A,13,NA,NA,NA,NA,NA,NA
6/9/2016,sunny,SN,303,FR,FU,63,PP,L,A,41.2,NA,NA,NA,NA,NA,NA
6/9/2016,sunny,SN,303,FR,FU,64,PP,L,A,39.1,NA,NA,NA,NA,NA,NA
6/9/2016,sunny,SN,303,FR,FU,65,PP,L,A,26.7,NA,NA,NA,NA,NA,NA
6/9/2016,sunny,SN,303,FR,FU,66,PP,L,A,30.6,NA,NA,NA,NA,NA,NA
6/9/2016,sunny,SN,303,FR,FU,67,PP,1,A,10.8,NA,NA,NA,NA,NA,NA
6/9/2016,sunny,SN,303,FR,FU,68,PP,L,NA,8.8,NA,NA,NA,NA,NA,NA
6/9/2016,sunny,SN,303,FR,FU,69,PP,L,NA,8.8,NA,NA,NA,NA,NA,NA
6/9/2016,sunny,SN,303,FR,FU,70,PP,L,A,34.5,NA,NA,NA,NA,NA,NA
6/9/2016,sunny,SN,303,FR,FU,71,PP,L,A,32.3,NA,NA,NA,NA,NA,NA
6/9/2016,sunny,SN,303,FR,FU,72,PP,L,A,31,NA,NA,NA,NA,NA,NA
6/9/2016,sunny,SN,303,FR,FU,73,PP,L,A,12.5,NA,NA,NA,NA,NA,NA
6/9/2016,sunny,SN,303,FR,FU,74,PP,L,A,14.4,NA,NA,NA,NA,NA,NA
6/9/2016,sunny,SN,303,FR,FU,75,PP,L,A,12.3,NA,NA,NA,NA,NA,NA
6/9/2016,sunny,SN,303,FR,FU,76,PP,L,NA,5.8,NA,NA,NA,NA,NA,NA
6/9/2016,sunny,SN,303,FR,FU,77,PP,L,A,20.9,NA,NA,NA,NA,NA,NA
6/9/2016,sunny,SN,303,FR,FU,78,PP,L,A,25.2,NA,NA,NA,NA,NA,NA
6/9/2016,sunny,SN,303,FR,FU,79,PP,L,NA,5.6,NA,NA,NA,NA,NA,NA
6/9/2016,sunny,SN,303,FR,FU,80,PP,L,A,12,NA,NA,NA,NA,NA,NA
6/9/2016,sunny,SN,303,FR,FU,81,PP,L,A,12.2,NA,NA,NA,NA,NA,NA
6/9/2016,sunny,SN,303,FR,FU,82,PP,L,NA,6.7,NA,NA,NA,NA,NA,NA
6/9/2016,sunny,SN,303,FR,FU,83,PP,L,NA,9,NA,NA,NA,NA,NA,NA
6/9/2016,sunny,SN,303,FR,FU,84,PP,L,A,10.5,NA,NA,NA,NA,NA,NA
6/9/2016,sunny,SN,303,FR,FU,85,PP,L,NA,5.5,NA,NA,NA,NA,NA,NA
6/9/2016,sunny,SN,303,FR,FU,86,PP,L,A,36,NA,NA,NA,NA,NA,NA
6/9/2016,sunny,SN,303,FR,FU,87,PP,L,A,31.5,NA,NA,NA,NA,NA,NA
6/9/2016,sunny,SN,303,FR,FU,88,PP,L,NA,5.2,NA,NA,NA,NA,NA,NA
6/9/2016,sunny,SN,303,FR,FU,89,PP,L,NA,5.4,NA,NA,NA,NA,NA,NA
6/9/2016,sunny,SN,303,FR,FU,90,PP,L,NA,5.5,NA,NA,NA,NA,NA,NA
6/9/2016,sunny,SN,303,FR,FU,91,PP,L,NA,9.8,NA,NA,NA,NA,NA,NA
6/9/2016,sunny,SN,303,FR,FU,92,PP,L,A,12.7,NA,NA,NA,NA,NA,NA
6/9/2016,sunny,SN,303,FR,FU,93,PP,L,NA,7.5,NA,NA,NA,NA,NA,NA
6/9/2016,sunny,SN,303,FR,FU,94,PP,L,A,30.7,NA,NA,NA,NA,NA,NA
6/9/2016,sunny,SN,303,FR,FU,95,PP,L,NA,8.2,NA,NA,NA,NA,NA,NA
6/9/2016,sunny,SN,303,FR,FU,96,PP,L,A,21.9,NA,NA,NA,NA,NA,NA
6/9/2016,sunny,SN,303,FR,FU,97,PP,L,NA,4,NA,NA,NA,NA,NA,NA
6/9/2016,sunny,SN,303,FR,FU,98,PP,L,A,40.4,NA,NA,NA,NA,NA,NA
6/9/2016,sunny,SN,303,FR,FU,99,PP,L,NA,9.2,NA,NA,NA,NA,NA,NA
6/9/2016,sunny,SN,303,FR,FU,100,PP,L,NA,4.2,NA,NA,NA,NA,NA,NA
6/9/2016,sunny,SN,303,FR,FU,101,PP,L,NA,5.7,NA,NA,NA,NA,NA,NA
6/9/2016,sunny,SN,303,FR,FU,102,PP,1,NA,8.3,NA,NA,NA,NA,NA,NA
6/9/2016,sunny,SN,303,FR,FU,103,PP,L,NA,5.1,NA,NA,NA,NA,NA,NA
6/9/2016,sunny,SN,303,FR,FU,104,PP,L,A,12.3,NA,NA,NA,NA,NA,NA
9/6/2016,Sunny,SN,303,FR,FU,105,PP,L,A,28,NA,NA,NA,NA,NA,NA
9/6/2016,Sunny,SN,303,FR,FU,106,PP,L,NA,8.8,NA,NA,NA,NA,NA,NA
9/6/2016,Sunny,SN,303,FR,FU,107,PP,L,NA,9.2,NA,NA,NA,NA,NA,NA
9/6/2016,Sunny,SN,303,FR,FU,108,PP,L,A,18.2,NA,NA,NA,NA,NA,NA
9/6/2016,Sunny,SN,303,FR,FU,109,PP,L,A,14.3,NA,NA,NA,NA,NA,NA
23/5/16,Sunny,EK,304,FR,GU,NA,NA,NA,NA,NA,NA,NA,NA,NA,NA,NA
23/5/16,Sunny,EK,305,FR,GU,NA,NA,NA,NA,NA,NA,NA,NA,NA,NA,NA
23/5/16,Sunny,EK,306,FR,GU,NA,NA,NA,NA,NA,NA,NA,NA,NA,NA,NA
6/8/2016,sunny,SN,307,FR,GU,NA,NA,NA,NA,NA,NA,NA,NA,NA,NA,NA
6/10/2016,sunny,SN,400,FR,FU,1,PP,L,A,19,NA,NA,NA,NA,NA,NA
6/10/2016,sunny,SN,400,FR,FU,2,PP,L,NA,3.1,NA,NA,NA,NA,NA,NA
6/10/2016,sunny,SN,400,FR,FU,3,PP,L,NA,6.3,NA,NA,NA,NA,NA,NA
6/10/2016,sunny,SN,400,FR,FU,4,PP,L,A,24.2,NA,NA,NA,NA,NA,NA
6/10/2016,sunny,SN,400,FR,FU,5,PP,L,A,15.5,NA,NA,NA,NA,NA,NA
6/10/2016,sunny,SN,400,FR,FU,6,PP,L,A,10.7,NA,NA,NA,NA,NA,NA
6/10/2016,sunny,SN,400,FR,FU,7,PP,L,A,13.8,NA,NA,NA,NA,NA,NA
6/10/2016,sunny,SN,400,FR,FU,8,PP,L,NA,9.3,NA,NA,NA,NA,NA,NA
6/10/2016,sunny,SN,400,FR,FU,9,PP,L,A,19,NA,NA,NA,NA,NA,NA
6/10/2016,sunny,SN,400,FR,FU,10,PP,L,A,35.7,NA,NA,NA,NA,NA,NA
6/10/2016,sunny,SN,400,FR,FU,11,PP,L,NA,7,NA,NA,NA,NA,NA,NA
6/10/2016,sunny,SN,400,FR,FU,12,PP,L,A,20.5,NA,NA,NA,NA,NA,NA
6/10/2016,sunny,SN,400,FR,FU,13,PP,L,NA,8.7,NA,NA,NA,NA,NA,NA
6/10/2016,sunny,SN,400,FR,FU,14,PP,L,A,12.6,NA,NA,NA,NA,NA,NA
6/10/2016,sunny,SN,400,FR,FU,15,PP,L,A,13.3,NA,NA,NA,NA,NA,NA
6/10/2016,sunny,SN,400,FR,FU,16,PP,L,A,19,NA,NA,NA,NA,NA,NA
6/10/2016,sunny,SN,400,FR,FU,17,PP,L,A,13.6,NA,NA,NA,NA,NA,NA
6/10/2016,sunny,SN,400,FR,FU,18,PP,L,A,29.4,NA,NA,NA,NA,NA,NA
6/10/2016,sunny,SN,400,FR,FU,19,PP,L,A,16,NA,NA,NA,NA,NA,NA
6/10/2016,sunny,SN,400,FR,FU,20,PP,L,A,24,NA,NA,NA,NA,NA,NA
6/10/2016,sunny,SN,400,FR,FU,21,PP,L,A,14.2,NA,NA,NA,NA,NA,NA
6/10/2016,sunny,SN,400,FR,FU,22,PP,L,A,11.8,NA,NA,NA,NA,NA,NA
6/10/2016,sunny,SN,400,FR,FU,23,PP,L,A,12.1,NA,NA,NA,NA,NA,NA
6/10/2016,sunny,SN,400,FR,FU,24,PP,L,A,17.7,NA,NA,NA,NA,NA,NA
6/10/2016,sunny,SN,400,FR,FU,25,PP,L,A,10.6,NA,NA,NA,NA,NA,NA
6/10/2016,sunny,SN,400,FR,FU,26,PP,L,A,12.2,NA,NA,NA,NA,NA,NA
6/10/2016,sunny,SN,400,FR,FU,27,PP,L,A,16,NA,NA,NA,NA,NA,NA
6/10/2016,sunny,SN,400,FR,FU,28,PP,L,A,14.5,NA,NA,NA,NA,NA,NA
6/10/2016,sunny,SN,400,FR,FU,29,PP,L,A,19.7,NA,NA,NA,NA,NA,NA
6/10/2016,sunny,SN,400,FR,FU,30,PP,L,A,19.5,NA,NA,NA,NA,NA,NA
6/10/2016,sunny,SN,400,FR,FU,31,PP,L,A,10.5,NA,NA,NA,NA,NA,NA
6/10/2016,sunny,SN,400,FR,FU,32,PP,L,A,16.4,NA,NA,NA,NA,NA,NA
6/10/2016,sunny,SN,400,FR,FU,33,PP,L,A,12.2,NA,NA,NA,NA,NA,NA
6/10/2016,sunny,SN,400,FR,FU,34,PP,L,A,17.1,NA,NA,NA,NA,NA,NA
6/10/2016,sunny,SN,400,FR,FU,35,PP,L,A,12.3,NA,NA,NA,NA,NA,NA
6/10/2016,sunny,SN,400,FR,FU,36,PP,L,A,13.2,NA,NA,NA,NA,NA,NA
6/10/2016,sunny,SN,400,FR,FU,37,PP,2,A,15.2,NA,NA,NA,NA,NA,NA
6/10/2016,sunny,SN,400,FR,FU,38,PP,L,A,10.9,NA,NA,NA,NA,NA,NA
6/10/2016,sunny,SN,400,FR,FU,39,PP,L,A,15.3,NA,NA,NA,NA,NA,NA
6/10/2016,sunny,SN,400,FR,FU,40,PP,L,NA,8.8,NA,NA,NA,NA,NA,NA
6/10/2016,sunny,SN,400,FR,FU,41,PP,L,NA,10,NA,NA,NA,NA,NA,NA
6/10/2016,sunny,SN,400,FR,FU,42,PP,L,NA,7.8,NA,NA,NA,NA,NA,NA
6/10/2016,sunny,SN,400,FR,FU,43,PP,L,NA,6.3,NA,NA,NA,NA,NA,NA
6/10/2016,sunny,SN,400,FR,FU,44,PP,L,A,28.1,NA,NA,NA,NA,NA,NA
6/10/2016,sunny,SN,400,FR,FU,45,PP,L,NA,9.1,NA,NA,NA,NA,NA,NA
6/10/2016,sunny,SN,400,FR,FU,46,PP,L,A,22,NA,NA,NA,NA,NA,NA
6/10/2016,sunny,SN,400,FR,FU,47,PP,2,NA,7.6,NA,NA,NA,NA,NA,NA
6/10/2016,sunny,SN,400,FR,FU,48,PP,L,A,28.4,NA,NA,NA,NA,NA,NA
6/10/2016,sunny,SN,400,FR,FU,49,PP,L,A,26.8,NA,NA,NA,NA,NA,NA
6/10/2016,sunny,SN,400,FR,FU,50,PP,L,A,23.5,NA,NA,NA,NA,NA,NA
6/10/2016,sunny,SN,400,FR,FU,51,PP,L,A,30.4,NA,NA,NA,NA,NA,NA
6/10/2016,sunny,SN,400,FR,FU,52,PP,L,NA,8,NA,NA,NA,NA,NA,NA
6/10/2016,sunny,SN,400,FR,FU,53,PP,L,NA,9.7,NA,NA,NA,NA,NA,NA
6/10/2016,sunny,SN,400,FR,FU,54,PP,L,A,18.5,NA,NA,NA,NA,NA,NA
6/10/2016,sunny,SN,400,FR,FU,55,PP,L,A,18.5,NA,NA,NA,NA,NA,NA
6/10/2016,sunny,SN,400,FR,FU,56,PP,L,A,18,NA,NA,NA,NA,NA,NA
6/10/2016,sunny,SN,400,FR,FU,57,PP,L,A,22,NA,NA,NA,NA,NA,NA
6/10/2016,sunny,SN,400,FR,FU,58,PP,L,A,23.7,NA,NA,NA,NA,NA,NA
6/10/2016,sunny,SN,400,FR,FU,59,PP,L,A,13.6,NA,NA,NA,NA,NA,NA
6/10/2016,sunny,SN,400,FR,FU,60,PP,L,A,14.3,NA,NA,NA,NA,NA,NA
6/10/2016,sunny,SN,400,FR,FU,61,PP,L,A,16,NA,NA,NA,NA,NA,NA
6/10/2016,sunny,SN,400,FR,FU,62,PP,L,A,10.2,NA,NA,NA,NA,NA,NA
6/10/2016,sunny,SN,400,FR,FU,63,PP,L,NA,8,NA,NA,NA,NA,NA,NA
6/10/2016,sunny,SN,400,FR,FU,64,PP,L,A,23.7,NA,NA,NA,NA,NA,NA
6/10/2016,sunny,SN,400,FR,FU,65,PP,L,A,14.7,NA,NA,NA,NA,NA,NA
6/10/2016,sunny,SN,400,FR,FU,66,PP,L,NA,2.8,NA,NA,NA,NA,NA,NA
6/10/2016,sunny,SN,400,FR,FU,67,PP,L,A,12.6,NA,NA,NA,NA,NA,NA
6/10/2016,sunny,SN,400,FR,FU,68,PP,L,A,19.7,NA,NA,NA,NA,NA,NA
6/10/2016,sunny,SN,400,FR,FU,69,PP,L,A,20,NA,NA,NA,NA,NA,NA
6/10/2016,sunny,SN,400,FR,FU,70,PP,L,A,13.7,NA,NA,NA,NA,NA,NA
6/10/2016,sunny,SN,400,FR,FU,71,PP,L,A,14.3,NA,NA,NA,NA,NA,NA
6/10/2016,sunny,SN,400,FR,FU,72,PP,L,NA,9.2,NA,NA,NA,NA,NA,NA
6/10/2016,sunny,SN,400,FR,FU,73,PP,L,A,24.5,NA,NA,NA,NA,NA,NA
6/10/2016,sunny,SN,400,FR,FU,74,PP,L,A,20.1,NA,NA,NA,NA,NA,NA
6/10/2016,sunny,SN,400,FR,FU,75,PP,L,A,11.5,NA,NA,NA,NA,NA,NA
6/10/2016,sunny,SN,400,FR,FU,76,PP,L,A,11,NA,NA,NA,NA,NA,NA
6/10/2016,sunny,SN,400,FR,FU,77,PP,L,A,12.8,NA,NA,NA,NA,NA,NA
6/10/2016,sunny,SN,400,FR,FU,78,PP,L,A,20.6,NA,NA,NA,NA,NA,NA
6/10/2016,sunny,SN,400,FR,FU,79,PP,L,A,14.5,NA,NA,NA,NA,NA,NA
6/10/2016,sunny,SN,400,FR,FU,80,PP,L,A,12.4,NA,NA,NA,NA,NA,NA
6/10/2016,sunny,SN,400,FR,FU,81,PP,L,A,19.3,NA,NA,NA,NA,NA,NA
6/10/2016,sunny,SN,400,FR,FU,82,PP,L,A,27.4,NA,NA,NA,NA,NA,NA
6/10/2016,sunny,SN,400,FR,FU,83,PP,L,NA,7.6,NA,NA,NA,NA,NA,NA
6/10/2016,sunny,SN,400,FR,FU,84,PP,L,A,13.2,NA,NA,NA,NA,NA,NA
6/10/2016,sunny,SN,400,FR,FU,85,PP,L,A,14.1,NA,NA,NA,NA,NA,NA
6/10/2016,sunny,SN,400,FR,FU,86,PP,L,A,18,NA,NA,NA,NA,NA,NA
6/10/2016,sunny,SN,400,FR,FU,87,PP,L,A,15.5,NA,NA,NA,NA,NA,NA
6/10/2016,sunny,SN,400,FR,FU,88,PP,L,A,19.3,NA,NA,NA,NA,NA,NA
6/10/2016,sunny,SN,400,FR,FU,89,PP,L,A,26.9,NA,NA,NA,NA,NA,NA
6/10/2016,sunny,SN,400,FR,FU,90,PP,1,A,10.3,NA,NA,NA,NA,NA,NA
6/10/2016,sunny,SN,400,FR,FU,91,PP,L,A,20.3,NA,NA,NA,NA,NA,NA
6/10/2016,sunny,SN,400,FR,FU,92,PP,L,NA,7,NA,NA,NA,NA,NA,NA
6/10/2016,sunny,SN,400,FR,FU,93,PP,L,A,25.9,NA,NA,NA,NA,NA,NA
6/10/2016,sunny,SN,400,FR,FU,94,PP,L,A,28,NA,NA,NA,NA,NA,NA
6/10/2016,sunny,SN,400,FR,FU,95,PP,L,A,20.4,NA,NA,NA,NA,NA,NA
6/10/2016,sunny,SN,400,FR,FU,96,PP,L,A,29.6,NA,NA,NA,NA,NA,NA
6/10/2016,sunny,SN,400,FR,FU,97,PP,L,A,23,NA,NA,NA,NA,NA,NA
6/10/2016,sunny,SN,400,FR,FU,98,PP,L,A,17.6,NA,NA,NA,NA,NA,NA
6/10/2016,sunny,SN,400,FR,FU,99,PP,L,A,18.7,NA,NA,NA,NA,NA,NA
6/10/2016,sunny,SN,400,FR,FU,100,PP,L,A,25,NA,NA,NA,NA,NA,NA
6/10/2016,sunny,SN,400,FR,FU,101,PP,L,A,36.6,NA,NA,NA,NA,NA,NA
6/10/2016,sunny,SN,400,FR,FU,102,PP,1,NA,9.4,NA,NA,NA,NA,NA,NA
6/10/2016,sunny,SN,400,FR,FU,103,PP,L,A,14.7,NA,NA,NA,NA,NA,NA
6/10/2016,sunny,SN,400,FR,FU,104,PP,L,A,10.5,NA,NA,NA,NA,NA,NA
6/10/2016,sunny,SN,400,FR,FU,105,PP,L,A,18.2,NA,NA,NA,NA,NA,NA
6/10/2016,sunny,SN,400,FR,FU,106,PP,L,A,18,NA,NA,NA,NA,NA,NA
6/10/2016,sunny,SN,400,FR,FU,107,PP,L,A,11.2,NA,NA,NA,NA,NA,NA
6/10/2016,sunny,SN,400,FR,FU,108,PP,L,NA,5.3,NA,NA,NA,NA,NA,NA
6/10/2016,sunny,SN,400,FR,FU,109,PP,L,A,12.8,NA,NA,NA,NA,NA,NA
6/10/2016,sunny,SN,400,FR,FU,110,PP,L,A,25,NA,NA,NA,NA,NA,NA
6/10/2016,sunny,SN,400,FR,FU,111,PP,L,A,19,NA,NA,NA,NA,NA,NA
6/10/2016,sunny,SN,400,FR,FU,112,PP,L,A,15,NA,NA,NA,NA,NA,NA
6/10/2016,sunny,SN,400,FR,FU,113,PP,L,A,15.5,NA,NA,NA,NA,NA,NA
6/9/2016,sunny,SN,401,FR,FU,1,PP,L,A,22,NA,NA,NA,NA,NA,NA
6/9/2016,sunny,SN,401,FR,FU,2,PP,1,A,16.8,NA,NA,NA,NA,NA,NA
6/9/2016,sunny,SN,401,FR,FU,3,PP,L,A,25.5,NA,NA,NA,NA,NA,NA
6/9/2016,sunny,SN,401,FR,FU,4,PP,2,A,25.9,NA,NA,NA,NA,NA,NA
6/9/2016,sunny,SN,401,FR,FU,5,PP,L,A,27.5,NA,NA,NA,NA,NA,NA
6/9/2016,sunny,SN,401,FR,FU,6,PP,2,A,27.7,NA,NA,NA,NA,NA,NA
6/9/2016,sunny,SN,401,FR,FU,7,PP,1,NA,9.6,NA,NA,NA,NA,NA,NA
6/9/2016,sunny,SN,401,FR,FU,8,PP,L,A,14.3,NA,NA,NA,NA,NA,NA
6/9/2016,sunny,SN,401,FR,FU,9,PP,L,A,37,NA,NA,NA,NA,NA,NA
6/9/2016,sunny,SN,401,FR,FU,10,PP,L,A,14.9,NA,NA,NA,NA,NA,NA
6/9/2016,sunny,SN,401,FR,FU,11,PP,L,A,10.1,NA,NA,NA,NA,NA,NA
6/9/2016,sunny,SN,401,FR,FU,12,PP,L,A,45,NA,NA,NA,NA,NA,NA
6/9/2016,sunny,SN,401,FR,FU,13,PP,L,A,22.9,NA,NA,NA,NA,NA,NA
6/9/2016,sunny,SN,401,FR,FU,14,PP,L,A,30.5,NA,NA,NA,NA,NA,NA
6/9/2016,sunny,SN,401,FR,FU,15,PP,L,A,14.2,NA,NA,NA,NA,NA,NA
6/9/2016,sunny,SN,401,FR,FU,16,PP,L,A,16.5,NA,NA,NA,NA,NA,NA
6/9/2016,sunny,SN,401,FR,FU,17,PP,L,A,11.2,NA,NA,NA,NA,NA,NA
6/9/2016,sunny,SN,401,FR,FU,18,PP,L,A,13.5,NA,NA,NA,NA,NA,NA
6/9/2016,sunny,SN,401,FR,FU,19,PP,L,A,17.5,NA,NA,NA,NA,NA,NA
6/9/2016,sunny,SN,401,FR,FU,20,PP,1,A,10.7,NA,NA,NA,NA,NA,NA
6/9/2016,sunny,SN,401,FR,FU,21,PP,L,A,25.9,NA,NA,NA,NA,NA,NA
6/9/2016,sunny,SN,401,FR,FU,22,PP,L,A,11.3,NA,NA,NA,NA,NA,NA
6/9/2016,sunny,SN,401,FR,FU,23,PP,L,A,15.4,NA,NA,NA,NA,NA,NA
6/9/2016,sunny,SN,401,FR,FU,24,PP,L,A,12.5,NA,NA,NA,NA,NA,NA
6/9/2016,sunny,SN,401,FR,FU,25,PP,L,A,27.1,NA,NA,NA,NA,NA,NA
6/9/2016,sunny,SN,401,FR,FU,26,PP,2,NA,5.9,NA,NA,NA,NA,NA,NA
6/9/2016,sunny,SN,401,FR,FU,27,PP,L,A,14.7,NA,NA,NA,NA,NA,NA
6/9/2016,sunny,SN,401,FR,FU,28,PP,L,A,29.3,NA,NA,NA,NA,NA,NA
6/9/2016,sunny,SN,401,FR,FU,29,PP,L,A,38,NA,NA,NA,NA,NA,NA
6/9/2016,sunny,SN,401,FR,FU,30,PP,L,A,29,NA,NA,NA,NA,NA,NA
6/9/2016,sunny,SN,401,FR,FU,31,PP,L,A,13.9,NA,NA,NA,NA,NA,NA
6/9/2016,sunny,SN,401,FR,FU,32,PP,L,A,29.2,NA,NA,NA,NA,NA,NA
6/9/2016,sunny,SN,401,FR,FU,33,PP,L,NA,5.9,NA,NA,NA,NA,NA,NA
6/9/2016,sunny,SN,401,FR,FU,34,PP,L,A,26.6,NA,NA,NA,NA,NA,NA
6/9/2016,sunny,SN,401,FR,FU,35,PP,L,A,30.8,NA,NA,NA,NA,NA,NA
6/9/2016,sunny,SN,401,FR,FU,36,PP,L,A,20.5,NA,NA,NA,NA,NA,NA
6/9/2016,sunny,SN,401,FR,FU,37,PP,L,A,12.2,NA,NA,NA,NA,NA,NA
6/9/2016,sunny,SN,401,FR,FU,38,PP,L,A,20.5,NA,NA,NA,NA,NA,NA
6/9/2016,sunny,SN,401,FR,FU,39,PP,L,A,34.8,NA,NA,NA,NA,NA,NA
6/9/2016,sunny,SN,401,FR,FU,40,PP,L,A,21.7,NA,NA,NA,NA,NA,NA
6/9/2016,sunny,SN,401,FR,FU,41,PP,L,A,25.4,NA,NA,NA,NA,NA,NA
6/9/2016,sunny,SN,401,FR,FU,42,PP,L,A,22.1,NA,NA,NA,NA,NA,NA
6/9/2016,sunny,SN,401,FR,FU,43,PP,L,A,34.5,NA,NA,NA,NA,NA,NA
6/9/2016,sunny,SN,401,FR,FU,44,PP,1,A,13.3,NA,NA,NA,NA,NA,NA
6/9/2016,sunny,SN,401,FR,FU,45,PP,L,A,29.5,NA,NA,NA,NA,NA,NA
6/9/2016,sunny,SN,401,FR,FU,46,PP,L,A,28,NA,NA,NA,NA,NA,NA
6/9/2016,sunny,SN,401,FR,FU,47,PP,L,A,21.6,NA,NA,NA,NA,NA,NA
6/9/2016,sunny,SN,401,FR,FU,48,PP,L,A,51.2,NA,NA,NA,NA,NA,NA
6/9/2016,sunny,SN,401,FR,FU,49,PP,L,A,12.4,NA,NA,NA,NA,NA,NA
6/9/2016,sunny,SN,401,FR,FU,50,PP,L,A,12.8,NA,NA,NA,NA,NA,NA
6/9/2016,sunny,SN,401,FR,FU,51,PP,1,NA,3.9,NA,NA,NA,NA,NA,NA
6/9/2016,sunny,SN,401,FR,FU,52,PP,L,A,21.3,NA,NA,NA,NA,NA,NA
6/9/2016,sunny,SN,401,FR,FU,53,PP,L,A,16.5,NA,NA,NA,NA,NA,NA
6/9/2016,sunny,SN,401,FR,FU,54,PP,L,NA,8,NA,NA,NA,NA,NA,NA
6/9/2016,sunny,SN,401,FR,FU,55,PP,L,A,11.2,NA,NA,NA,NA,NA,NA
6/9/2016,sunny,SN,401,FR,FU,56,PP,L,A,22,NA,NA,NA,NA,NA,NA
6/9/2016,sunny,SN,401,FR,FU,57,PP,L,NA,5.4,NA,NA,NA,NA,NA,NA
6/9/2016,sunny,SN,401,FR,FU,58,PP,L,A,19.6,NA,NA,NA,NA,NA,NA
6/9/2016,sunny,SN,401,FR,FU,59,PP,L,A,10.2,NA,NA,NA,NA,NA,NA
6/9/2016,sunny,SN,401,FR,FU,60,PP,L,A,22.5,NA,NA,NA,NA,NA,NA
6/9/2016,sunny,SN,401,FR,FU,61,PP,L,A,13.7,NA,NA,NA,NA,NA,NA
6/9/2016,sunny,SN,401,FR,FU,62,PP,L,A,23.2,NA,NA,NA,NA,NA,NA
6/9/2016,sunny,SN,401,FR,FU,63,PP,L,A,25.2,NA,NA,NA,NA,NA,NA
6/9/2016,sunny,SN,401,FR,FU,64,PP,L,A,12,NA,NA,NA,NA,NA,NA
6/9/2016,sunny,SN,401,FR,FU,65,PP,L,A,20.9,NA,NA,NA,NA,NA,NA
6/9/2016,sunny,SN,401,FR,FU,66,PP,L,A,23.1,NA,NA,NA,NA,NA,NA
6/9/2016,sunny,SN,401,FR,FU,67,PP,L,A,16.6,NA,NA,NA,NA,NA,NA
6/9/2016,sunny,SN,401,FR,FU,68,PP,L,A,21.5,NA,NA,NA,NA,NA,NA
6/9/2016,sunny,SN,401,FR,FU,69,PP,L,A,29.7,NA,NA,NA,NA,NA,NA
6/9/2016,sunny,SN,401,FR,FU,70,PP,L,A,25.9,NA,NA,NA,NA,NA,NA
6/8/2016,sunny,SN,402,FR,FU,1,PP,L,A,29,NA,NA,NA,NA,NA,NA
6/8/2016,sunny,SN,402,FR,FU,2,PP,L,A,28,NA,NA,NA,NA,NA,NA
6/8/2016,sunny,SN,402,FR,FU,3,PP,1,NA,3.3,NA,NA,NA,NA,NA,NA
6/8/2016,sunny,SN,402,FR,FU,4,PP,1,NA,5.8,NA,NA,NA,NA,NA,NA
6/8/2016,sunny,SN,402,FR,FU,5,PP,L,A,11,NA,NA,NA,NA,NA,NA
6/8/2016,sunny,SN,402,FR,FU,6,PP,L,A,12.6,NA,NA,NA,NA,NA,NA
6/8/2016,sunny,SN,402,FR,FU,7,PP,L,A,15,NA,NA,NA,NA,NA,NA
6/8/2016,sunny,SN,402,FR,FU,8,PP,L,A,12.8,NA,NA,NA,NA,NA,NA
6/8/2016,sunny,SN,402,FR,FU,9,PP,L,A,16,NA,NA,NA,NA,NA,NA
6/8/2016,sunny,SN,402,FR,FU,10,PP,L,A,16.9,NA,NA,NA,NA,NA,NA
6/8/2016,sunny,SN,402,FR,FU,11,PP,L,A,19,NA,NA,NA,NA,NA,NA
6/8/2016,sunny,SN,402,FR,FU,12,PP,L,A,14.9,NA,NA,NA,NA,NA,NA
6/8/2016,sunny,SN,402,FR,FU,13,PP,1,NA,7.8,NA,NA,NA,NA,NA,NA
6/8/2016,sunny,SN,402,FR,FU,14,PP,L,A,15,NA,NA,NA,NA,NA,NA
6/8/2016,sunny,SN,402,FR,FU,15,PP,1,NA,7.5,NA,NA,NA,NA,NA,NA
6/8/2016,sunny,SN,402,FR,FU,16,PP,L,A,12.2,NA,NA,NA,NA,NA,NA
6/8/2016,sunny,SN,402,FR,FU,17,PP,L,A,11.5,NA,NA,NA,NA,NA,NA
6/8/2016,sunny,SN,402,FR,FU,18,PP,1,NA,4.1,NA,NA,NA,NA,NA,NA
6/8/2016,sunny,SN,402,FR,FU,19,PP,L,A,11.2,NA,NA,NA,NA,NA,NA
6/8/2016,sunny,SN,402,FR,FU,20,PP,L,NA,6.7,NA,NA,NA,NA,NA,NA
6/8/2016,sunny,SN,402,FR,FU,21,PP,1,NA,5.6,NA,NA,NA,NA,NA,NA
6/8/2016,sunny,SN,402,FR,FU,22,PP,L,NA,9,NA,NA,NA,NA,NA,NA
6/8/2016,sunny,SN,402,FR,FU,23,PP,L,A,25,NA,NA,NA,NA,NA,NA
6/8/2016,sunny,SN,402,FR,FU,24,PP,L,A,14.7,NA,NA,NA,NA,NA,NA
6/8/2016,sunny,SN,402,FR,FU,25,PP,L,NA,9.2,NA,NA,NA,NA,NA,NA
6/8/2016,sunny,SN,402,FR,FU,26,PP,1,NA,7.5,NA,NA,NA,NA,NA,NA
6/8/2016,sunny,SN,402,FR,FU,27,PP,L,NA,9.2,NA,NA,NA,NA,NA,NA
6/8/2016,sunny,SN,402,FR,FU,28,PP,1,NA,8.8,NA,NA,NA,NA,NA,NA
6/8/2016,sunny,SN,402,FR,FU,29,PP,2,P,47,E,S, 1/2,7.8,7.6,7.7
6/8/2016,sunny,SN,402,FR,FU,29,PP,2,P,47,E,S, 1/2,7.8,7.6,7.7
6/8/2016,sunny,SN,402,FR,FU,29,PP,2,P,47,E,S, 1/1,7.8,7.6,7.7
6/8/2016,sunny,SN,402,FR,FU,29,PP,2,P,47,E,E, 1/2,8.8,8.6,8.7
6/8/2016,sunny,SN,402,FR,FU,29,PP,2,P,47,E,W, 1/2,6.4,6.6,6.5
6/8/2016,sunny,SN,402,FR,FU,30,PP,L,A,12.5,NA,NA,NA,NA,NA,NA
6/8/2016,sunny,SN,402,FR,FU,31,PP,L,A,16.5,NA,NA,NA,NA,NA,NA
6/8/2016,sunny,SN,402,FR,FU,32,PP,L,A,12.6,NA,NA,NA,NA,NA,NA
6/8/2016,sunny,SN,402,FR,FU,33,PP,L,A,21.7,NA,NA,NA,NA,NA,NA
6/8/2016,sunny,SN,402,FR,FU,34,PP,L,A,22.2,NA,NA,NA,NA,NA,NA
6/8/2016,sunny,SN,402,FR,FU,35,PP,1,NA,8.5,NA,NA,NA,NA,NA,NA
6/8/2016,sunny,SN,402,FR,FU,36,PP,L,NA,9.7,NA,NA,NA,NA,NA,NA
6/8/2016,sunny,SN,402,FR,FU,37,PP,L,A,11.9,NA,NA,NA,NA,NA,NA
6/8/2016,sunny,SN,402,FR,FU,38,PP,L,A,12.8,NA,NA,NA,NA,NA,NA
6/8/2016,sunny,SN,402,FR,FU,39,PP,L,NA,9.2,NA,NA,NA,NA,NA,NA
6/8/2016,sunny,SN,402,FR,FU,40,PP,L,A,10.7,NA,NA,NA,NA,NA,NA
6/8/2016,sunny,SN,402,FR,FU,41,PP,L,A,19.8,NA,NA,NA,NA,NA,NA
6/8/2016,sunny,SN,402,FR,FU,42,PP,L,A,13.9,NA,NA,NA,NA,NA,NA
6/8/2016,sunny,SN,402,FR,FU,43,PP,L,NA,10,NA,NA,NA,NA,NA,NA
6/8/2016,sunny,SN,402,FR,FU,44,PP,L,A,12.2,NA,NA,NA,NA,NA,NA
6/8/2016,sunny,SN,402,FR,FU,45,PP,L,A,15.4,NA,NA,NA,NA,NA,NA
6/8/2016,sunny,SN,402,FR,FU,46,PP,L,A,10.4,NA,NA,NA,NA,NA,NA
6/8/2016,sunny,SN,402,FR,FU,47,PP,L,A,12,NA,NA,NA,NA,NA,NA
6/8/2016,sunny,SN,402,FR,FU,48,PP,L,A,22,NA,NA,NA,NA,NA,NA
6/8/2016,sunny,SN,402,FR,FU,49,PP,L,A,14.4,NA,NA,NA,NA,NA,NA
6/8/2016,sunny,SN,402,FR,FU,50,PP,L,A,15.2,NA,NA,NA,NA,NA,NA
6/8/2016,sunny,SN,402,FR,FU,51,PP,L,A,21.5,NA,NA,NA,NA,NA,NA
6/8/2016,sunny,SN,402,FR,FU,52,PP,L,A,15.1,NA,NA,NA,NA,NA,NA
6/8/2016,sunny,SN,402,FR,FU,53,PP,L,A,15.5,NA,NA,NA,NA,NA,NA
6/8/2016,sunny,SN,402,FR,FU,54,PP,L,A,11,NA,NA,NA,NA,NA,NA
6/8/2016,sunny,SN,402,FR,FU,55,PP,1,NA,9.8,NA,NA,NA,NA,NA,NA
6/8/2016,sunny,SN,402,FR,FU,56,PP,L,A,11.9,NA,NA,NA,NA,NA,NA
6/8/2016,sunny,SN,402,FR,FU,57,PP,L,NA,8.5,NA,NA,NA,NA,NA,NA
6/8/2016,sunny,SN,402,FR,FU,58,PP,L,A,21.5,NA,NA,NA,NA,NA,NA
6/8/2016,sunny,SN,402,FR,FU,59,PP,L,A,16,NA,NA,NA,NA,NA,NA
6/8/2016,sunny,SN,402,FR,FU,60,PP,L,A,21.5,NA,NA,NA,NA,NA,NA
6/8/2016,sunny,SN,402,FR,FU,61,PP,L,A,13.8,NA,NA,NA,NA,NA,NA
6/8/2016,sunny,SN,402,FR,FU,62,PP,L,A,21.2,NA,NA,NA,NA,NA,NA
6/8/2016,sunny,SN,402,FR,FU,63,PP,L,A,10.7,NA,NA,NA,NA,NA,NA
6/8/2016,sunny,SN,402,FR,FU,64,PP,L,A,24.5,NA,NA,NA,NA,NA,NA
6/8/2016,sunny,SN,402,FR,FU,65,PP,1,NA,7.5,NA,NA,NA,NA,NA,NA
6/8/2016,sunny,SN,402,FR,FU,66,PP,L,A,24.5,NA,NA,NA,NA,NA,NA
6/8/2016,sunny,SN,402,FR,FU,67,PP,L,NA,8.2,NA,NA,NA,NA,NA,NA
6/8/2016,sunny,SN,402,FR,FU,68,PP,L,A,21.1,NA,NA,NA,NA,NA,NA
6/8/2016,sunny,SN,402,FR,FU,69,PP,L,A,22.2,NA,NA,NA,NA,NA,NA
6/8/2016,sunny,SN,402,FR,FU,70,PP,L,NA,8.2,NA,NA,NA,NA,NA,NA
6/8/2016,sunny,SN,402,FR,FU,71,PP,L,A,12.5,NA,NA,NA,NA,NA,NA
6/8/2016,sunny,SN,402,FR,FU,72,PP,L,A,15.5,NA,NA,NA,NA,NA,NA
6/8/2016,sunny,SN,402,FR,FU,73,PP,L,A,17.5,NA,NA,NA,NA,NA,NA
6/8/2016,sunny,SN,402,FR,FU,74,PP,L,A,22.2,NA,NA,NA,NA,NA,NA
6/8/2016,sunny,SN,402,FR,FU,75,PP,L,A,18.5,NA,NA,NA,NA,NA,NA
6/8/2016,sunny,SN,402,FR,FU,76,PP,L,A,24.8,NA,NA,NA,NA,NA,NA
6/8/2016,sunny,SN,402,FR,FU,77,PP,L,A,13.1,NA,NA,NA,NA,NA,NA
6/8/2016,sunny,SN,402,FR,FU,78,PP,L,A,23.1,NA,NA,NA,NA,NA,NA
6/8/2016,sunny,SN,402,FR,FU,79,PP,L,A,10.8,NA,NA,NA,NA,NA,NA
6/8/2016,sunny,SN,402,FR,FU,80,PP,L,A,16.1,NA,NA,NA,NA,NA,NA
6/8/2016,sunny,SN,402,FR,FU,81,PP,3,NA,4,NA,NA,NA,NA,NA,NA
6/8/2016,sunny,SN,402,FR,FU,82,PP,L,A,13.7,NA,NA,NA,NA,NA,NA
6/8/2016,sunny,SN,402,FR,FU,83,PP,2,NA,6.1,NA,NA,NA,NA,NA,NA
6/8/2016,sunny,SN,402,FR,FU,84,PP,L,NA,9.9,NA,NA,NA,NA,NA,NA
6/8/2016,sunny,SN,402,FR,FU,85,PP,L,A,24,NA,NA,NA,NA,NA,NA
6/8/2016,sunny,SN,402,FR,FU,86,PP,L,A,15.5,NA,NA,NA,NA,NA,NA
6/8/2016,sunny,SN,402,FR,FU,87,PP,L,A,15.3,NA,NA,NA,NA,NA,NA
6/8/2016,sunny,SN,402,FR,FU,88,PP,L,A,21.5,NA,NA,NA,NA,NA,NA
6/8/2016,sunny,SN,402,FR,FU,89,PP,1,A,17.9,NA,NA,NA,NA,NA,NA
6/8/2016,sunny,SN,402,FR,FU,90,PP,L,A,13.8,NA,NA,NA,NA,NA,NA
6/8/2016,sunny,SN,402,FR,FU,91,PP,L,A,24,NA,NA,NA,NA,NA,NA
6/8/2016,sunny,SN,402,FR,FU,92,PP,L,P,25,E,NW, 1/2,8,7.8,7.9
6/8/2016,sunny,SN,402,FR,FU,92,PP,L,P,25,E,NW, 1/2,6.4,7,6.7
6/8/2016,sunny,SN,402,FR,FU,92,PP,L,P,25,E,NE, 1/2,7,7.4,7.2
6/8/2016,sunny,SN,402,FR,FU,92,PP,L,P,25,E,NE, 1/1,7,7.4,7.2
6/8/2016,sunny,SN,402,FR,FU,92,PP,L,P,25,E,NE, 1/3,7,7.2,7.1
6/8/2016,sunny,SN,402,FR,FU,92,PP,L,P,25,E,SW, 1/3,2,2.4,2.2
6/8/2016,sunny,SN,402,FR,FU,93,PP,L,A,24.2,NA,NA,NA,NA,NA,NA
6/8/2016,sunny,SN,402,FR,FU,94,PP,L,A,15.8,NA,NA,NA,NA,NA,NA
6/8/2016,sunny,SN,402,FR,FU,95,PP,L,A,14.5,NA,NA,NA,NA,NA,NA
6/8/2016,sunny,SN,402,FR,FU,96,PP,L,A,13.3,NA,NA,NA,NA,NA,NA
6/8/2016,sunny,SN,402,FR,FU,97,PP,L,A,21.5,NA,NA,NA,NA,NA,NA
6/8/2016,sunny,SN,402,FR,FU,98,PP,L,NA,8.5,NA,NA,NA,NA,NA,NA
6/8/2016,sunny,SN,402,FR,FU,99,PP,L,A,12.5,NA,NA,NA,NA,NA,NA
6/8/2016,sunny,SN,402,FR,FU,100,PP,L,NA,4,NA,NA,NA,NA,NA,NA
6/8/2016,sunny,SN,402,FR,FU,101,PP,L,A,18,NA,NA,NA,NA,NA,NA
6/8/2016,sunny,SN,402,FR,FU,102,PP,L,A,25,NA,NA,NA,NA,NA,NA
6/8/2016,sunny,SN,402,FR,FU,103,PP,L,A,13.2,NA,NA,NA,NA,NA,NA
6/8/2016,sunny,SN,402,FR,FU,104,PP,L,A,27.3,NA,NA,NA,NA,NA,NA
6/8/2016,sunny,SN,402,FR,FU,105,PP,L,NA,6,NA,NA,NA,NA,NA,NA
6/8/2016,sunny,SN,402,FR,FU,106,PP,L,A,12.1,NA,NA,NA,NA,NA,NA
6/8/2016,sunny,SN,402,FR,FU,107,PP,L,A,11.1,NA,NA,NA,NA,NA,NA
6/8/2016,sunny,SN,402,FR,FU,108,PP,L,A,18,NA,NA,NA,NA,NA,NA
6/8/2016,sunny,SN,402,FR,FU,109,PP,L,A,12,NA,NA,NA,NA,NA,NA
6/8/2016,sunny,SN,402,FR,FU,110,PP,L,NA,9.1,NA,NA,NA,NA,NA,NA
6/8/2016,sunny,SN,402,FR,FU,111,PP,L,A,14.2,NA,NA,NA,NA,NA,NA
6/8/2016,sunny,SN,402,FR,FU,112,PP,1,NA,8.8,NA,NA,NA,NA,NA,NA
6/8/2016,sunny,SN,402,FR,FU,113,PP,1,NA,3.5,NA,NA,NA,NA,NA,NA
6/8/2016,sunny,SN,402,FR,FU,114,PP,L,A,27.1,NA,NA,NA,NA,NA,NA
6/8/2016,sunny,SN,402,FR,FU,115,PP,1,NA,6.8,NA,NA,NA,NA,NA,NA
6/8/2016,sunny,SN,402,FR,FU,116,PP,L,NA,8.2,NA,NA,NA,NA,NA,NA
6/8/2016,sunny,SN,402,FR,FU,117,PP,L,A,12.9,NA,NA,NA,NA,NA,NA
6/8/2016,sunny,SN,402,FR,FU,118,PP,L,A,18.4,NA,NA,NA,NA,NA,NA
6/8/2016,sunny,SN,402,FR,FU,119,PP,L,A,16.6,NA,NA,NA,NA,NA,NA
6/8/2016,sunny,SN,402,FR,FU,120,PP,L,A,12,NA,NA,NA,NA,NA,NA
6/8/2016,sunny,SN,402,FR,FU,121,PP,L,NA,4.5,NA,NA,NA,NA,NA,NA
6/8/2016,sunny,SN,402,FR,FU,122,PP,L,A,12.1,NA,NA,NA,NA,NA,NA
6/8/2016,sunny,SN,402,FR,FU,123,PP,L,NA,8.5,NA,NA,NA,NA,NA,NA
6/8/2016,sunny,SN,402,FR,FU,124,PP,L,A,21,NA,NA,NA,NA,NA,NA
6/8/2016,sunny,SN,402,FR,FU,125,PP,L,NA,3,NA,NA,NA,NA,NA,NA
6/8/2016,sunny,SN,402,FR,FU,126,PP,L,NA,3,NA,NA,NA,NA,NA,NA
6/8/2016,sunny,SN,402,FR,FU,127,PP,L,NA,7,NA,NA,NA,NA,NA,NA
6/8/2016,sunny,SN,402,FR,FU,128,PP,L,A,17,NA,NA,NA,NA,NA,NA
6/8/2016,sunny,SN,402,FR,FU,129,PP,L,A,14.8,NA,NA,NA,NA,NA,NA
6/8/2016,sunny,SN,402,FR,FU,130,PP,L,A,10.5,NA,NA,NA,NA,NA,NA
6/8/2016,sunny,SN,402,FR,FU,131,PP,L,A,10.4,NA,NA,NA,NA,NA,NA
6/8/2016,sunny,SN,402,FR,FU,132,PP,L,A,13,NA,NA,NA,NA,NA,NA
6/8/2016,sunny,SN,402,FR,FU,133,PP,L,A,15.1,NA,NA,NA,NA,NA,NA
6/8/2016,sunny,SN,402,FR,FU,134,JUNI,L,NA,5.5,NA,NA,NA,NA,NA,NA
6/8/2016,sunny,SN,402,FR,FU,135,JUNI,L,NA,7.5,NA,NA,NA,NA,NA,NA
6/8/2016,sunny,SN,402,FR,FU,136,PP,L,A,12.8,NA,NA,NA,NA,NA,NA
6/8/2016,sunny,SN,402,FR,FU,137,PP,1,NA,7.2,NA,NA,NA,NA,NA,NA
6/8/2016,sunny,SN,402,FR,FU,138,PP,L,NA,9.2,NA,NA,NA,NA,NA,NA
6/8/2016,sunny,SN,402,FR,FU,139,PP,L,A,10.8,NA,NA,NA,NA,NA,NA
6/8/2016,sunny,SN,402,FR,FU,140,PP,L,A,10.7,NA,NA,NA,NA,NA,NA
6/8/2016,sunny,SN,402,FR,FU,141,PP,1,NA,5.6,NA,NA,NA,NA,NA,NA
6/8/2016,sunny,SN,402,FR,FU,142,PP,L,A,18.6,NA,NA,NA,NA,NA,NA
6/8/2016,sunny,SN,402,FR,FU,143,PP,L,A,16.5,NA,NA,NA,NA,NA,NA
6/8/2016,sunny,SN,402,FR,FU,144,PP,L,A,14.5,NA,NA,NA,NA,NA,NA
6/8/2016,sunny,SN,402,FR,FU,145,PP,L,NA,7.3,NA,NA,NA,NA,NA,NA
6/8/2016,sunny,SN,402,FR,FU,146,PP,L,A,12.4,NA,NA,NA,NA,NA,NA
6/8/2016,sunny,SN,402,FR,FU,147,PP,L,NA,8,NA,NA,NA,NA,NA,NA
6/8/2016,sunny,SN,402,FR,FU,148,PP,L,A,16.5,NA,NA,NA,NA,NA,NA
6/8/2016,sunny,SN,402,FR,FU,149,PP,1,NA,6.4,NA,NA,NA,NA,NA,NA
6/8/2016,sunny,SN,402,FR,FU,150,PP,L,NA,6.2,NA,NA,NA,NA,NA,NA
6/8/2016,sunny,SN,402,FR,FU,151,PP,L,NA,8.5,NA,NA,NA,NA,NA,NA
6/8/2016,sunny,SN,402,FR,FU,152,PP,L,NA,5,NA,NA,NA,NA,NA,NA
6/8/2016,sunny,SN,402,FR,FU,153,PP,L,A,29.5,NA,NA,NA,NA,NA,NA
6/8/2016,sunny,SN,402,FR,FU,154,PP,L,A,14.6,NA,NA,NA,NA,NA,NA
6/8/2016,sunny,SN,402,FR,FU,155,PP,L,A,16.4,NA,NA,NA,NA,NA,NA
6/8/2016,sunny,SN,402,FR,FU,156,PP,2,P,44.4,E,W, 1/1,1.5,1.5,1.5
6/8/2016,sunny,SN,402,FR,FU,156,PP,2,P,44.4,E,W, 2/8,1.8,1.8,1.8
6/8/2016,sunny,SN,402,FR,FU,156,PP,2,P,44.4,E,SW, 1/1,1.6,1.6,1.6
6/8/2016,sunny,SN,402,FR,FU,156,PP,2,P,44.4,E,W, 1/1,1,1,1
6/8/2016,sunny,SN,402,FR,FU,156,PP,2,P,44.4,E,W, 1/1,1.4,1.4,1.4
6/8/2016,sunny,SN,402,FR,FU,156,PP,2,P,44.4,E,W, 1/1,1.4,1.4,1.4
6/8/2016,sunny,SN,402,FR,FU,156,PP,2,P,44.4,E,W, 1/1,1.6,1.6,1.6
6/8/2016,sunny,SN,402,FR,FU,156,PP,2,P,44.4,E,W, 1/1,1.8,1.8,1.8
6/8/2016,sunny,SN,402,FR,FU,156,PP,2,P,44.4,E,W, 1/2,2.6,2.6,2.6
6/8/2016,sunny,SN,402,FR,FU,156,PP,2,P,44.4,E,W, 1/2,2.6,2.8,2.7
6/8/2016,sunny,SN,402,FR,FU,156,PP,2,P,44.4,E,W, 1/1,4.6,4,4.3
6/8/2016,sunny,SN,402,FR,FU,156,PP,2,P,44.4,E,W, 1/1,4,4,4
6/8/2016,sunny,SN,402,FR,FU,156,PP,2,P,44.4,E,W, 1/2,4,4,4
6/8/2016,sunny,SN,402,FR,FU,156,PP,2,P,44.4,E,W, 2/7,4,4,4
6/8/2016,sunny,SN,402,FR,FU,156,PP,2,P,44.4,E,W, 1/4,4.2,4.2,4.2
6/8/2016,sunny,SN,402,FR,FU,156,PP,2,P,44.4,E,SW, 1/1,4,4.4,4.2
6/8/2016,sunny,SN,402,FR,FU,156,PP,2,P,44.4,E,W, 1/1,7.2,7.2,7.2
6/8/2016,sunny,SN,402,FR,FU,156,PP,2,P,44.4,E,W, 1/1,7.2,7.2,7.2
6/8/2016,sunny,SN,402,FR,FU,156,PP,2,P,44.4,E,W, 1/1,7.2,7.2,7.2
6/8/2016,sunny,SN,402,FR,FU,156,PP,2,P,44.4,E,W, 1/3,7.2,7.2,7.2
6/8/2016,sunny,SN,402,FR,FU,156,PP,2,P,44.4,E,W, 2/8,7.2,7.2,7.2
6/8/2016,sunny,SN,402,FR,FU,156,PP,2,P,44.4,E,W, 1/1,7.2,7.2,7.2
6/8/2016,sunny,SN,402,FR,FU,156,PP,2,P,44.4,E,W, 1/3,7.2,7.2,7.2
6/8/2016,sunny,SN,402,FR,FU,156,PP,2,P,44.4,E,W, 1/2,7.2,7.2,7.2
6/8/2016,sunny,SN,402,FR,FU,156,PP,2,P,44.4,E,W, 1/1,7.2,7.2,7.2
6/8/2016,sunny,SN,402,FR,FU,156,PP,2,P,44.4,E,W, 1/2,9.4,8.8,9.1
6/8/2016,sunny,SN,402,FR,FU,156,PP,2,P,44.4,E,W, 1/1,9.4,8.8,9.1
6/8/2016,sunny,SN,402,FR,FU,156,PP,2,P,44.4,E,N, 1/3,1.8,1.8,1.8
6/8/2016,sunny,SN,402,FR,FU,156,PP,2,P,44.4,E,N, 1/1,3,3,3
6/8/2016,sunny,SN,402,FR,FU,156,PP,2,P,44.4,E,N, 1/1,3,3,3
9/6/2016,Sunny,SN,403,FR,FU,1,PP,L,NA,8.5,NA,NA,NA,NA,NA,NA
9/6/2016,Sunny,SN,403,FR,FU,2,PP,L,A,12.5,NA,NA,NA,NA,NA,NA
9/6/2016,Sunny,SN,403,FR,FU,3,PP,L,NA,9.1,NA,NA,NA,NA,NA,NA
9/6/2016,Sunny,SN,403,FR,FU,4,PP,L,A,32,NA,NA,NA,NA,NA,NA
9/6/2016,Sunny,SN,403,FR,FU,5,PP,L,A,12.6,NA,NA,NA,NA,NA,NA
9/6/2016,Sunny,SN,403,FR,FU,6,PP,L,A,15,NA,NA,NA,NA,NA,NA
9/6/2016,Sunny,SN,403,FR,FU,7,PP,L,A,17.8,NA,NA,NA,NA,NA,NA
9/6/2016,Sunny,SN,403,FR,FU,8,PP,L,NA,8.7,NA,NA,NA,NA,NA,NA
9/6/2016,Sunny,SN,403,FR,FU,9,PP,L,NA,6.8,NA,NA,NA,NA,NA,NA
9/6/2016,Sunny,SN,403,FR,FU,10,PP,L,NA,2.9,NA,NA,NA,NA,NA,NA
9/6/2016,Sunny,SN,403,FR,FU,11,PP,L,NA,4.5,NA,NA,NA,NA,NA,NA
9/6/2016,Sunny,SN,403,FR,FU,12,PP,L,NA,4.4,NA,NA,NA,NA,NA,NA
9/6/2016,Sunny,SN,403,FR,FU,13,PP,L,NA,2.8,NA,NA,NA,NA,NA,NA
9/6/2016,Sunny,SN,403,FR,FU,14,PP,L,A,12.7,NA,NA,NA,NA,NA,NA
9/6/2016,Sunny,SN,403,FR,FU,15,PP,L,A,13.8,NA,NA,NA,NA,NA,NA
9/6/2016,Sunny,SN,403,FR,FU,16,PP,L,A,24.5,NA,NA,NA,NA,NA,NA
9/6/2016,Sunny,SN,403,FR,FU,17,PP,L,A,19,NA,NA,NA,NA,NA,NA
9/6/2016,Sunny,SN,403,FR,FU,18,PP,1,NA,7.5,NA,NA,NA,NA,NA,NA
9/6/2016,Sunny,SN,403,FR,FU,19,PP,1,NA,6.5,NA,NA,NA,NA,NA,NA
9/6/2016,Sunny,SN,403,FR,FU,20,PP,L,A,39.7,NA,NA,NA,NA,NA,NA
9/6/2016,Sunny,SN,403,FR,FU,21,PP,L,A,10.7,NA,NA,NA,NA,NA,NA
9/6/2016,Sunny,SN,403,FR,FU,22,PP,L,A,12.2,NA,NA,NA,NA,NA,NA
9/6/2016,Sunny,SN,403,FR,FU,23,PP,L,NA,7.2,NA,NA,NA,NA,NA,NA
9/6/2016,Sunny,SN,403,FR,FU,24,PP,L,A,15.7,NA,NA,NA,NA,NA,NA
9/6/2016,Sunny,SN,403,FR,FU,25,PP,L,NA,9.7,NA,NA,NA,NA,NA,NA
9/6/2016,Sunny,SN,403,FR,FU,26,PP,1,NA,6.7,NA,NA,NA,NA,NA,NA
9/6/2016,Sunny,SN,403,FR,FU,27,PP,L,NA,9.7,NA,NA,NA,NA,NA,NA
9/6/2016,Sunny,SN,403,FR,FU,28,PP,L,A,10.6,NA,NA,NA,NA,NA,NA
9/6/2016,Sunny,SN,403,FR,FU,29,PP,L,NA,9.7,NA,NA,NA,NA,NA,NA
9/6/2016,Sunny,SN,403,FR,FU,30,PP,L,NA,9.5,NA,NA,NA,NA,NA,NA
9/6/2016,Sunny,SN,403,FR,FU,31,PP,L,A,12.5,NA,NA,NA,NA,NA,NA
9/6/2016,Sunny,SN,403,FR,FU,32,PP,1,NA,5.4,NA,NA,NA,NA,NA,NA
9/6/2016,Sunny,SN,403,FR,FU,33,PP,L,NA,8.5,NA,NA,NA,NA,NA,NA
9/6/2016,Sunny,SN,403,FR,FU,34,PP,L,A,27.1,NA,NA,NA,NA,NA,NA
9/6/2016,Sunny,SN,403,FR,FU,35,PP,L,NA,19.8,NA,NA,NA,NA,NA,NA
9/6/2016,Sunny,SN,403,FR,FU,36,PP,L,A,24.9,NA,NA,NA,NA,NA,NA
9/6/2016,Sunny,SN,403,FR,FU,37,PP,1,NA,7.5,NA,NA,NA,NA,NA,NA
9/6/2016,Sunny,SN,403,FR,FU,38,PP,L,A,27,NA,NA,NA,NA,NA,NA
9/6/2016,Sunny,SN,403,FR,FU,39,PP,1,A,12.7,NA,NA,NA,NA,NA,NA
9/6/2016,Sunny,SN,403,FR,FU,40,PP,L,A,16.6,NA,NA,NA,NA,NA,NA
9/6/2016,Sunny,SN,403,FR,FU,41,PP,L,A,12.2,NA,NA,NA,NA,NA,NA
9/6/2016,Sunny,SN,403,FR,FU,42,PP,L,A,28,NA,NA,NA,NA,NA,NA
9/6/2016,Sunny,SN,403,FR,FU,43,PP,1,A,18.2,NA,NA,NA,NA,NA,NA
9/6/2016,Sunny,SN,403,FR,FU,44,PP,L,A,18.3,NA,NA,NA,NA,NA,NA
9/6/2016,Sunny,SN,403,FR,FU,45,PP,L,A,17.9,NA,NA,NA,NA,NA,NA
9/6/2016,Sunny,SN,403,FR,FU,46,PP,L,A,11,NA,NA,NA,NA,NA,NA
9/6/2016,Sunny,SN,403,FR,FU,47,PP,L,A,23,NA,NA,NA,NA,NA,NA
9/6/2016,Sunny,SN,403,FR,FU,48,PP,L,A,23,NA,NA,NA,NA,NA,NA
9/6/2016,Sunny,SN,403,FR,FU,49,PP,L,A,11.5,NA,NA,NA,NA,NA,NA
9/6/2016,Sunny,SN,403,FR,FU,50,PP,L,A,17.9,NA,NA,NA,NA,NA,NA
9/6/2016,Sunny,SN,403,FR,FU,51,PP,L,A,19,NA,NA,NA,NA,NA,NA
9/6/2016,Sunny,SN,403,FR,FU,52,PP,L,A,11.9,NA,NA,NA,NA,NA,NA
9/6/2016,Sunny,SN,403,FR,FU,53,PP,L,A,19.2,NA,NA,NA,NA,NA,NA
6/9/2016,sunny,SN,403,FR,FU,54,PP,L,A,24,NA,NA,NA,NA,NA,NA
6/9/2016,sunny,SN,403,FR,FU,55,PP,L,A,21.5,NA,NA,NA,NA,NA,NA
6/9/2016,sunny,SN,403,FR,FU,56,PP,L,NA,5.8,NA,NA,NA,NA,NA,NA
6/9/2016,sunny,SN,403,FR,FU,57,PP,L,NA,5,NA,NA,NA,NA,NA,NA
6/9/2016,sunny,SN,403,FR,FU,58,PP,L,A,35.5,NA,NA,NA,NA,NA,NA
6/9/2016,sunny,SN,403,FR,FU,59,PP,L,A,33,NA,NA,NA,NA,NA,NA
6/9/2016,sunny,SN,403,FR,FU,60,PP,L,NA,5.5,NA,NA,NA,NA,NA,NA
6/9/2016,sunny,SN,403,FR,FU,61,PP,L,A,14.8,NA,NA,NA,NA,NA,NA
6/9/2016,sunny,SN,403,FR,FU,62,PP,L,A,13.5,NA,NA,NA,NA,NA,NA
6/9/2016,sunny,SN,403,FR,FU,63,PP,L,A,25,NA,NA,NA,NA,NA,NA
6/9/2016,sunny,SN,403,FR,FU,64,PP,L,NA,8.9,NA,NA,NA,NA,NA,NA
6/9/2016,sunny,SN,403,FR,FU,65,PP,L,A,26.5,NA,NA,NA,NA,NA,NA
6/9/2016,sunny,SN,403,FR,FU,66,PP,L,A,13.6,NA,NA,NA,NA,NA,NA
6/9/2016,sunny,SN,403,FR,FU,67,PP,1,A,18.2,NA,NA,NA,NA,NA,NA
6/9/2016,sunny,SN,403,FR,FU,68,PP,L,A,13,NA,NA,NA,NA,NA,NA
6/9/2016,sunny,SN,403,FR,FU,69,PP,L,A,21.6,NA,NA,NA,NA,NA,NA
6/9/2016,sunny,SN,403,FR,FU,70,PP,L,A,20.4,NA,NA,NA,NA,NA,NA
6/9/2016,sunny,SN,403,FR,FU,71,PP,L,A,50.2,NA,NA,NA,NA,NA,NA
6/9/2016,sunny,SN,403,FR,FU,72,PP,L,A,16.5,NA,NA,NA,NA,NA,NA
6/9/2016,sunny,SN,403,FR,FU,73,PP,L,A,22.5,NA,NA,NA,NA,NA,NA
6/9/2016,sunny,SN,403,FR,FU,74,PP,L,A,16.9,NA,NA,NA,NA,NA,NA
6/9/2016,sunny,SN,403,FR,FU,75,PP,L,A,27.1,NA,NA,NA,NA,NA,NA
6/9/2016,sunny,SN,403,FR,FU,76,PP,L,A,18.8,NA,NA,NA,NA,NA,NA
6/9/2016,sunny,SN,403,FR,FU,77,PP,L,A,29,NA,NA,NA,NA,NA,NA
6/9/2016,sunny,SN,403,FR,FU,78,PP,L,A,27,NA,NA,NA,NA,NA,NA
6/9/2016,sunny,SN,403,FR,FU,79,PP,L,NA,7.1,NA,NA,NA,NA,NA,NA
6/9/2016,sunny,SN,403,FR,FU,80,PP,L,A,25.3,NA,NA,NA,NA,NA,NA
6/9/2016,sunny,SN,403,FR,FU,81,PP,L,A,11.5,NA,NA,NA,NA,NA,NA
6/9/2016,sunny,SN,403,FR,FU,82,PP,L,A,11.4,NA,NA,NA,NA,NA,NA
6/9/2016,sunny,SN,403,FR,FU,83,PP,L,NA,8.2,NA,NA,NA,NA,NA,NA
6/9/2016,sunny,SN,403,FR,FU,84,PP,L,A,15.5,NA,NA,NA,NA,NA,NA
6/9/2016,sunny,SN,403,FR,FU,85,PP,L,A,15,NA,NA,NA,NA,NA,NA
6/9/2016,sunny,SN,403,FR,FU,86,PP,L,A,25,NA,NA,NA,NA,NA,NA
6/9/2016,sunny,SN,403,FR,FU,87,PP,L,A,14.5,NA,NA,NA,NA,NA,NA
6/9/2016,sunny,SN,403,FR,FU,88,PP,L,NA,6.5,NA,NA,NA,NA,NA,NA
6/9/2016,sunny,SN,403,FR,FU,89,PP,L,A,27.2,NA,NA,NA,NA,NA,NA
6/9/2016,sunny,SN,403,FR,FU,90,PP,L,A,20.3,NA,NA,NA,NA,NA,NA
6/9/2016,sunny,SN,403,FR,FU,91,PP,L,A,27.5,NA,NA,NA,NA,NA,NA
6/9/2016,sunny,SN,403,FR,FU,92,PP,L,A,14,NA,NA,NA,NA,NA,NA
6/9/2016,sunny,SN,403,FR,FU,93,PP,L,A,20,NA,NA,NA,NA,NA,NA
6/9/2016,sunny,SN,403,FR,FU,94,PP,L,A,29.5,NA,NA,NA,NA,NA,NA
6/9/2016,sunny,SN,403,FR,FU,95,PP,2,A,15.1,NA,NA,NA,NA,NA,NA
6/9/2016,sunny,SN,403,FR,FU,96,PP,L,A,21.5,NA,NA,NA,NA,NA,NA
6/9/2016,sunny,SN,403,FR,FU,97,PP,L,A,19.4,NA,NA,NA,NA,NA,NA
6/9/2016,sunny,SN,403,FR,FU,98,PP,L,A,11.6,NA,NA,NA,NA,NA,NA
6/9/2016,sunny,SN,403,FR,FU,99,PP,L,A,15.4,NA,NA,NA,NA,NA,NA
6/9/2016,sunny,SN,403,FR,FU,100,PP,L,A,14.4,NA,NA,NA,NA,NA,NA
6/9/2016,sunny,SN,403,FR,FU,101,PP,L,A,23,NA,NA,NA,NA,NA,NA
6/9/2016,sunny,SN,403,FR,FU,102,PP,L,A,7.5,NA,NA,NA,NA,NA,NA
6/9/2016,sunny,SN,403,FR,FU,103,PP,L,A,11.6,NA,NA,NA,NA,NA,NA
6/9/2016,sunny,SN,403,FR,FU,104,PP,L,A,17.9,NA,NA,NA,NA,NA,NA
6/9/2016,sunny,SN,403,FR,FU,105,PP,L,A,13,NA,NA,NA,NA,NA,NA
6/9/2016,sunny,SN,403,FR,FU,106,PP,L,A,13.8,NA,NA,NA,NA,NA,NA
6/9/2016,sunny,SN,403,FR,FU,107,PP,L,A,21,NA,NA,NA,NA,NA,NA
6/9/2016,sunny,SN,403,FR,FU,108,PP,L,A,11.5,NA,NA,NA,NA,NA,NA
6/9/2016,sunny,SN,403,FR,FU,109,PP,L,A,23.5,NA,NA,NA,NA,NA,NA
6/9/2016,sunny,SN,403,FR,FU,110,PP,L,A,12.5,NA,NA,NA,NA,NA,NA
6/9/2016,sunny,SN,403,FR,FU,111,PP,L,A,16.4,NA,NA,NA,NA,NA,NA
6/9/2016,sunny,SN,403,FR,FU,112,PP,L,A,24.7,NA,NA,NA,NA,NA,NA
6/9/2016,sunny,SN,403,FR,FU,113,PP,L,NA,8.7,NA,NA,NA,NA,NA,NA
6/9/2016,sunny,SN,403,FR,FU,114,PP,L,NA,8.3,NA,NA,NA,NA,NA,NA
6/9/2016,sunny,SN,403,FR,FU,115,PP,L,NA,9.8,NA,NA,NA,NA,NA,NA
6/9/2016,sunny,SN,403,FR,FU,116,PP,L,A,17.8,NA,NA,NA,NA,NA,NA
6/9/2016,sunny,SN,403,FR,FU,117,PP,L,NA,8.1,NA,NA,NA,NA,NA,NA
6/9/2016,sunny,SN,403,FR,FU,118,PP,L,A,24.4,NA,NA,NA,NA,NA,NA
6/9/2016,sunny,SN,403,FR,FU,119,PP,L,A,10.7,NA,NA,NA,NA,NA,NA
6/9/2016,sunny,SN,403,FR,FU,120,PP,L,A,20.6,NA,NA,NA,NA,NA,NA
6/9/2016,sunny,SN,403,FR,FU,121,PP,L,A,12.3,NA,NA,NA,NA,NA,NA
6/9/2016,sunny,SN,403,FR,FU,122,PP,L,A,10.3,NA,NA,NA,NA,NA,NA
6/9/2016,sunny,SN,403,FR,FU,123,PP,L,A,20.4,NA,NA,NA,NA,NA,NA
6/9/2016,sunny,SN,403,FR,FU,124,PP,L,A,23.9,NA,NA,NA,NA,NA,NA
6/11/2016,sunny,SN,404,FR,GU,NA,NA,NA,NA,NA,NA,NA,NA,NA,NA,NA
6/8/2016,sunny,SN,405,FR,GU,NA,NA,NA,NA,NA,NA,NA,NA,NA,NA,NA
6/8/2016,sunny,SN,406,FR,GU,NA,NA,NA,NA,NA,NA,NA,NA,NA,NA,NA
6/15/2016,Sunny,SN,407,FR,GU,NA,NA,NA,NA,NA,NA,NA,NA,NA,NA,NA
6/14/2016,sunny,SN,408,FR,FH,1,PP,5,A,29.7,NA,NA,NA,NA,NA,NA
6/14/2016,sunny,SN,409,FR,FH,1,PP,4,P,48,N,W, 3/24,8.4,8.2,8.3
6/14/2016,sunny,SN,409,FR,FH,1,PP,4,P,48,N,W, 3/24,14,14,14
6/14/2016,sunny,SN,409,FR,FH,1,PP,4,P,48,E,E, 1/2,1.5,1.5,1.5
6/14/2016,sunny,SN,410,FR,FH,1,JUNI,4,A,11.5,NA,NA,NA,NA,NA,NA
6/14/2016,sunny,SN,410,FR,FH,2,JUNI,L,NA,1.2,NA,NA,NA,NA,NA,NA
6/14/2016,sunny,SN,410,FR,FH,3,JUNI,4,NA,8.5,NA,NA,NA,NA,NA,NA
6/14/2016,sunny,SN,410,FR,FH,4,PRVI,1,NA,5.8,NA,NA,NA,NA,NA,NA
6/14/2016,sunny,SN,411,FR,FH,1,PP,L,NA,4.4,NA,NA,NA,NA,NA,NA
6/14/2016,sunny,SN,411,FR,FH,2,PP,L,NA,7.2,NA,NA,NA,NA,NA,NA
6/14/2016,sunny,SN,411,FR,FH,3,PP,L,NA,4.5,NA,NA,NA,NA,NA,NA
6/14/2016,sunny,SN,411,FR,FH,4,PP,L,NA,2.8,NA,NA,NA,NA,NA,NA
6/14/2016,sunny,SN,412,FR,FL,1,PP,L,A,13,NA,NA,NA,NA,NA,NA
6/14/2016,sunny,SN,412,FR,FL,2,PP,L,A,19.8,NA,NA,NA,NA,NA,NA
6/14/2016,sunny,SN,412,FR,FL,3,PP,L,A,32.3,NA,NA,NA,NA,NA,NA
6/14/2016,sunny,SN,412,FR,FL,4,PP,L,A,30.4,NA,NA,NA,NA,NA,NA
6/14/2016,sunny,SN,412,FR,FL,5,PP,L,A,18.3,NA,NA,NA,NA,NA,NA
6/14/2016,sunny,SN,412,FR,FL,6,PP,L,A,21,NA,NA,NA,NA,NA,NA
6/14/2016,sunny,SN,412,FR,FL,7,PP,L,NA,3.1,NA,NA,NA,NA,NA,NA
6/14/2016,sunny,SN,412,FR,FL,8,PP,L,A,19.8,NA,NA,NA,NA,NA,NA
6/14/2016,sunny,SN,412,FR,FL,9,PP,L,A,11.8,NA,NA,NA,NA,NA,NA
6/14/2016,sunny,SN,412,FR,FL,10,PP,L,A,19.3,NA,NA,NA,NA,NA,NA
6/14/2016,sunny,SN,412,FR,FL,11,PP,L,A,46.2,NA,NA,NA,NA,NA,NA
6/14/2016,sunny,SN,412,FR,FL,12,PP,L,A,35.7,NA,NA,NA,NA,NA,NA
6/14/2016,sunny,SN,412,FR,FL,13,PP,2,A,15.8,NA,NA,NA,NA,NA,NA
6/14/2016,sunny,SN,412,FR,FL,14,PP,L,A,14.9,NA,NA,NA,NA,NA,NA
6/14/2016,sunny,SN,412,FR,FL,15,PP,L,A,32.2,NA,NA,NA,NA,NA,NA
6/14/2016,sunny,SN,412,FR,FL,16,PP,1,A,36.5,NA,NA,NA,NA,NA,NA
6/14/2016,sunny,SN,412,FR,FL,17,JUNI,3,A,10.7,NA,NA,NA,NA,NA,NA
6/14/2016,sunny,SN,412,FR,FL,18,JUNI,3,NA,8.9,NA,NA,NA,NA,NA,NA
6/14/2016,sunny,SN,412,FR,FL,19,JUNI,3,NA,8.6,NA,NA,NA,NA,NA,NA
6/14/2016,sunny,SN,412,FR,FL,20,JUNI,3,NA,7.3,NA,NA,NA,NA,NA,NA
6/14/2016,sunny,SN,412,FR,FL,21,PP,L,A,17.8,NA,NA,NA,NA,NA,NA
6/14/2016,sunny,SN,413,FR,FM,1,PP,L,A,62,NA,NA,NA,NA,NA,NA
6/14/2016,sunny,SN,413,FR,FM,2,PP,L,NA,3,NA,NA,NA,NA,NA,NA
6/14/2016,sunny,SN,413,FR,FM,3,PP,L,NA,2,NA,NA,NA,NA,NA,NA
6/14/2016,sunny,SN,413,FR,FM,4,PP,L,NA,6.3,NA,NA,NA,NA,NA,NA
6/14/2016,sunny,SN,413,FR,FM,5,PP,L,A,14.9,NA,NA,NA,NA,NA,NA
6/14/2016,sunny,SN,413,FR,FM,6,PP,L,NA,3,NA,NA,NA,NA,NA,NA
6/14/2016,sunny,SN,413,FR,FM,7,PP,L,A,39.5,NA,NA,NA,NA,NA,NA
6/14/2016,sunny,SN,413,FR,FM,8,PP,L,NA,2.5,NA,NA,NA,NA,NA,NA
6/14/2016,sunny,SN,413,FR,FM,9,PP,L,A,10,NA,NA,NA,NA,NA,NA
6/14/2016,sunny,SN,413,FR,FM,10,PP,L,A,22.3,NA,NA,NA,NA,NA,NA
6/14/2016,sunny,SN,413,FR,FM,11,PP,L,A,33,NA,NA,NA,NA,NA,NA
6/14/2016,sunny,SN,413,FR,FM,12,PP,L,A,40,NA,NA,NA,NA,NA,NA
6/14/2016,sunny,SN,413,FR,FM,13,PP,L,NA,3.3,NA,NA,NA,NA,NA,NA
6/14/2016,sunny,SN,413,FR,FM,14,PP,L,NA,7,NA,NA,NA,NA,NA,NA
6/14/2016,sunny,SN,413,FR,FM,15,PP,L,NA,2.4,NA,NA,NA,NA,NA,NA
6/14/2016,sunny,SN,413,FR,FM,16,PP,L,A,36.8,NA,NA,NA,NA,NA,NA
6/14/2016,sunny,SN,413,FR,FM,17,PP,L,A,32,NA,NA,NA,NA,NA,NA
6/14/2016,sunny,SN,413,FR,FM,18,PP,L,NA,2.1,NA,NA,NA,NA,NA,NA
6/14/2016,sunny,SN,413,FR,FM,19,PP,L,NA,4.7,NA,NA,NA,NA,NA,NA
6/14/2016,sunny,SN,413,FR,FM,20,PP,L,NA,3.7,NA,NA,NA,NA,NA,NA
6/14/2016,sunny,SN,413,FR,FM,21,PP,L,NA,6.4,NA,NA,NA,NA,NA,NA
6/14/2016,sunny,SN,413,FR,FM,22,PP,L,NA,6.9,NA,NA,NA,NA,NA,NA
6/14/2016,sunny,SN,413,FR,FM,23,PP,L,A,12.4,NA,NA,NA,NA,NA,NA
6/17/2016,Sunny,SN,414,FR,FM,1,ULAM,L,NA,5.1,NA,NA,NA,NA,NA,NA
6/17/2016,Sunny,SN,414,FR,FM,2,PP,L,NA,2.9,NA,NA,NA,NA,NA,NA
6/15/2016,Sunny,SN,415,FR,GB,NA,NA,NA,NA,NA,NA,NA,NA,NA,NA,NA
6/15/2016,sunny,SN,416,FR,GB,NA,NA,NA,NA,NA,NA,NA,NA,NA,NA,NA
6/16/2016,Sunny,SN,418,FR,FM,1,PP,5,A,33.1,NA,NA,NA,NA,NA,NA
6/16/2016,sunny,SN,419,FR,FM,1,PP,L,NA,6.8,NA,NA,NA,NA,NA,NA
6/16/2016,Sunny,SN,419,FR,FM,2,PP,L,A,15.2,NA,NA,NA,NA,NA,NA
6/16/2016,Sunny,SN,419,FR,FM,3,PP,L,A,15.7,NA,NA,NA,NA,NA,NA
6/16/2016,Sunny,SN,419,FR,FM,4,PP,L,A,22.7,NA,NA,NA,NA,NA,NA
6/16/2016,Sunny,SN,419,FR,FM,5,PP,L,NA,6.5,NA,NA,NA,NA,NA,NA
6/16/2016,Sunny,SN,419,FR,FM,6,PP,L,A,10.1,NA,NA,NA,NA,NA,NA
6/15/2016,sunny,SN,420,FR,GB,NA,NA,NA,NA,NA,NA,NA,NA,NA,NA,NA
6/16/2016,Sunny,SN,421,FR,GB,NA,NA,NA,NA,NA,NA,NA,NA,NA,NA,NA
6/17/2016,Sunny,SN,422,FR,FL,1,PP,1,A,14.1,NA,NA,NA,NA,NA,NA
6/17/2016,Sunny,SN,422,FR,FL,2,PP,1,A,19.5,NA,NA,NA,NA,NA,NA
6/17/2016,Sunny,SN,422,FR,FL,3,PP,1,A,17.5,NA,NA,NA,NA,NA,NA
6/17/2016,Sunny,SN,422,FR,FL,4,PP,1,P,28.1,E,W, 1/1,1.4,1.4,1.4
6/17/2016,Sunny,SN,422,FR,FL,4,PP,1,P,28.1,E,W, 1/1,1.8,1.8,1.8
6/17/2016,Sunny,SN,422,FR,FL,5,PP,1,A,10.5,NA,NA,NA,NA,NA,NA
6/17/2016,Sunny,SN,422,FR,FL,6,PP,1,A,38,NA,NA,NA,NA,NA,NA
6/17/2016,Sunny,SN,422,FR,FL,7,PP,2,A,37.9,NA,NA,NA,NA,NA,NA
6/17/2016,Sunny,SN,422,FR,FL,8,PP,L,A,38.7,NA,NA,NA,NA,NA,NA
6/17/2016,Sunny,SN,422,FR,FL,9,PP,L,A,24.3,NA,NA,NA,NA,NA,NA
6/17/2016,Sunny,SN,422,FR,FL,10,PP,1,A,27.4,NA,NA,NA,NA,NA,NA
6/17/2016,Sunny,SN,422,FR,FL,11,PP,1,A,20.6,NA,NA,NA,NA,NA,NA
6/17/2016,Sunny,SN,422,FR,FL,12,PP,L,A,20.3,NA,NA,NA,NA,NA,NA
6/17/2016,sunny,SN,423,FR,FL,1,PP,L,A,21.3,NA,NA,NA,NA,NA,NA
6/17/2016,sunny,SN,423,FR,FL,2,PP,L,NA,2.3,NA,NA,NA,NA,NA,NA
6/17/2016,sunny,SN,423,FR,FL,3,PP,L,A,34.6,NA,NA,NA,NA,NA,NA
6/17/2016,sunny,SN,423,FR,FL,4,PP,L,A,30.3,NA,NA,NA,NA,NA,NA
6/17/2016,sunny,SN,423,FR,FL,5,PP,L,NA,3.5,NA,NA,NA,NA,NA,NA
6/17/2016,sunny,SN,423,FR,FL,6,PP,L,NA,8.5,NA,NA,NA,NA,NA,NA
6/17/2016,sunny,SN,423,FR,FL,7,PP,L,NA,7,NA,NA,NA,NA,NA,NA
6/17/2016,sunny,SN,423,FR,FL,8,PP,L,A,18.7,NA,NA,NA,NA,NA,NA
6/17/2016,sunny,SN,423,FR,FL,9,PP,L,A,21.5,NA,NA,NA,NA,NA,NA
6/17/2016,sunny,SN,423,FR,FL,10,PP,L,A,12.4,NA,NA,NA,NA,NA,NA
6/17/2016,sunny,SN,423,FR,FL,11,PP,L,A,11.6,NA,NA,NA,NA,NA,NA
6/17/2016,sunny,SN,423,FR,FL,12,PP,L,A,19.3,NA,NA,NA,NA,NA,NA
6/8/2016,sunny,SN,424,FR,GU,NA,NA,NA,NA,NA,NA,NA,NA,NA,NA,NA
6/16/2016,Sunny,SN,417R,FR,FL,1,PP,L,NA,3.3,NA,NA,NA,NA,NA,NA
6/16/2016,Sunny,SN,417R,FR,FL,2,PP,L,NA,6.3,NA,NA,NA,NA,NA,NA
6/16/2016,Sunny,SN,417R,FR,FL,3,PP,L,NA,4.7,NA,NA,NA,NA,NA,NA
6/16/2016,Sunny,SN,417R,FR,FL,4,PP,L,A,64.4,NA,NA,NA,NA,NA,NA
6/16/2016,Sunny,SN,417R,FR,FL,5,PP,L,NA,3.5,NA,NA,NA,NA,NA,NA
6/16/2016,Sunny,SN,417R,FR,FL,6,PP,L,NA,4.5,NA,NA,NA,NA,NA,NA
6/16/2016,Sunny,SN,417R,FR,FL,7,PP,L,NA,5.3,NA,NA,NA,NA,NA,NA
6/16/2016,Sunny,SN,417R,FR,FL,8,PP,L,NA,6.6,NA,NA,NA,NA,NA,NA
6/16/2016,Sunny,SN,417R,FR,FL,9,PP,L,NA,5.2,NA,NA,NA,NA,NA,NA
6/16/2016,Sunny,SN,417R,FR,FL,10,PP,L,NA,4.1,NA,NA,NA,NA,NA,NA
6/16/2016,Sunny,SN,417R,FR,FL,11,PP,L,NA,6.8,NA,NA,NA,NA,NA,NA
6/16/2016,Sunny,SN,417R,FR,FL,12,PP,L,NA,7.6,NA,NA,NA,NA,NA,NA
6/16/2016,Sunny,SN,417R,FR,FL,13,PP,L,NA,6.3,NA,NA,NA,NA,NA,NA
6/16/2016,Sunny,SN,417R,FR,FL,14,PP,L,NA,6.5,NA,NA,NA,NA,NA,NA
6/16/2016,Sunny,SN,417R,FR,FL,15,PP,L,NA,9.3,NA,NA,NA,NA,NA,NA
6/16/2016,Sunny,SN,417R,FR,FL,16,PP,L,NA,7.2,NA,NA,NA,NA,NA,NA
6/16/2016,Sunny,SN,417R,FR,FL,17,PP,L,NA,7.8,NA,NA,NA,NA,NA,NA
6/16/2016,Sunny,SN,417R,FR,FL,18,PP,L,NA,4.3,NA,NA,NA,NA,NA,NA
6/16/2016,Sunny,SN,417R,FR,FL,19,PP,L,A,57.5,NA,NA,NA,NA,NA,NA
6/16/2016,Sunny,SN,417R,FR,FL,20,PP,L,A,20.2,NA,NA,NA,NA,NA,NA
6/16/2016,Sunny,SN,417R,FR,FL,21,PP,L,NA,2.3,NA,NA,NA,NA,NA,NA
